fips,last_5yr,since_2000,with_individual_assistance,hurricane_or_flood
01001,1,10,6,4
01003,0,15,7,9
01005,1,11,4,3
01007,1,8,6,3
01009,0,12,7,1
01011,0,9,4,2
01013,0,12,3,4
01015,1,9,8,2
01017,2,9,4,2
01019,0,11,6,2
01021,0,8,4,3
01023,0,9,4,5
01025,0,11,6,6
01027,1,9,5,3
01029,0,7,3,2
01031,0,10,3,3
01033,1,9,4,2
01035,1,8,2,3
01037,2,9,5,3
01039,0,12,3,4
01041,0,11,2,3
01043,0,11,6,2
01045,0,14,6,3
01047,1,11,5,5
01049,0,14,8,1
01051,2,10,5,3
01053,0,8,6,3
01055,0,10,9,1
01057,0,8,5,1
01059,0,7,4,1
01061,0,12,4,5
01063,1,9,6,3
01065,2,9,7,4
01067,0,12,5,3
01069,0,11,5,4
01071,0,10,4,1
01073,2,17,13,3
01075,0,13,5,2
01077,1,6,4,2
01079,0,7,6,1
01081,0,8,5,2
01083,0,7,6,1
01085,0,6,2,3
01087,1,10,4,3
01089,0,6,5,1
01091,0,7,5,4
01093,1,10,5,2
01095,0,10,7,1
01097,1,17,9,11
01099,0,10,4,6
01101,0,6,4,2
01103,2,8,6,1
01105,1,13,6,5
01107,0,8,5,4
01109,0,8,2,3
01111,2,9,4,3
01113,0,8,3,2
01115,0,9,7,1
01117,2,8,7,2
01119,1,6,5,3
01121,0,8,6,3
01123,2,8,5,2
01125,0,12,9,3
01127,0,9,6,1
01129,0,10,6,5
01131,0,9,4,4
01133,0,8,5,2
02013,0,2,1,0
02016,2,5,1,1
02020,0,4,3,0
02050,4,16,7,8
02060,0,2,1,0
02063,0,6,1,0
02066,0,6,1,0
02068,1,7,2,0
02070,0,4,2,1
02090,1,7,3,1
02100,1,2,1,0
02105,0,1,1,0
02110,2,3,2,1
02122,2,12,4,2
02130,1,2,1,0
02150,0,4,2,0
02158,3,8,4,3
02164,0,2,1,0
02170,1,12,3,3
02180,4,9,2,2
02185,0,6,1,1
02188,2,5,2,1
02195,1,2,1,0
02198,1,2,1,0
02220,0,1,1,0
02230,1,2,1,0
02240,2,9,4,4
02275,2,3,1,0
02282,0,1,1,0
02290,3,10,4,6
04001,1,5,2,1
04003,0,2,1,0
04005,1,6,2,1
04007,0,6,2,0
04009,0,3,1,0
04011,0,4,1,0
04012,0,4,2,1
04013,0,4,2,1
04015,0,4,1,0
04017,1,6,2,1
04019,0,3,1,0
04021,0,4,2,0
04023,0,2,1,0
04025,0,5,2,0
04027,0,1,1,0
05001,1,10,6,1
05003,0,5,2,1
05005,1,10,5,0
05007,1,12,9,0
05009,1,11,5,0
05011,1,13,2,1
05013,1,12,2,1
05015,1,11,5,0
05017,0,7,3,2
05019,1,13,4,2
05021,1,12,5,1
05023,0,13,5,0
05025,1,11,2,1
05027,0,8,3,0
05029,0,15,8,2
05031,2,14,5,1
05033,0,10,7,1
05035,1,7,6,1
05037,2,12,7,1
05039,2,13,3,2
05041,2,9,6,2
05043,1,10,2,1
05045,1,10,8,1
05047,0,15,4,1
05049,2,15,8,1
05051,1,8,5,2
05053,1,10,3,1
05055,3,15,8,1
05057,1,10,3,1
05059,2,10,6,2
05061,0,9,3,0
05063,1,16,5,0
05065,2,15,5,1
05067,3,18,10,1
05069,1,11,7,1
05071,0,11,3,1
05073,1,10,2,1
05075,2,13,6,1
05077,1,7,5,1
05079,1,13,4,2
05081,1,11,4,1
05083,0,9,4,1
05085,3,11,7,1
05087,1,15,5,1
05089,2,16,5,1
05091,1,10,6,1
05093,2,10,5,1
05095,1,10,4,1
05097,1,10,3,2
05099,3,15,3,1
05101,1,18,3,2
05103,2,14,3,1
05105,0,12,7,2
05107,0,8,5,0
05109,1,10,2,1
05111,3,16,6,1
05113,0,10,3,0
05115,0,7,5,1
05117,1,13,5,2
05119,2,13,10,2
05121,3,15,10,1
05123,1,8,6,1
05125,1,10,7,2
05127,1,10,3,1
05129,2,16,3,2
05131,0,7,6,1
05133,1,7,5,1
05135,3,14,5,1
05137,3,16,5,1
05139,0,6,3,0
05141,0,14,5,1
05143,0,9,5,1
05145,1,15,9,1
05147,2,14,7,1
05149,0,8,5,1
06001,2,8,2,3
06003,2,5,1,2
06005,2,8,2,2
06007,3,11,5,2
06009,2,10,3,3
06011,1,6,1,2
06013,1,6,3,3
06015,2,8,2,2
06017,3,10,2,3
06019,2,5,3,1
06021,3,6,1,2
06023,2,7,1,2
06025,2,6,2,1
06027,3,7,1,4
06029,2,8,4,3
06031,1,5,2,2
06033,2,12,6,1
06035,1,6,3,1
06037,4,16,10,2
06039,2,6,4,1
06041,2,9,2,2
06043,2,6,2,2
06045,2,11,7,2
06047,2,7,3,2
06049,1,5,1,2
06051,1,5,2,2
06053,3,10,5,2
06055,2,15,7,3
06057,3,10,5,2
06059,0,8,5,2
06061,2,6,2,1
06063,2,7,2,1
06065,1,12,6,3
06067,2,7,3,3
06069,2,5,2,2
06071,1,10,7,1
06073,2,12,8,4
06075,2,3,1,1
06077,2,7,2,2
06079,3,11,5,4
06081,2,8,3,3
06083,3,14,7,4
06085,2,6,3,2
06087,3,11,4,3
06089,1,8,4,1
06091,1,6,1,1
06093,2,8,3,3
06095,2,9,4,2
06097,2,11,5,2
06099,2,7,3,2
06101,2,6,1,2
06103,2,5,2,2
06105,3,11,3,3
06107,2,6,4,2
06109,2,10,2,3
06111,3,11,8,1
06113,1,8,2,3
06115,0,7,2,1
08001,0,4,3,2
08003,0,2,2,0
08005,1,4,3,2
08007,0,2,2,0
08009,1,5,2,2
08011,0,3,2,0
08013,1,5,4,2
08014,0,1,1,0
08015,0,2,2,0
08017,1,4,2,1
08019,0,3,3,1
08021,0,2,2,0
08023,0,2,2,0
08025,0,4,2,1
08027,0,3,2,0
08029,0,2,2,0
08031,0,4,2,2
08033,0,3,2,0
08035,1,3,2,1
08037,0,2,2,0
08039,1,4,2,2
08041,1,7,5,3
08043,0,5,4,2
08045,0,2,2,0
08047,0,3,2,1
08049,1,3,2,0
08051,0,2,2,0
08053,0,2,2,0
08055,0,2,2,0
08057,0,2,2,0
08059,1,4,3,2
08061,1,4,2,1
08063,1,3,2,1
08065,0,3,2,1
08067,0,2,2,0
08069,1,6,5,1
08071,0,2,2,0
08073,1,5,2,2
08075,1,5,2,3
08077,0,2,2,0
08079,0,2,2,0
08081,0,2,2,0
08083,0,2,2,0
08085,0,2,2,0
08087,0,4,2,2
08089,0,2,2,0
08091,0,3,2,0
08093,0,3,2,1
08095,0,2,1,0
08097,0,2,2,0
08099,1,3,1,1
08101,0,4,2,1
08103,0,2,2,0
08105,0,2,2,0
08107,0,2,2,0
08109,0,3,2,1
08111,0,2,2,0
08113,0,2,2,0
08115,0,4,1,2
08117,0,2,2,0
08119,1,4,2,1
08121,1,6,2,3
08123,0,5,4,1
08125,0,4,2,1
09110,1,10,3,3
09120,3,12,7,4
09130,2,13,6,4
09140,3,14,7,4
09150,2,13,6,4
09160,3,11,4,4
09170,3,13,7,4
09180,2,13,6,4
09190,3,13,7,4
10001,0,7,2,4
10003,1,8,3,5
10005,0,8,2,3
11001,0,12,3,3
12001,6,14,8,11
12003,7,17,9,11
12005,4,20,5,14
12007,6,15,8,11
12009,5,16,13,13
12011,4,15,7,12
12013,5,18,4,12
12015,6,18,10,13
12017,6,16,12,12
12019,6,17,9,12
12021,6,20,10,15
12023,7,15,9,11
12027,6,15,9,12
12029,6,19,12,13
12031,6,17,12,13
12033,3,16,5,12
12035,5,17,11,13
12037,5,20,6,16
12039,6,18,5,13
12041,6,15,10,11
12043,4,13,10,10
12045,5,20,5,15
12047,7,17,8,11
12049,5,15,8,11
12051,4,12,10,9
12053,6,15,10,11
12055,4,15,10,11
12057,6,14,12,11
12059,4,16,4,11
12061,3,13,10,11
12063,4,14,5,11
12065,6,21,7,14
12067,7,16,9,11
12069,5,15,12,11
12071,6,17,11,13
12073,6,19,9,13
12075,6,18,11,13
12077,6,19,6,13
12079,7,17,7,12
12081,6,18,14,13
12083,6,15,8,12
12085,3,15,9,12
12086,3,13,7,9
12087,4,16,7,12
12089,6,16,8,12
12091,3,17,6,13
12093,4,13,11,10
12095,5,14,10,11
12097,5,16,9,13
12099,3,15,9,12
12101,6,16,13,12
12103,6,14,12,11
12105,5,15,11,11
12107,6,18,10,13
12109,5,16,11,13
12111,3,15,9,12
12113,4,17,6,12
12115,6,19,12,14
12117,5,16,12,12
12119,6,14,7,11
12121,7,18,10,12
12123,7,19,11,14
12125,6,15,7,11
12127,5,18,15,12
12129,6,20,10,13
12131,3,15,6,11
12133,4,16,4,11
13001,3,9,2,6
13003,3,8,2,6
13005,3,8,2,6
13007,0,9,4,3
13009,1,4,1,2
13011,2,7,1,4
13013,0,4,1,1
13015,0,6,4,1
13017,1,6,3,4
13019,3,9,5,6
13021,0,4,2,2
13023,1,5,1,4
13025,3,9,3,6
13027,3,9,4,6
13029,2,5,4,4
13031,3,9,4,6
13033,3,8,3,5
13035,2,7,3,3
13037,0,7,2,3
13039,3,8,4,6
13043,3,9,2,7
13045,1,9,4,3
13047,0,5,3,1
13049,3,6,3,5
13051,2,5,5,4
13053,0,4,1,2
13055,0,4,2,1
13057,1,7,4,3
13059,0,3,1,1
13061,0,6,2,3
13063,0,3,2,2
13065,3,7,2,5
13067,0,5,3,2
13069,3,8,4,6
13071,3,10,4,6
13073,1,4,2,2
13075,3,9,4,6
13077,1,6,3,1
13079,0,8,2,3
13081,2,8,3,4
13083,0,6,3,2
13085,2,8,2,4
13087,1,8,4,4
13089,0,6,4,2
13091,1,6,2,4
13093,1,6,1,4
13095,0,8,6,3
13097,1,7,3,2
13099,0,6,4,3
13101,3,9,3,6
13103,2,5,4,4
13105,1,7,2,4
13107,2,9,3,6
13109,2,7,4,6
13111,2,8,1,3
13113,0,4,1,1
13115,0,5,3,1
13117,1,6,2,3
13119,2,7,2,4
13121,1,8,5,3
13123,3,9,2,4
13125,1,5,2,3
13127,2,7,5,5
13129,1,5,2,1
13131,1,7,3,4
13133,1,7,2,3
13135,0,4,2,1
13137,2,9,2,4
13139,1,5,1,2
13141,1,7,2,4
13143,1,6,1,2
13145,0,6,2,3
13147,1,6,1,3
13149,2,8,3,3
13151,1,4,2,1
13153,0,5,1,3
13155,1,6,2,4
13157,1,5,1,2
13159,2,8,2,3
13161,3,9,2,6
13163,1,7,4,3
13165,3,9,3,6
13167,1,7,3,4
13169,0,6,1,3
13171,1,9,2,3
13173,3,7,3,5
13175,1,6,4,4
13177,0,4,2,2
13179,2,5,5,4
13181,1,3,2,2
13183,2,6,4,5
13185,3,8,4,5
13187,3,9,2,4
13189,1,5,3,2
13191,2,8,5,5
13193,0,5,1,3
13195,1,6,2,3
13197,0,4,1,2
13199,1,6,3,1
13201,0,6,4,3
13205,1,8,5,3
13207,1,8,2,3
13209,2,8,3,5
13211,0,5,2,1
13213,0,2,1,1
13215,0,4,1,1
13217,2,9,5,2
13219,0,3,1,1
13221,1,6,1,2
13223,2,6,2,3
13225,0,5,1,3
13227,2,10,3,3
13229,3,8,3,6
13231,2,8,2,4
13233,0,4,3,1
13235,1,6,1,4
13237,1,6,1,4
13239,0,3,1,2
13241,3,9,4,5
13243,0,4,2,2
13245,1,4,2,2
13247,0,4,2,1
13249,0,4,1,3
13251,3,8,3,6
13253,0,4,2,2
13255,1,7,3,2
13257,2,8,3,4
13259,0,5,1,2
13261,0,5,3,3
13263,0,4,1,2
13265,1,7,2,3
13267,3,10,3,7
13269,0,6,2,2
13271,1,6,2,4
13273,0,3,2,2
13275,3,9,4,6
13277,3,9,5,6
13279,3,9,2,7
13281,1,5,2,3
13283,2,7,2,5
13285,1,5,3,1
13287,1,9,4,4
13289,1,7,2,4
13291,1,6,2,3
13293,0,10,2,3
13295,0,6,3,1
13297,0,3,1,1
13299,3,9,3,6
13301,1,5,3,2
13303,1,6,2,4
13305,3,8,3,6
13307,0,6,1,3
13309,1,6,3,4
13311,3,10,3,4
13313,0,3,1,1
13315,1,7,2,4
13317,1,8,2,4
13319,1,7,1,4
13321,1,9,5,4
15001,1,12,6,2
15003,1,9,5,3
15005,0,1,1,0
15007,1,10,3,4
15009,3,13,4,3
16001,0,3,2,1
16003,0,3,1,1
16005,0,2,2,0
16007,0,1,1,0
16009,1,7,1,1
16011,0,3,2,1
16013,0,3,2,1
16015,0,2,2,0
16017,1,8,1,2
16019,0,1,1,0
16021,0,4,1,1
16023,0,1,1,0
16025,0,2,1,1
16027,0,2,1,1
16029,0,1,1,0
16031,0,2,1,1
16033,0,1,1,0
16035,0,6,2,2
16037,0,3,2,1
16039,0,4,2,2
16041,0,2,1,1
16043,0,1,1,0
16045,0,2,1,0
16047,0,3,1,2
16049,1,8,2,4
16051,0,2,1,1
16053,0,3,2,1
16055,1,8,1,2
16057,0,5,1,2
16059,0,2,2,0
16061,1,6,2,2
16063,0,3,2,1
16065,0,1,1,0
16067,0,2,1,1
16069,0,5,1,2
16071,0,1,1,0
16073,0,2,1,0
16075,0,2,1,0
16077,0,2,2,0
16079,2,7,1,4
16081,0,1,1,0
16083,0,2,1,1
16085,0,5,2,2
16087,0,3,1,1
17001,0,9,5,3
17003,0,6,4,1
17005,0,4,2,0
17007,0,2,1,0
17009,0,5,4,1
17011,0,5,2,2
17013,1,9,5,3
17015,0,6,3,3
17017,0,6,2,2
17019,0,3,3,0
17021,1,5,2,0
17023,1,6,4,1
17025,0,3,2,0
17027,0,2,2,0
17029,1,5,3,0
17031,3,9,7,3
17033,0,5,4,1
17035,1,5,3,0
17037,0,5,4,1
17039,1,4,2,0
17041,1,7,5,1
17043,0,5,4,1
17045,1,5,3,0
17047,0,2,2,0
17049,0,3,2,0
17051,0,5,3,0
17053,0,3,2,0
17055,0,4,3,0
17057,1,7,5,3
17059,0,5,3,0
17061,0,8,4,2
17063,0,6,5,1
17065,0,4,2,0
17067,1,9,5,3
17069,0,4,3,0
17071,0,6,4,3
17073,1,5,3,3
17075,0,3,3,0
17077,0,5,3,1
17079,0,5,4,0
17081,0,3,2,0
17083,0,5,3,1
17085,0,4,3,1
17087,0,3,2,0
17089,0,5,4,1
17091,0,2,2,0
17093,0,3,2,1
17095,0,5,2,2
17097,0,5,4,1
17099,0,7,6,1
17101,0,5,4,1
17103,0,3,1,1
17105,0,4,3,1
17107,1,6,2,0
17109,1,6,4,1
17111,0,3,2,1
17113,0,3,1,0
17115,1,4,2,0
17117,0,4,2,0
17119,0,5,2,1
17121,0,4,2,0
17123,0,3,2,1
17125,0,5,4,1
17127,0,6,5,0
17129,0,3,2,0
17131,0,6,3,3
17133,1,7,2,2
17135,0,4,2,0
17137,1,7,3,2
17139,1,5,2,0
17141,0,4,2,1
17143,0,4,3,1
17145,0,3,3,0
17147,0,3,2,0
17149,1,10,5,3
17151,0,6,5,0
17153,0,5,4,0
17155,0,4,3,1
17157,0,7,3,1
17159,0,3,2,0
17161,0,6,4,3
17163,2,7,4,3
17165,0,5,3,0
17167,1,6,3,0
17169,0,7,4,2
17171,1,9,2,2
17173,0,5,2,1
17175,0,3,2,1
17177,0,5,3,1
17179,0,5,4,1
17181,0,7,3,1
17183,1,4,3,0
17185,0,4,4,0
17187,1,5,2,1
17189,2,7,4,1
17191,0,4,3,0
17193,0,3,3,0
17195,0,6,4,3
17197,1,8,7,2
17199,0,4,3,0
17201,1,7,6,2
17203,0,7,5,1
18001,0,5,5,0
18003,1,8,7,0
18005,1,5,4,1
18007,1,9,6,1
18009,0,6,5,0
18011,0,7,5,0
18013,2,8,5,1
18015,0,8,8,2
18017,0,6,6,1
18019,1,10,6,2
18021,1,11,7,1
18023,1,6,5,0
18025,1,10,4,2
18027,0,8,5,0
18029,0,9,8,2
18031,1,8,6,2
18033,0,5,5,0
18035,0,7,7,1
18037,0,8,4,0
18039,0,4,4,1
18041,0,5,4,1
18043,1,8,5,2
18045,0,6,4,1
18047,1,10,6,2
18049,0,8,7,1
18051,0,11,7,1
18053,1,9,8,1
18055,1,10,7,1
18057,0,10,9,1
18059,0,8,8,1
18061,1,9,5,2
18063,0,7,6,0
18065,0,8,8,1
18067,1,5,5,0
18069,0,7,6,0
18071,0,8,5,0
18073,0,9,8,1
18075,0,6,5,0
18077,1,11,7,2
18079,0,7,5,0
18081,1,9,8,0
18083,0,7,6,0
18085,0,8,7,1
18087,0,2,1,0
18089,1,13,12,2
18091,0,7,7,2
18093,1,10,7,1
18095,1,10,8,2
18097,0,10,9,1
18099,1,6,5,2
18101,1,8,5,1
18103,0,4,4,0
18105,1,8,7,0
18107,1,9,6,1
18109,2,11,9,2
18111,0,8,5,1
18113,0,7,6,0
18115,0,8,4,1
18117,1,9,5,1
18119,2,12,8,1
18121,0,9,5,1
18123,1,10,4,2
18125,0,10,8,1
18127,0,6,6,2
18129,0,8,6,0
18131,0,7,7,2
18133,0,10,7,1
18135,0,7,7,1
18137,0,8,6,0
18139,0,6,5,1
18141,0,6,6,1
18143,0,8,5,0
18145,0,6,6,0
18147,0,7,4,1
18149,0,6,4,2
18151,0,1,1,0
18153,1,9,6,0
18155,1,9,4,2
18157,0,6,6,0
18159,0,7,6,1
18161,0,8,3,1
18163,1,13,9,2
18165,0,8,3,2
18167,0,6,5,0
18169,0,7,4,1
18171,1,8,4,3
18173,1,11,7,2
18175,1,10,7,1
18177,0,7,5,1
18179,0,4,4,0
18181,1,9,8,1
18183,0,7,6,0
19001,1,9,4,1
19003,1,9,4,1
19005,1,14,5,6
19007,1,11,4,2
19009,1,11,4,1
19011,0,10,5,2
19013,0,8,4,1
19015,0,9,5,1
19017,0,7,3,2
19019,0,14,5,4
19021,3,13,3,2
19023,1,13,3,3
19025,2,11,4,1
19027,0,6,2,1
19029,1,8,4,1
19031,1,11,6,2
19033,0,5,3,1
19035,3,14,3,2
19037,0,10,3,3
19039,1,7,3,0
19041,2,12,3,2
19043,1,14,6,5
19045,0,10,6,3
19047,2,10,3,1
19049,1,11,4,1
19051,1,11,3,2
19053,0,8,3,2
19055,0,9,5,2
19057,2,15,5,5
19059,1,9,2,2
19061,2,10,6,2
19063,2,9,2,2
19065,0,12,5,5
19067,2,11,3,3
19069,2,12,4,3
19071,0,8,6,2
19073,1,9,3,1
19075,0,9,3,0
19077,1,10,3,1
19079,2,10,4,1
19081,2,8,3,2
19083,0,9,3,1
19085,4,11,6,2
19087,0,9,5,2
19089,2,14,4,3
19091,3,13,5,2
19093,0,11,3,2
19095,1,13,4,3
19097,3,14,6,3
19099,1,11,6,1
19101,0,5,1,1
19103,0,10,4,2
19105,0,12,5,2
19107,0,9,2,2
19109,2,9,4,2
19111,1,14,5,4
19113,0,10,5,2
19115,0,8,6,2
19117,0,9,4,2
19119,1,9,3,2
19121,0,7,3,1
19123,0,9,3,1
19125,0,8,3,1
19127,1,10,4,1
19129,2,10,7,2
19131,3,13,3,3
19133,2,11,6,2
19135,0,9,4,2
19137,1,10,5,1
19139,1,11,6,3
19141,1,8,3,1
19143,1,7,3,2
19145,0,7,4,1
19147,2,14,3,2
19149,1,6,2,2
19151,2,14,2,2
19153,2,11,7,1
19155,3,13,9,2
19157,1,8,4,0
19159,1,10,5,2
19161,1,11,3,2
19163,2,9,8,3
19165,2,10,6,1
19167,1,9,3,2
19169,1,12,6,0
19171,1,10,4,1
19173,0,7,3,0
19175,1,10,5,1
19177,1,9,2,1
19179,0,11,5,2
19181,0,9,4,1
19183,0,8,3,0
19185,0,10,2,2
19187,1,10,5,1
19189,1,9,3,2
19191,1,15,4,5
19193,2,8,3,3
19195,2,8,3,1
19197,3,14,4,3
20001,2,8,4,0
20003,1,12,4,0
20005,0,10,1,1
20007,1,13,2,0
20009,6,20,3,0
20011,2,11,3,0
20013,1,11,1,0
20015,2,18,3,0
20017,3,14,1,0
20019,2,10,3,0
20021,1,19,4,0
20023,1,9,1,0
20025,3,12,1,0
20027,1,12,2,0
20029,2,10,2,0
20031,1,11,3,0
20033,4,16,3,0
20035,1,17,3,0
20037,0,15,5,0
20039,0,9,1,0
20041,0,9,2,0
20043,2,11,1,1
20045,0,9,3,0
20047,7,22,3,0
20049,2,14,3,0
20051,3,11,1,0
20053,2,11,2,0
20055,2,6,1,0
20057,4,10,1,0
20059,1,12,3,0
20061,3,10,1,0
20063,3,10,1,0
20065,3,12,1,0
20067,1,5,1,0
20069,5,9,1,0
20071,4,7,1,0
20073,2,16,3,0
20075,2,7,1,0
20077,1,15,3,0
20079,1,14,1,0
20081,1,9,2,0
20083,7,20,1,0
20085,0,10,1,0
20087,0,8,2,0
20089,2,13,1,0
20091,1,4,2,0
20093,3,7,1,0
20095,1,15,2,0
20097,2,15,3,0
20099,0,9,5,0
20101,2,7,1,0
20103,0,10,4,1
20105,3,9,1,0
20107,1,10,3,0
20109,5,12,1,0
20111,1,15,3,0
20113,0,10,2,0
20115,1,13,1,0
20117,1,12,1,0
20119,3,11,2,0
20121,0,9,4,0
20123,1,9,1,0
20125,0,8,3,0
20127,6,20,1,0
20129,1,5,1,0
20131,1,8,1,0
20133,1,13,5,0
20135,3,14,1,0
20137,2,10,1,0
20139,2,17,5,0
20141,2,14,2,0
20143,4,12,2,0
20145,7,22,2,0
20147,4,16,2,0
20149,1,11,2,0
20151,1,14,3,0
20153,2,8,1,0
20155,2,12,2,0
20157,1,10,1,0
20159,3,18,2,0
20161,1,11,2,0
20163,3,14,1,0
20165,4,18,1,0
20167,4,17,1,0
20169,2,10,2,0
20171,3,7,1,0
20173,0,7,2,0
20175,0,7,2,0
20177,1,9,3,0
20179,3,13,1,0
20181,1,8,1,0
20183,2,12,2,0
20185,7,20,2,0
20187,2,8,1,0
20189,2,7,1,0
20191,3,18,2,0
20193,2,9,1,0
20195,3,9,1,0
20197,4,16,1,0
20199,6,14,1,0
20201,1,12,1,0
20203,2,5,1,0
20205,1,10,3,0
20207,3,16,4,0
20209,4,15,3,1
21001,4,13,2,0
21003,5,11,3,0
21005,4,13,6,3
21007,4,17,2,1
21009,6,11,3,0
21011,2,15,8,3
21013,4,12,4,5
21015,0,4,1,0
21017,2,11,5,3
21019,5,20,10,3
21021,2,9,5,0
21023,2,9,1,1
21025,9,25,9,7
21027,5,17,5,0
21029,4,13,4,3
21031,5,18,5,2
21033,7,17,6,2
21035,4,11,3,2
21037,1,8,2,1
21039,5,17,2,1
21041,1,11,5,1
21043,7,24,12,6
21045,6,16,4,3
21047,6,13,7,0
21049,5,12,6,3
21051,11,29,10,6
21053,4,9,2,0
21055,5,20,7,1
21057,6,13,2,2
21059,2,11,5,1
21061,5,15,3,1
21063,6,21,8,5
21065,8,25,7,5
21067,3,9,7,1
21069,2,14,8,2
21071,8,26,12,6
21073,5,15,6,4
21075,3,13,3,2
21077,2,9,1,2
21079,4,10,5,0
21081,1,10,2,2
21083,5,11,4,2
21085,4,18,6,0
21087,5,13,2,0
21089,7,20,11,4
21091,3,17,5,2
21093,2,13,8,1
21095,7,17,5,6
21097,3,12,2,2
21099,6,16,7,2
21101,3,16,7,1
21103,4,12,5,1
21105,5,16,3,1
21107,5,19,11,0
21109,8,20,5,3
21111,4,13,8,2
21113,4,12,7,1
21115,9,27,10,7
21117,1,7,2,1
21119,6,25,10,5
21121,4,17,9,3
21123,4,13,6,1
21125,6,13,7,1
21127,7,28,10,7
21129,10,26,6,7
21131,7,20,10,5
21133,5,19,10,6
21135,4,22,9,3
21137,5,13,5,3
21139,5,18,3,1
21141,5,9,4,0
21143,5,13,2,0
21145,3,11,3,1
21147,5,11,3,0
21149,4,15,6,1
21151,4,14,7,2
21153,7,26,10,7
21155,5,11,4,1
21157,6,18,4,1
21159,6,19,10,4
21161,2,13,7,2
21163,4,14,5,0
21165,7,21,6,3
21167,3,11,5,0
21169,5,20,2,4
21171,4,12,3,0
21173,2,10,5,1
21175,6,21,6,5
21177,5,11,6,0
21179,3,11,5,0
21181,5,20,7,3
21183,6,19,7,3
21185,2,8,4,0
21187,2,12,4,3
21189,11,29,9,7
21191,1,11,3,1
21193,7,27,12,5
21195,4,22,12,5
21197,9,21,6,6
21199,6,11,6,1
21201,4,14,3,2
21203,8,20,5,3
21205,2,18,12,3
21207,4,11,4,0
21209,0,5,3,1
21211,2,11,3,0
21213,4,8,4,0
21215,5,19,3,3
21217,5,11,4,0
21219,5,10,2,0
21221,5,16,3,2
21223,2,11,5,1
21225,6,20,7,2
21227,6,10,6,1
21229,4,18,4,3
21231,5,13,2,0
21233,2,15,7,2
21235,9,21,7,6
21237,8,21,4,6
21239,5,14,8,2
22001,3,17,10,12
22003,3,16,10,13
22005,5,19,12,17
22007,5,21,8,19
22009,2,15,7,13
22011,3,18,10,14
22013,2,13,3,8
22015,2,14,3,10
22017,2,13,4,10
22019,4,15,12,12
22021,2,15,3,10
22023,3,15,8,13
22025,2,17,4,11
22027,2,13,3,8
22029,2,14,3,11
22031,2,13,3,9
22033,5,19,10,17
22035,2,14,3,10
22037,4,18,8,16
22039,3,14,5,10
22041,2,15,5,9
22043,2,13,7,10
22045,3,18,11,16
22047,5,19,10,16
22049,2,11,3,8
22051,4,21,14,16
22053,3,17,11,12
22055,4,18,10,15
22057,5,24,14,21
22059,2,13,7,10
22061,2,14,3,8
22063,4,22,14,17
22065,2,14,5,9
22067,2,13,6,8
22069,2,16,5,12
22071,4,19,13,15
22073,2,18,6,11
22075,4,19,11,16
22077,3,18,9,15
22079,2,16,7,13
22081,2,13,3,10
22083,2,13,5,8
22085,2,12,8,9
22087,4,19,10,16
22089,4,23,10,20
22091,4,18,10,15
22093,4,17,9,15
22095,4,18,9,16
22097,3,18,10,13
22099,4,21,13,17
22101,4,19,10,17
22103,4,19,14,17
22105,4,19,11,17
22107,2,12,2,8
22109,4,21,14,19
22111,2,16,4,9
22113,3,17,10,14
22115,2,13,7,10
22117,4,16,9,14
22119,2,13,3,7
22121,3,15,10,12
22123,2,12,4,8
22125,4,20,6,18
22127,2,12,6,8
23001,1,10,2,0
23003,0,6,2,1
23005,2,11,3,0
23007,4,14,2,3
23009,2,10,2,1
23011,2,10,2,1
23013,4,14,3,4
23015,2,13,3,4
23017,4,15,3,3
23019,1,6,2,1
23021,1,10,1,1
23023,2,10,3,1
23025,3,11,2,2
23027,5,14,2,4
23029,2,11,2,0
23031,4,18,4,3
24001,0,5,2,2
24003,0,8,2,3
24005,0,11,2,5
24009,1,10,3,4
24011,0,9,2,3
24013,0,6,2,2
24015,0,8,2,4
24017,0,11,3,4
24019,1,9,3,4
24021,0,7,2,2
24023,0,5,2,2
24025,0,8,2,4
24027,0,11,2,5
24029,0,9,2,3
24031,0,9,2,2
24033,0,7,2,3
24035,0,8,2,3
24037,1,8,2,4
24039,0,4,3,3
24041,0,7,2,3
24043,0,6,2,2
24045,0,5,2,3
24047,0,5,2,3
24510,0,9,2,3
25001,0,7,1,2
25003,0,8,3,1
25005,2,11,5,3
25007,0,6,1,2
25009,0,13,5,1
25011,0,7,3,1
25013,0,9,3,1
25015,0,8,2,1
25017,0,12,6,1
25019,0,5,1,1
25021,1,12,5,2
25023,1,11,4,2
25025,1,12,5,2
25027,1,12,7,2
26001,1,3,2,1
26003,0,1,1,0
26005,0,4,2,2
26007,1,3,2,1
26009,1,3,2,1
26011,0,3,2,0
26013,0,3,1,2
26015,0,5,3,2
26017,0,2,2,0
26019,0,2,2,1
26021,0,2,2,0
26023,0,1,1,0
26025,0,1,1,0
26027,0,2,2,0
26029,1,3,2,1
26031,1,3,2,1
26033,0,1,1,0
26035,0,1,1,0
26037,0,1,1,0
26039,1,3,2,1
26041,0,1,1,0
26043,0,1,1,0
26045,1,5,3,2
26047,1,3,2,1
26049,0,2,2,0
26051,0,4,4,0
26053,0,4,1,3
26055,0,2,2,1
26057,0,2,2,1
26059,0,1,1,0
26061,0,4,1,3
26063,0,1,1,0
26065,1,4,3,1
26067,2,5,3,2
26069,0,3,3,1
26071,0,3,1,2
26073,0,2,2,0
26075,0,2,2,0
26077,0,2,2,1
26079,1,3,2,1
26081,1,4,3,2
26083,0,2,1,1
26085,0,3,1,1
26087,0,1,1,0
26089,0,1,1,0
26091,0,1,1,0
26093,1,3,3,1
26095,0,1,1,0
26097,1,2,1,0
26099,2,5,5,2
26101,0,3,2,1
26103,0,4,1,3
26105,0,2,1,0
26107,0,3,3,1
26109,0,3,1,2
26111,0,4,3,1
26113,0,3,1,1
26115,1,2,2,1
26117,0,2,2,1
26119,1,3,1,1
26121,0,4,3,2
26123,0,4,2,2
26125,2,6,6,2
26127,0,2,2,1
26129,0,2,1,1
26131,0,3,1,2
26133,0,4,2,2
26135,1,3,1,1
26137,1,2,1,0
26139,0,4,2,1
26141,1,3,2,1
26143,0,2,2,1
26145,0,6,4,2
26147,0,2,2,0
26149,0,2,2,0
26151,0,2,2,0
26153,0,1,1,0
26155,0,2,2,0
26157,0,2,1,1
26159,0,2,1,0
26161,1,4,4,1
26163,2,6,6,2
26165,0,3,2,1
27001,3,7,2,3
27003,0,3,2,1
27005,0,7,3,3
27007,1,8,4,5
27009,0,3,2,1
27011,3,10,2,5
27013,1,10,3,7
27015,1,10,2,7
27017,1,5,2,3
27019,1,7,2,5
27021,3,6,1,2
27023,3,11,3,6
27025,0,3,2,1
27027,1,11,5,6
27029,1,7,3,3
27031,2,6,2,2
27033,2,8,2,4
27035,1,4,2,1
27037,0,4,3,1
27039,0,8,3,3
27041,2,6,2,1
27043,1,11,3,5
27045,1,8,3,3
27047,1,12,5,5
27049,1,8,3,4
27051,3,10,2,5
27053,0,6,3,3
27055,2,11,4,5
27057,0,3,1,0
27059,0,3,1,1
27061,2,6,3,2
27063,1,8,2,4
27065,1,5,2,2
27067,2,6,2,1
27069,2,11,3,7
27071,1,6,3,4
27073,3,11,2,6
27075,2,7,2,4
27077,2,7,3,4
27079,1,8,3,6
27081,1,6,1,1
27083,1,8,1,4
27085,1,10,3,6
27087,2,7,3,3
27089,2,11,3,8
27091,1,7,3,4
27093,0,4,2,1
27095,1,4,2,2
27097,2,5,2,2
27099,1,8,5,3
27101,1,7,2,4
27103,1,10,3,7
27105,3,11,2,5
27107,2,12,5,7
27109,0,7,4,2
27111,0,5,2,2
27113,1,6,2,3
27115,2,7,2,3
27117,1,7,1,4
27119,1,11,4,7
27121,3,7,2,2
27123,0,7,2,5
27125,1,9,3,6
27127,2,11,2,7
27129,4,12,2,8
27131,1,7,4,4
27133,2,8,2,4
27135,2,11,2,7
27137,3,8,3,6
27139,0,6,2,5
27141,0,1,1,0
27143,1,12,2,7
27145,1,5,2,1
27147,1,9,5,4
27149,3,11,2,5
27151,3,9,2,4
27153,2,5,2,2
27155,3,11,3,5
27157,2,7,3,4
27159,2,6,1,1
27161,1,6,3,4
27163,0,4,2,3
27165,1,6,2,4
27167,2,11,3,6
27169,0,6,3,2
27171,0,5,3,3
27173,2,13,3,5
28001,3,11,6,6
28003,1,9,5,2
28005,2,13,7,6
28007,3,14,8,4
28009,1,8,4,2
28011,1,11,7,4
28013,2,12,4,3
28015,3,13,4,3
28017,1,13,4,3
28019,2,12,5,3
28021,3,15,5,7
28023,1,13,8,6
28025,2,17,6,4
28027,1,12,8,4
28029,3,12,4,6
28031,4,16,4,7
28033,1,8,5,3
28035,1,13,7,7
28037,3,12,6,5
28039,1,15,6,11
28041,2,17,7,10
28043,3,13,7,3
28045,2,14,10,10
28047,1,13,9,10
28049,3,14,8,5
28051,3,19,8,5
28053,5,12,9,3
28055,2,12,6,5
28057,3,15,5,3
28059,2,14,8,9
28061,3,14,6,5
28063,3,12,6,6
28065,4,18,6,7
28067,2,14,7,6
28069,2,11,4,5
28071,2,12,6,2
28073,1,12,7,6
28075,2,10,5,5
28077,3,15,5,6
28079,3,15,6,5
28081,2,13,6,3
28083,2,10,5,3
28085,2,14,6,7
28087,1,11,7,4
28089,3,12,7,4
28091,2,16,8,6
28093,1,8,4,2
28095,2,15,9,4
28097,3,12,6,3
28099,4,15,7,5
28101,3,14,4,5
28103,2,13,4,5
28105,1,12,5,4
28107,2,14,9,3
28109,1,14,9,9
28111,2,15,7,8
28113,3,13,8,6
28115,1,10,5,3
28117,2,13,4,2
28119,2,13,7,3
28121,3,11,4,5
28123,4,15,6,5
28125,3,10,5,3
28127,3,14,4,5
28129,4,15,5,5
28131,1,13,7,10
28133,1,11,6,3
28135,2,12,5,3
28137,1,9,4,3
28139,1,10,5,2
28141,1,9,5,2
28143,1,9,6,4
28145,1,9,4,2
28147,3,14,8,6
28149,3,16,10,5
28151,3,14,8,5
28153,2,17,7,8
28155,2,12,4,3
28157,2,14,9,6
28159,2,11,5,5
28161,1,7,3,2
28163,3,15,8,4
29001,1,15,5,0
29003,1,15,7,2
29005,0,10,4,2
29007,1,10,3,0
29009,3,19,7,2
29011,1,14,6,2
29013,1,12,5,0
29015,1,11,5,0
29017,5,19,9,2
29019,1,14,6,1
29021,1,14,7,2
29023,3,13,9,1
29025,1,10,3,0
29027,2,14,6,0
29029,2,17,5,2
29031,1,17,8,3
29033,1,14,6,2
29035,4,13,8,1
29037,0,9,6,0
29039,0,15,6,2
29041,1,16,8,1
29043,1,14,7,1
29045,1,12,4,0
29047,0,7,5,0
29049,1,10,5,0
29051,0,11,4,2
29053,2,11,5,1
29055,2,15,7,3
29057,2,17,4,2
29059,0,15,4,2
29061,1,13,4,0
29063,0,9,4,0
29065,1,9,5,1
29067,3,16,5,2
29069,3,14,6,2
29071,1,8,7,3
29073,0,9,6,3
29075,1,11,4,0
29077,2,17,10,2
29079,2,15,3,0
29081,0,10,3,0
29083,1,10,5,0
29085,0,15,6,1
29087,1,13,5,2
29089,1,16,5,1
29091,4,15,9,2
29093,4,16,9,2
29095,0,8,6,0
29097,0,13,10,2
29099,1,14,12,3
29101,0,9,6,0
29103,1,16,4,0
29105,0,14,6,1
29107,0,10,6,1
29109,1,12,7,2
29111,0,14,6,0
29113,1,14,7,1
29115,0,14,5,0
29117,1,13,6,0
29119,2,16,8,2
29121,0,10,4,0
29123,5,16,5,1
29125,2,17,4,2
29127,0,14,5,0
29129,0,10,2,0
29131,0,18,3,1
29133,2,15,5,3
29135,1,8,2,0
29137,0,11,6,0
29139,2,13,4,1
29141,1,15,6,2
29143,4,18,6,3
29145,1,17,11,2
29147,0,10,4,0
29149,4,15,6,1
29151,0,17,8,2
29153,5,18,6,2
29155,2,15,5,3
29157,2,18,5,3
29159,0,9,6,0
29161,2,15,8,2
29163,0,13,4,2
29165,0,11,7,2
29167,0,15,6,1
29169,1,13,7,2
29171,0,11,3,0
29173,1,14,4,1
29175,0,10,5,0
29177,1,17,4,2
29179,5,17,8,2
29181,3,14,9,1
29183,1,10,7,3
29185,1,13,5,1
29186,2,19,7,4
29187,0,11,9,2
29189,3,15,11,4
29195,1,13,5,1
29197,0,9,2,0
29199,1,12,2,0
29201,5,20,10,3
29203,4,18,7,2
29205,1,16,4,0
29207,3,16,8,1
29209,0,14,9,2
29211,0,16,3,0
29213,1,15,10,2
29215,3,17,8,2
29217,3,15,8,0
29219,0,5,2,1
29221,3,16,7,3
29223,4,16,7,1
29225,3,23,10,2
29227,1,11,2,0
29229,2,17,6,2
29510,2,11,4,2
30001,0,2,2,0
30003,0,5,3,0
30005,2,9,3,3
30007,0,5,3,1
30009,2,7,4,3
30011,0,6,3,0
30013,0,3,3,0
30015,1,6,3,1
30017,0,6,3,2
30019,2,5,1,3
30021,1,6,1,2
30023,0,3,2,0
30025,0,6,3,0
30027,2,6,3,2
30029,1,5,3,1
30031,0,3,2,0
30033,2,7,3,2
30035,0,6,2,0
30037,1,7,3,3
30039,0,3,2,0
30041,2,9,3,3
30043,0,4,3,1
30045,1,5,3,0
30047,0,5,2,2
30049,0,4,3,1
30051,0,6,2,1
30053,0,4,2,1
30055,1,7,1,2
30057,0,3,3,0
30059,0,3,2,0
30061,0,3,2,0
30063,1,7,3,1
30065,1,8,3,4
30067,2,9,4,5
30069,2,8,3,3
30071,1,5,3,1
30073,1,9,3,2
30075,0,7,2,1
30077,1,7,3,1
30079,0,4,2,1
30081,0,5,2,1
30083,1,5,1,1
30085,2,5,1,1
30087,1,8,3,2
30089,0,4,2,1
30091,1,4,1,1
30093,0,2,2,0
30095,2,8,3,4
30097,1,5,3,1
30099,1,6,2,0
30101,1,7,3,1
30103,2,7,2,4
30105,1,8,2,4
30107,1,6,2,1
30109,0,3,2,0
30111,1,4,4,1
31001,1,11,2,1
31003,1,10,2,2
31005,0,8,1,2
31007,1,5,1,1
31009,0,10,1,1
31011,3,13,2,2
31013,1,7,1,1
31015,1,11,3,3
31017,0,8,1,1
31019,1,11,4,1
31021,5,12,3,2
31023,2,12,4,2
31025,4,17,4,3
31027,1,8,1,1
31029,0,8,1,0
31031,0,7,1,1
31033,1,7,1,1
31035,3,11,2,1
31037,2,9,3,2
31039,3,14,2,2
31041,1,13,3,1
31043,2,10,2,3
31045,1,6,1,1
31047,1,8,3,1
31049,0,7,1,1
31051,1,12,2,3
31053,2,10,3,1
31055,7,17,6,2
31057,1,9,1,0
31059,6,18,2,1
31061,0,5,2,1
31063,0,9,1,1
31065,0,9,1,1
31067,1,15,3,2
31069,1,9,1,2
31071,1,11,1,1
31073,0,8,1,1
31075,1,4,1,1
31077,2,15,1,2
31079,1,8,3,1
31081,4,15,3,0
31083,1,8,1,1
31085,1,12,1,2
31087,1,4,1,0
31089,2,14,3,2
31091,0,4,1,1
31093,3,17,2,2
31095,2,16,3,2
31097,2,15,2,2
31099,1,10,3,1
31101,1,6,1,0
31103,0,9,1,1
31105,1,5,1,1
31107,1,11,3,2
31109,3,10,3,2
31111,2,14,2,2
31113,1,12,1,1
31115,0,12,1,2
31117,1,8,1,0
31119,1,11,2,2
31121,0,7,1,1
31123,1,13,1,1
31125,1,11,2,2
31127,3,18,3,3
31129,3,13,2,2
31131,2,14,2,3
31133,1,14,2,2
31135,0,8,1,0
31137,0,8,1,1
31139,1,11,2,2
31141,3,13,3,2
31143,4,14,1,2
31145,1,8,1,0
31147,2,15,4,3
31149,0,12,1,1
31151,3,13,3,2
31153,5,14,5,2
31155,7,19,4,1
31157,2,6,1,2
31159,2,12,2,2
31161,1,6,1,1
31163,2,11,1,2
31165,1,8,1,1
31167,0,9,2,2
31169,3,13,2,1
31171,1,7,1,0
31173,2,16,3,3
31175,1,13,1,2
31177,7,14,5,2
31179,1,12,1,1
31181,3,10,2,1
31183,1,12,1,2
31185,3,14,2,2
32001,0,2,1,0
32003,0,2,1,0
32005,1,5,1,1
32007,0,3,1,0
32009,0,1,1,0
32011,1,2,1,1
32013,0,2,1,0
32015,0,1,1,0
32017,1,3,1,1
32019,1,5,2,1
32021,1,2,1,1
32023,0,1,1,0
32027,0,1,1,0
32029,1,5,1,1
32031,0,4,1,0
32033,0,1,1,0
32510,0,5,1,0
33001,3,15,4,3
33003,4,16,3,3
33005,3,11,2,2
33007,4,13,1,4
33009,6,20,4,4
33011,0,11,4,0
33013,0,11,4,1
33015,3,16,3,3
33017,0,10,3,1
33019,3,14,2,4
34001,1,14,4,4
34003,1,12,7,4
34005,1,14,6,4
34007,1,10,5,3
34009,2,12,4,4
34011,1,12,4,4
34013,1,12,7,4
34015,1,12,7,4
34017,1,7,5,3
34019,1,11,7,3
34021,1,12,9,3
34023,1,9,6,3
34025,1,8,4,4
34027,2,14,8,4
34029,2,10,4,3
34031,1,11,7,3
34033,1,9,3,4
34035,1,10,6,3
34037,2,13,6,4
34039,1,9,6,3
34041,3,13,7,3
35001,0,4,2,0
35003,0,2,1,1
35005,1,4,3,2
35006,0,6,2,3
35007,1,5,2,1
35009,0,2,2,0
35011,0,3,2,1
35013,1,5,4,2
35015,0,5,2,1
35017,0,2,1,0
35019,0,5,2,1
35021,0,3,1,1
35023,0,2,1,0
35025,0,2,1,0
35027,3,12,5,3
35028,1,6,2,3
35029,0,3,1,0
35031,0,5,2,2
35033,1,7,3,2
35035,2,10,4,2
35037,0,2,2,0
35039,1,7,3,1
35041,0,1,1,0
35043,1,9,2,3
35045,1,5,3,2
35047,1,8,3,1
35049,0,4,2,1
35051,0,7,2,1
35053,0,7,2,2
35055,0,5,2,1
35057,0,4,2,1
35059,0,1,1,0
35061,1,3,2,0
36001,0,8,3,1
36003,2,12,3,4
36005,1,7,5,3
36007,1,14,7,4
36009,0,9,4,0
36011,1,7,2,2
36013,0,10,2,1
36015,0,7,3,2
36017,1,17,6,4
36019,1,9,3,3
36021,0,12,3,1
36023,2,11,2,3
36025,1,19,8,5
36027,2,10,5,2
36029,1,10,4,0
36031,3,14,3,5
36033,2,10,2,4
36035,0,9,3,1
36037,1,7,2,0
36039,0,12,3,2
36041,2,12,2,3
36043,0,13,4,3
36045,1,7,1,2
36047,2,10,6,4
36049,3,11,1,3
36051,0,8,2,1
36053,0,13,2,2
36055,0,6,3,1
36057,0,14,4,2
36059,2,11,5,5
36061,1,6,3,3
36063,1,11,4,3
36065,1,13,5,3
36067,1,8,3,2
36069,2,9,3,2
36071,2,14,11,3
36073,0,10,3,1
36075,1,7,2,1
36077,0,15,4,2
36079,2,10,4,4
36081,1,10,6,4
36083,0,11,4,1
36085,1,11,6,4
36087,2,11,6,4
36089,3,8,1,3
36091,0,7,2,1
36093,0,11,4,1
36095,0,13,5,1
36097,0,5,2,1
36099,0,5,2,1
36101,2,11,3,3
36103,3,15,5,4
36105,1,15,8,3
36107,1,14,4,3
36109,0,7,1,0
36111,1,16,10,4
36113,0,10,3,3
36115,0,6,3,1
36117,0,6,3,1
36119,2,12,6,5
36121,0,6,1,1
36123,2,10,2,3
37001,1,10,3,4
37003,2,6,3,2
37005,2,8,4,5
37007,0,6,3,3
37009,3,11,4,7
37011,2,8,4,6
37013,1,10,6,6
37015,0,8,6,5
37017,0,8,7,6
37019,1,12,6,9
37021,2,7,5,5
37023,2,8,4,4
37025,1,6,3,3
37027,2,8,4,4
37029,0,6,5,4
37031,1,9,5,8
37033,1,7,2,3
37035,1,5,3,3
37037,1,7,3,4
37039,1,3,2,1
37041,0,6,4,5
37043,1,2,2,1
37045,1,5,3,2
37047,0,8,6,7
37049,0,10,7,7
37051,0,6,6,4
37053,0,6,5,4
37055,1,9,4,8
37057,1,9,3,4
37059,1,5,1,1
37061,1,7,5,5
37063,1,6,3,3
37065,1,7,4,3
37067,1,6,3,3
37069,0,5,2,2
37071,1,5,3,2
37073,0,4,4,3
37075,2,5,3,3
37077,0,8,2,3
37079,0,7,6,5
37081,0,8,4,2
37083,0,7,5,3
37085,0,7,5,3
37087,2,6,5,4
37089,1,4,4,3
37091,1,8,6,4
37093,0,7,5,4
37095,0,9,5,8
37097,2,6,3,3
37099,2,7,4,5
37101,0,8,6,4
37103,0,9,6,7
37105,1,7,5,3
37107,0,7,5,6
37109,1,5,3,3
37111,1,8,4,5
37113,1,5,3,4
37115,2,9,4,6
37117,0,5,5,3
37119,1,5,3,2
37121,2,8,4,5
37123,0,6,1,3
37125,1,6,3,3
37127,1,7,5,4
37129,1,11,5,8
37131,0,6,4,3
37133,1,11,7,8
37135,1,9,2,4
37137,0,8,4,7
37139,0,5,4,4
37141,0,10,6,7
37143,0,6,4,4
37145,1,10,2,4
37147,0,9,7,6
37149,1,8,4,5
37151,0,8,2,3
37153,0,5,3,2
37155,1,8,6,5
37157,0,6,3,2
37159,2,5,2,2
37161,1,6,4,3
37163,1,8,6,5
37165,0,5,4,3
37167,1,6,2,2
37169,2,7,2,3
37171,1,3,2,2
37173,1,4,3,2
37175,2,5,5,4
37177,0,8,6,5
37179,1,6,4,3
37181,0,6,3,3
37183,0,6,4,2
37185,0,6,3,3
37187,0,6,5,4
37189,2,8,4,6
37191,0,8,5,5
37193,2,6,4,4
37195,1,9,6,4
37197,2,5,2,2
37199,2,9,4,6
38001,1,8,2,2
38003,5,17,4,7
38005,0,16,4,6
38007,1,6,2,1
38009,1,16,2,6
38011,0,7,1,0
38013,3,11,2,2
38015,1,7,4,2
38017,2,15,3,6
38019,1,14,3,4
38021,4,16,3,7
38023,2,8,1,2
38025,2,8,1,1
38027,1,11,3,6
38029,2,9,3,3
38031,2,11,3,6
38033,2,7,1,2
38035,3,18,4,7
38037,4,13,2,3
38039,3,11,3,3
38041,2,7,2,2
38043,5,15,3,5
38045,4,15,3,7
38047,2,13,3,6
38049,2,17,4,7
38051,2,9,3,3
38053,3,13,1,2
38055,2,11,3,2
38057,2,10,2,3
38059,2,12,4,5
38061,2,15,2,5
38063,4,16,3,6
38065,2,9,3,0
38067,2,17,3,8
38069,0,11,3,4
38071,1,12,4,4
38073,5,18,3,6
38075,1,13,3,5
38077,3,16,4,7
38079,1,11,3,4
38081,4,17,3,7
38083,1,11,2,4
38085,2,9,1,1
38087,0,4,1,0
38089,0,6,2,0
38091,5,17,3,6
38093,4,14,3,5
38095,2,15,3,5
38097,3,17,3,7
38099,2,19,3,9
38101,1,12,4,3
38103,4,16,3,7
38105,3,9,2,1
39001,0,10,3,2
39003,0,5,2,0
39005,0,5,3,0
39007,0,4,2,1
39009,0,10,4,2
39011,1,8,6,0
39013,0,9,4,2
39015,0,8,1,2
39017,0,4,1,0
39019,0,6,4,0
39021,0,5,1,0
39023,0,5,2,0
39025,0,6,1,0
39027,0,3,1,0
39029,0,8,5,1
39031,0,7,3,1
39033,1,7,6,0
39035,0,7,5,1
39037,1,7,5,0
39039,0,2,1,0
39041,1,7,4,0
39043,0,3,2,0
39045,0,5,2,0
39047,0,4,1,0
39049,0,9,5,0
39051,0,2,1,0
39053,0,8,4,2
39055,0,4,3,0
39057,0,6,3,0
39059,0,10,4,1
39061,0,6,1,1
39063,1,7,4,0
39065,0,5,2,0
39067,0,9,3,1
39069,0,4,3,0
39071,0,5,1,0
39073,0,10,4,1
39075,0,5,3,0
39077,0,5,4,0
39079,0,8,3,2
39081,0,9,5,2
39083,0,6,1,0
39085,0,3,2,0
39087,0,8,4,2
39089,1,9,5,0
39091,1,7,5,0
39093,0,5,3,0
39095,0,4,3,0
39097,0,4,1,0
39099,0,6,6,0
39101,0,3,1,0
39103,0,6,4,0
39105,0,9,4,2
39107,1,6,4,0
39109,1,8,4,0
39111,0,10,2,2
39113,0,6,2,0
39115,0,9,4,2
39117,0,5,1,0
39119,0,8,4,2
39121,0,10,3,2
39123,0,3,2,0
39125,0,5,2,0
39127,0,11,4,2
39129,0,6,3,0
39131,0,10,5,2
39133,0,4,3,0
39135,0,4,1,0
39137,0,6,3,0
39139,1,7,6,0
39141,0,7,3,1
39143,0,4,3,0
39145,0,8,4,2
39147,0,5,3,0
39149,0,6,2,0
39151,0,6,6,0
39153,0,6,4,0
39155,0,3,3,0
39157,0,6,5,0
39159,1,7,3,0
39161,0,6,3,0
39163,0,8,2,2
39165,0,4,2,0
39167,0,9,4,2
39169,0,4,2,0
39171,0,2,1,0
39173,0,3,2,0
39175,0,5,3,0
40001,3,15,4,1
40003,1,20,3,0
40005,2,13,5,0
40007,2,16,2,0
40009,1,18,3,0
40011,2,20,5,0
40013,1,12,5,0
40015,2,26,10,2
40017,1,22,11,0
40019,2,13,11,0
40021,2,16,7,0
40023,2,10,4,0
40025,2,11,2,0
40027,3,20,13,0
40029,2,15,4,1
40031,2,20,8,1
40033,3,20,6,1
40035,3,21,5,0
40037,3,17,10,0
40039,2,19,4,0
40041,3,22,9,1
40043,1,22,2,0
40045,1,15,2,0
40047,1,14,4,0
40049,2,17,8,1
40051,1,22,10,1
40053,1,18,2,0
40055,1,13,2,0
40057,1,11,2,0
40059,2,11,2,0
40061,2,18,2,1
40063,2,16,6,1
40065,2,18,3,1
40067,3,14,4,0
40069,2,11,4,1
40071,2,20,6,0
40073,1,18,7,1
40075,1,21,6,0
40077,1,13,4,1
40079,1,15,6,0
40081,4,23,11,0
40083,2,24,10,1
40085,3,14,4,1
40087,3,22,11,0
40089,2,12,3,0
40091,2,17,6,1
40093,2,20,2,0
40095,1,7,4,0
40097,3,18,7,1
40099,2,10,6,0
40101,4,22,9,1
40103,1,15,4,0
40105,2,20,6,0
40107,3,26,10,1
40109,3,21,15,0
40111,3,24,12,0
40113,2,19,7,0
40115,2,21,8,1
40117,3,17,4,1
40119,3,15,7,0
40121,2,19,6,1
40123,2,13,7,0
40125,4,22,14,0
40127,2,17,4,1
40129,2,22,3,0
40131,3,18,7,1
40133,3,19,9,1
40135,1,16,3,1
40137,3,20,9,1
40139,1,11,3,0
40141,2,22,5,2
40143,3,13,8,0
40145,3,15,6,1
40147,2,14,7,0
40149,3,24,5,0
40151,2,14,4,0
40153,2,12,2,0
41001,0,2,1,0
41003,2,9,1,1
41005,2,10,2,0
41007,0,10,2,0
41009,0,10,2,1
41011,2,11,1,1
41013,0,4,1,0
41015,1,10,1,2
41017,0,4,1,0
41019,1,11,2,2
41021,1,4,1,0
41023,1,4,1,1
41025,0,2,1,0
41027,1,8,1,1
41029,0,3,2,0
41031,0,5,1,0
41033,1,6,1,0
41035,0,2,2,0
41037,0,3,1,0
41039,1,11,2,1
41041,1,14,2,1
41043,2,12,2,2
41045,0,2,1,0
41047,1,6,2,1
41049,0,2,1,0
41051,1,6,1,0
41053,1,10,2,1
41055,1,4,1,0
41057,1,13,2,1
41059,1,5,2,2
41061,0,4,1,1
41063,0,3,1,1
41065,2,7,1,0
41067,0,5,2,0
41069,1,6,1,1
41071,2,11,2,0
42001,0,7,2,2
42003,0,5,2,1
42005,0,5,2,1
42007,0,4,3,1
42009,1,8,4,4
42011,0,8,4,2
42013,0,6,4,1
42015,0,11,5,3
42017,1,11,8,5
42019,0,4,3,1
42021,1,5,1,2
42023,1,5,2,3
42025,0,4,3,1
42027,0,5,2,2
42029,1,10,7,4
42031,0,4,2,1
42033,1,5,2,2
42035,0,4,2,1
42037,0,7,5,2
42039,0,5,4,1
42041,0,6,3,2
42043,1,9,4,4
42045,1,8,6,4
42047,1,4,2,2
42049,0,3,2,1
42051,0,6,1,1
42053,0,5,1,2
42055,0,7,3,2
42057,1,7,2,3
42059,0,4,2,1
42061,1,8,4,4
42063,1,6,2,2
42065,0,4,2,1
42067,0,7,2,3
42069,0,9,4,2
42071,0,7,3,2
42073,0,5,4,1
42075,0,7,4,2
42077,0,5,3,2
42079,1,9,6,4
42081,1,8,4,4
42083,0,4,2,1
42085,0,4,2,1
42087,0,4,2,2
42089,0,8,6,4
42091,1,12,8,5
42093,0,6,4,2
42095,1,11,7,5
42097,0,5,4,2
42099,0,7,3,2
42101,1,10,6,5
42103,0,7,4,3
42105,1,6,4,3
42107,1,9,4,3
42109,0,4,3,2
42111,0,6,2,2
42113,1,13,4,6
42115,1,11,5,4
42117,1,9,4,3
42119,1,5,4,3
42121,0,5,2,1
42123,0,4,3,1
42125,0,3,3,1
42127,1,11,5,4
42129,0,5,2,1
42131,1,13,6,5
42133,1,7,4,3
44001,1,7,2,2
44003,3,9,4,2
44005,2,9,3,2
44007,4,9,5,1
44009,3,9,5,2
45001,2,6,2,4
45003,2,9,3,4
45005,2,9,3,6
45007,2,7,2,4
45009,4,12,4,7
45011,3,11,4,5
45013,3,8,3,7
45015,3,14,5,9
45017,3,12,4,8
45019,1,10,5,7
45021,2,9,3,4
45023,2,8,3,4
45025,1,9,4,6
45027,1,10,4,6
45029,3,12,4,8
45031,1,9,5,6
45033,2,12,4,8
45035,2,10,3,7
45037,2,7,2,3
45039,2,8,4,5
45041,2,11,5,7
45043,2,13,6,9
45045,2,10,4,5
45047,2,6,3,4
45049,3,9,4,5
45051,2,12,6,9
45053,3,8,3,7
45055,2,9,4,6
45057,2,8,2,6
45059,2,8,2,4
45061,1,8,4,5
45063,2,9,4,5
45065,2,7,2,4
45067,1,11,5,7
45069,1,9,5,6
45071,2,9,4,5
45073,2,10,4,4
45075,4,13,5,8
45077,2,9,4,4
45079,2,9,4,6
45081,2,8,2,4
45083,2,10,4,5
45085,1,10,4,6
45087,3,8,2,4
45089,2,13,4,8
45091,2,7,3,4
46003,2,12,2,5
46005,1,11,2,4
46007,2,10,2,3
46009,2,7,2,2
46011,2,9,2,3
46013,1,9,2,5
46015,1,13,1,5
46017,1,11,1,5
46019,1,13,2,3
46021,0,6,1,2
46023,1,8,4,4
46025,2,11,2,5
46027,2,10,1,5
46029,2,11,1,5
46031,0,9,2,1
46033,0,5,2,1
46035,1,6,4,2
46037,3,15,1,5
46039,2,12,1,5
46041,0,10,3,2
46043,1,9,1,3
46045,0,9,1,4
46047,0,9,2,2
46049,1,8,1,4
46051,2,11,1,5
46053,1,14,1,6
46055,1,9,2,1
46057,2,11,1,5
46059,2,11,1,5
46061,2,13,3,7
46063,0,8,2,0
46065,0,8,2,2
46067,2,12,4,4
46069,0,7,1,3
46071,3,17,3,4
46073,0,11,1,5
46075,2,8,1,2
46077,2,12,1,4
46079,2,9,2,4
46081,0,6,2,0
46083,1,8,3,3
46085,0,8,1,4
46087,2,11,2,3
46089,1,7,1,2
46091,1,11,2,5
46093,0,9,2,1
46095,1,9,2,3
46097,2,10,2,4
46099,2,9,3,3
46101,2,10,2,5
46102,1,9,3,1
46103,0,7,2,2
46105,0,15,2,3
46107,2,7,1,3
46109,3,13,1,5
46111,1,11,2,6
46115,1,11,2,4
46117,1,8,2,1
46119,0,7,1,3
46121,1,8,2,3
46123,2,12,1,5
46125,2,15,3,6
46127,1,11,3,6
46129,0,4,1,2
46135,1,8,5,3
46137,1,13,3,3
47001,0,11,3,1
47003,1,8,3,1
47005,1,14,6,0
47007,2,12,5,1
47009,0,8,3,1
47011,0,6,5,0
47013,2,12,1,1
47015,4,11,5,0
47017,2,14,7,0
47019,1,7,3,2
47021,6,14,8,1
47023,0,7,4,0
47025,2,11,3,2
47027,2,11,3,1
47029,2,12,6,2
47031,3,9,3,1
47033,3,10,5,0
47035,1,12,5,0
47037,6,16,10,0
47039,4,16,4,1
47041,1,9,4,1
47043,5,15,9,2
47045,2,11,7,1
47047,4,15,7,0
47049,3,13,2,1
47051,0,4,1,0
47053,4,14,8,1
47055,3,13,3,1
47057,2,10,1,2
47059,2,8,4,2
47061,2,7,1,0
47063,1,5,2,2
47065,2,11,5,1
47067,1,7,2,2
47069,3,9,6,0
47071,3,16,7,1
47073,1,6,3,2
47075,4,14,6,0
47077,5,16,6,0
47079,4,14,4,0
47081,4,15,6,2
47083,3,18,5,2
47085,3,15,4,2
47087,4,19,3,1
47089,2,10,2,2
47091,2,9,4,2
47093,2,11,3,1
47095,2,12,4,1
47097,3,11,4,1
47099,1,11,3,1
47101,3,14,6,1
47103,0,7,3,1
47105,1,11,3,1
47107,0,7,4,0
47109,3,13,6,1
47111,3,10,6,0
47113,3,14,7,0
47115,2,11,2,1
47117,0,9,4,1
47119,3,11,5,0
47121,2,10,2,0
47123,1,8,4,0
47125,4,14,9,0
47127,3,10,1,1
47129,1,9,3,1
47131,3,13,6,1
47133,2,10,2,1
47135,3,14,5,1
47137,2,10,1,0
47139,2,9,3,0
47141,2,9,3,0
47143,2,11,3,1
47145,1,12,3,1
47147,2,7,4,1
47149,1,7,6,0
47151,2,12,2,1
47153,0,8,2,1
47155,1,9,4,2
47157,6,19,8,0
47159,3,12,3,1
47161,4,12,6,0
47163,1,4,1,1
47165,4,12,9,0
47167,6,16,7,1
47169,0,5,5,0
47171,1,7,3,2
47173,0,6,1,1
47175,1,8,2,1
47177,1,9,3,1
47179,2,7,4,1
47181,4,16,6,1
47183,3,13,4,0
47185,1,5,1,0
47187,1,6,6,0
47189,3,8,8,0
48001,4,13,7,6
48003,1,5,1,1
48005,2,9,6,5
48007,2,10,5,6
48009,1,8,2,2
48011,1,6,1,1
48013,1,9,6,3
48015,3,11,8,7
48017,2,8,1,2
48019,1,7,3,4
48021,2,12,8,4
48023,2,9,1,3
48025,1,8,6,4
48027,2,6,4,2
48029,1,8,4,4
48031,3,9,4,3
48033,1,6,1,1
48035,2,11,2,4
48037,3,10,5,4
48039,2,14,13,8
48041,2,7,3,4
48043,1,5,1,1
48045,1,7,1,1
48047,1,6,2,2
48049,2,11,4,5
48051,3,10,3,5
48053,3,10,5,4
48055,2,12,8,5
48057,3,12,6,9
48059,1,11,3,5
48061,3,12,9,7
48063,2,6,1,2
48065,1,6,1,1
48067,3,14,3,6
48069,1,6,1,1
48071,2,9,8,6
48073,3,13,7,6
48075,1,6,1,1
48077,2,8,1,2
48079,2,7,1,2
48081,3,7,1,3
48083,2,9,2,4
48085,2,6,3,2
48087,1,6,1,1
48089,2,9,5,4
48091,2,9,4,3
48093,1,8,3,3
48095,3,7,1,3
48097,2,8,6,2
48099,2,11,4,4
48101,1,8,1,2
48103,1,5,1,1
48105,1,7,1,2
48107,1,7,1,1
48109,1,5,1,1
48111,1,4,1,1
48113,2,8,4,3
48115,1,7,1,2
48117,1,7,2,1
48119,2,9,1,2
48121,2,8,6,2
48123,2,9,5,5
48125,1,7,1,1
48127,1,7,2,4
48129,1,6,1,1
48131,1,7,3,2
48133,2,10,8,4
48135,1,4,2,1
48137,2,10,1,4
48139,2,8,4,2
48141,1,5,2,1
48143,1,9,5,3
48145,3,7,3,3
48147,2,9,4,3
48149,2,10,6,5
48151,1,7,1,2
48153,1,7,1,2
48155,1,8,1,2
48157,2,12,11,7
48159,2,10,1,2
48161,3,7,2,3
48163,1,10,5,5
48165,1,6,2,1
48167,2,12,10,8
48169,1,8,1,2
48171,2,8,3,3
48173,1,5,1,1
48175,2,8,5,5
48177,2,10,4,4
48179,1,5,2,1
48181,1,8,4,1
48183,2,9,5,4
48185,3,15,8,10
48187,3,11,9,5
48189,1,4,1,1
48191,1,10,1,2
48193,3,7,2,3
48195,1,5,1,1
48197,1,6,1,1
48199,3,15,9,7
48201,3,16,15,9
48203,2,14,7,6
48205,1,6,1,1
48207,1,8,1,2
48209,3,10,5,3
48211,1,6,1,1
48213,3,11,7,3
48215,3,14,11,8
48217,2,10,3,3
48219,2,7,2,2
48221,1,8,7,3
48223,3,11,1,3
48225,3,13,5,7
48227,1,6,2,1
48229,1,5,1,1
48231,1,7,2,1
48233,1,5,2,1
48235,1,5,1,1
48237,1,6,1,1
48239,2,7,5,4
48241,3,16,10,9
48243,1,5,1,1
48245,2,12,9,7
48247,1,8,3,3
48249,1,12,7,7
48251,1,5,4,1
48253,2,13,4,5
48255,1,7,5,4
48257,2,8,3,2
48259,3,11,4,4
48261,2,6,1,3
48263,1,6,1,1
48265,3,8,5,4
48267,3,10,2,4
48269,1,6,1,1
48271,1,6,1,3
48273,2,9,5,5
48275,1,7,1,2
48277,2,10,4,3
48279,1,7,1,2
48281,3,8,2,3
48283,1,8,3,4
48285,2,6,3,3
48287,4,12,3,5
48289,4,14,5,6
48291,3,16,15,9
48293,3,8,3,3
48295,1,4,1,1
48297,1,9,4,5
48299,2,7,3,3
48301,1,4,1,1
48303,1,7,3,2
48305,2,9,1,3
48307,3,9,2,4
48309,1,7,2,1
48311,1,7,3,4
48313,3,14,5,9
48315,2,10,3,4
48317,1,5,1,1
48319,2,9,1,4
48321,2,10,7,6
48323,1,7,4,3
48325,1,7,5,2
48327,2,10,2,4
48329,1,5,1,1
48331,4,12,4,6
48333,2,7,1,2
48335,1,5,1,1
48337,2,10,6,2
48339,3,15,14,9
48341,1,6,2,1
48343,3,10,1,4
48345,1,7,1,2
48347,3,10,7,5
48349,2,11,6,3
48351,3,15,8,8
48353,1,8,1,2
48355,2,13,8,7
48357,1,5,1,1
48359,1,6,1,1
48361,2,14,10,8
48363,1,7,4,2
48365,3,10,3,4
48367,1,9,7,4
48369,1,6,1,1
48371,1,6,1,1
48373,3,13,8,8
48375,1,6,2,1
48377,1,5,1,1
48379,2,7,1,2
48381,1,6,1,1
48383,1,5,1,1
48385,2,10,2,5
48387,3,12,3,3
48389,2,6,1,2
48391,2,10,4,5
48393,1,6,2,1
48395,4,9,2,4
48397,2,6,2,2
48399,1,5,2,1
48401,3,11,6,4
48403,3,12,7,7
48405,3,14,4,7
48407,3,14,12,9
48409,2,13,8,8
48411,3,10,2,5
48413,2,7,1,4
48415,1,6,2,1
48417,1,7,2,1
48419,3,12,8,6
48421,1,4,1,1
48423,2,13,9,5
48425,1,7,1,2
48427,2,9,4,4
48429,1,7,4,2
48431,2,6,1,2
48433,1,6,1,1
48435,2,9,1,4
48437,1,6,2,1
48439,1,8,5,2
48441,1,7,5,2
48443,2,6,2,2
48445,1,7,1,2
48447,1,9,1,3
48449,2,9,2,2
48451,2,7,3,2
48453,3,15,9,6
48455,3,12,8,6
48457,3,14,9,8
48459,2,10,4,4
48461,1,5,1,1
48463,2,10,2,5
48465,1,8,3,4
48467,2,9,5,3
48469,2,11,6,6
48471,3,19,12,9
48473,3,13,10,8
48475,1,4,1,1
48477,3,11,4,7
48479,2,8,5,4
48481,2,10,7,6
48483,1,6,2,1
48485,1,7,4,1
48487,1,7,1,1
48489,3,10,6,6
48491,3,9,6,2
48493,1,7,4,2
48495,1,5,1,1
48497,1,7,5,1
48499,1,6,3,2
48501,1,4,1,1
48503,1,6,1,1
48505,1,5,2,2
48507,1,9,4,4
49001,0,3,1,2
49003,0,4,1,3
49005,0,3,1,2
49007,0,1,1,0
49009,0,2,1,1
49011,1,4,2,0
49013,0,2,1,1
49015,0,2,1,1
49017,0,2,1,1
49019,0,1,1,0
49021,1,3,1,2
49023,0,1,1,0
49025,0,4,1,2
49027,0,2,1,1
49029,2,4,1,2
49031,0,2,1,1
49033,0,1,1,0
49035,1,4,2,1
49037,0,1,1,0
49039,1,3,1,2
49041,0,3,1,2
49043,0,2,1,1
49045,0,3,1,2
49047,0,3,1,2
49049,1,3,1,2
49051,1,4,1,3
49053,0,4,1,2
49055,0,1,1,0
49057,1,3,1,1
50001,3,16,4,3
50003,2,11,2,4
50005,3,16,7,5
50007,4,17,5,4
50009,6,20,4,6
50011,3,16,4,3
50013,2,9,2,2
50015,6,23,6,5
50017,4,20,3,5
50019,6,20,7,5
50021,2,11,3,4
50023,3,17,5,5
50025,3,12,3,3
50027,2,13,3,4
51001,0,6,3,3
51003,2,10,3,2
51005,0,6,2,0
51007,3,9,2,3
51009,0,5,2,1
51011,4,11,2,3
51013,0,11,3,2
51015,0,6,2,1
51017,0,6,1,0
51019,4,10,4,2
51021,2,6,3,1
51023,2,9,2,2
51025,1,6,2,3
51027,4,12,6,2
51029,3,8,2,2
51031,2,8,3,2
51033,2,11,2,2
51035,2,5,2,1
51036,0,7,3,3
51037,4,9,2,3
51041,1,8,3,4
51043,0,8,2,2
51045,2,12,2,3
51047,1,10,3,2
51049,3,9,3,2
51051,2,9,4,1
51053,1,9,3,3
51057,2,11,2,4
51059,0,9,2,1
51061,1,9,2,2
51063,3,11,2,3
51065,1,8,3,2
51067,2,7,1,2
51069,0,8,2,2
51071,2,7,4,1
51073,0,3,2,1
51075,2,6,3,1
51077,2,7,2,3
51079,2,10,2,3
51081,1,7,3,2
51083,2,11,3,3
51085,2,8,3,2
51087,0,6,3,2
51089,0,5,1,1
51091,0,10,1,2
51093,0,8,2,4
51095,0,6,2,3
51097,1,11,2,5
51099,1,12,3,2
51101,2,10,3,4
51103,1,9,2,5
51105,2,9,6,1
51107,0,7,2,2
51109,2,10,3,1
51111,2,10,2,4
51113,2,10,2,3
51115,0,6,2,4
51117,1,7,2,3
51119,1,8,2,4
51121,2,9,4,2
51125,2,10,2,4
51127,1,9,3,4
51131,0,9,2,4
51133,1,9,2,5
51135,2,9,2,4
51137,1,9,3,1
51139,1,8,2,1
51141,2,7,2,2
51143,3,11,4,4
51145,3,9,2,3
51147,3,9,3,2
51149,1,7,4,2
51153,0,9,2,2
51155,2,7,3,2
51157,1,11,2,3
51159,1,7,2,3
51161,1,8,3,2
51163,0,6,2,1
51165,1,5,2,1
51167,2,10,6,2
51169,2,9,5,1
51171,0,9,3,2
51173,2,8,5,1
51175,0,5,2,3
51177,1,8,3,1
51179,1,8,2,1
51181,0,7,2,3
51183,0,5,2,2
51185,3,14,8,1
51187,0,8,2,2
51191,2,6,3,1
51193,1,9,2,4
51195,2,9,6,1
51197,2,6,2,1
51199,0,5,2,2
51510,0,10,2,2
51520,2,4,1,2
51530,0,4,2,1
51540,0,4,2,1
51550,0,5,3,3
51570,0,5,3,2
51580,1,4,1,1
51590,1,8,2,4
51595,0,5,3,2
51600,0,9,2,2
51610,0,8,2,2
51620,0,6,2,4
51630,1,9,3,1
51640,1,6,3,2
51650,0,6,3,4
51660,0,3,2,1
51670,0,5,3,2
51678,0,2,1,0
51680,0,4,2,1
51683,0,8,2,2
51685,0,7,2,1
51690,0,4,1,2
51700,0,8,3,4
51710,0,5,3,3
51720,1,6,3,1
51730,0,5,3,2
51735,0,5,2,2
51740,0,5,3,3
51750,1,4,2,1
51760,0,7,3,3
51770,1,7,3,2
51775,0,4,3,0
51790,0,4,2,1
51800,0,5,3,3
51810,0,5,3,3
51820,0,4,2,1
51830,0,5,2,3
51840,0,6,2,1
53001,0,3,1,1
53003,0,3,1,1
53005,0,5,3,2
53007,1,11,4,3
53009,5,19,6,5
53011,1,8,3,2
53013,1,6,1,3
53015,3,10,4,4
53017,1,3,1,0
53019,2,7,1,1
53021,2,5,1,2
53023,0,6,1,3
53025,0,3,1,1
53027,3,18,7,5
53029,4,15,3,3
53031,5,18,3,5
53033,1,14,7,4
53035,0,5,4,0
53037,1,9,3,2
53039,3,10,1,3
53041,5,19,6,7
53043,1,7,1,2
53045,3,17,5,5
53047,5,10,2,1
53049,3,15,5,5
53051,2,10,1,2
53053,0,9,6,2
53055,1,6,2,2
53057,5,16,7,5
53059,5,17,3,5
53061,2,18,8,3
53063,2,6,2,1
53065,0,4,1,0
53067,1,12,7,4
53069,4,19,5,6
53071,0,5,1,2
53073,1,12,6,5
53075,2,5,1,0
53077,1,7,2,2
54001,0,8,3,2
54003,0,7,3,1
54005,5,18,9,4
54007,0,12,5,4
54009,2,9,2,2
54011,3,17,11,3
54013,1,13,8,3
54015,1,13,8,3
54017,1,14,5,3
54019,2,14,10,2
54021,1,13,5,4
54023,0,8,1,2
54025,1,10,7,2
54027,0,5,1,1
54029,2,8,3,1
54031,0,7,1,1
54033,1,12,9,2
54035,0,12,8,4
54037,0,8,2,1
54039,4,19,16,6
54041,0,15,7,6
54043,5,23,14,4
54045,2,19,11,2
54047,2,15,11,2
54049,1,11,9,2
54051,2,13,5,2
54053,1,11,8,2
54055,2,13,11,1
54057,0,5,1,1
54059,2,19,14,2
54061,0,10,4,1
54063,1,6,5,1
54065,0,6,2,1
54067,1,12,9,2
54069,3,11,5,3
54071,0,10,1,3
54073,0,7,3,3
54075,0,10,3,3
54077,1,13,5,3
54079,2,13,8,1
54081,1,13,10,1
54083,0,9,2,5
54085,0,13,4,3
54087,2,16,8,6
54089,1,11,4,2
54091,0,11,6,2
54093,0,12,3,4
54095,2,14,5,3
54097,0,11,4,4
54099,4,18,11,2
54101,0,11,6,2
54103,2,15,8,3
54105,0,11,4,2
54107,1,7,4,1
54109,1,15,10,2
55001,0,8,3,3
55003,0,7,1,2
55005,0,5,3,2
55007,0,7,3,3
55009,0,3,3,1
55011,0,5,3,2
55013,0,6,3,2
55015,0,5,4,1
55017,0,5,3,2
55019,0,9,3,4
55021,0,5,5,0
55023,0,10,7,3
55025,0,7,6,1
55027,0,5,4,0
55029,0,1,1,0
55031,0,5,2,2
55033,0,4,2,1
55035,0,2,2,0
55037,0,2,1,0
55039,0,4,3,1
55041,0,3,1,1
55043,0,10,7,1
55045,0,6,4,0
55047,0,4,3,1
55049,0,9,5,1
55051,0,6,1,3
55053,0,8,3,3
55055,0,5,5,1
55057,0,9,6,4
55059,0,8,6,2
55061,0,2,1,1
55063,0,9,6,4
55065,0,6,3,0
55067,0,3,2,1
55069,0,2,2,0
55071,0,3,3,1
55073,0,6,4,1
55075,0,3,1,1
55077,0,4,4,1
55078,0,2,1,1
55079,1,9,7,3
55081,0,8,4,3
55083,0,2,1,1
55085,0,3,1,1
55087,0,5,4,3
55089,0,4,3,1
55091,0,2,2,1
55093,0,2,2,1
55095,0,5,2,2
55097,0,7,3,2
55099,0,2,2,0
55101,0,8,6,2
55103,0,9,6,2
55105,0,5,5,1
55107,0,5,3,2
55109,0,4,3,1
55111,0,7,7,2
55113,0,4,2,0
55115,0,4,3,1
55117,0,3,3,0
55119,0,5,3,1
55121,0,5,3,1
55123,0,12,8,5
55125,0,1,1,0
55127,0,5,4,0
55129,0,5,3,1
55131,1,6,5,2
55133,1,6,6,2
55135,0,6,4,3
55137,0,4,2,1
55139,0,5,5,2
55141,0,7,3,2
56001,0,3,1,1
56003,0,2,1,0
56005,1,3,2,0
56007,0,2,1,0
56009,0,1,1,0
56011,0,3,1,0
56013,0,4,1,2
56015,0,3,1,0
56017,0,1,1,0
56019,1,4,2,1
56021,0,1,1,0
56023,0,2,1,0
56025,1,2,1,1
56027,0,2,2,1
56029,0,2,1,1
56031,0,5,1,2
56033,0,2,1,0
56035,0,1,1,0
56037,0,2,1,0
56039,0,3,1,0
56041,0,2,1,0
56043,0,3,1,1
56045,0,3,1,0
60010,0,7,6,3
60020,0,6,5,3
60050,0,7,6,3
66010,1,11,4,7
69100,1,12,7,11
69110,1,11,6,10
69120,1,11,5,10
72001,3,13,6,6
72003,1,7,6,4
72005,1,4,4,2
72007,2,8,5,5
72009,2,9,5,4
72011,2,10,5,4
72013,1,8,6,4
72015,2,8,7,4
72017,1,5,5,2
72019,2,9,4,5
72021,1,7,4,4
72023,2,9,7,3
72025,1,6,5,3
72027,2,7,4,4
72029,2,8,7,5
72031,1,6,5,4
72033,2,7,6,5
72035,1,7,5,3
72037,2,7,4,4
72039,1,9,6,4
72041,1,5,5,3
72043,2,9,6,4
72045,2,7,5,5
72047,2,9,5,4
72049,1,7,4,4
72051,2,7,6,4
72053,2,8,7,5
72054,1,4,4,2
72055,2,10,7,3
72057,1,8,6,3
72059,1,8,6,2
72061,1,6,4,4
72063,1,7,6,4
72065,1,6,4,3
72067,2,8,5,4
72069,1,6,6,3
72071,1,4,4,2
72073,2,11,5,5
72075,1,9,7,4
72077,1,9,6,4
72079,2,9,7,3
72081,2,9,5,3
72083,3,11,4,5
72085,2,9,6,5
72087,2,8,7,5
72089,3,9,6,6
72091,2,5,4,3
72093,3,11,4,5
72095,2,8,6,4
72097,2,8,5,4
72099,1,6,5,2
72101,1,9,5,3
72103,2,10,8,6
72105,2,10,7,4
72107,3,14,6,6
72109,1,9,7,4
72111,1,8,5,3
72113,2,10,6,4
72115,1,5,4,3
72117,1,8,7,4
72119,2,7,6,4
72121,2,11,5,4
72123,1,11,7,4
72125,2,10,5,3
72127,1,6,4,4
72129,2,10,6,4
72131,3,8,5,4
72133,2,10,7,4
72135,2,5,4,3
72137,2,7,7,4
72139,1,5,4,3
72141,3,16,5,6
72143,3,8,5,4
72145,2,8,7,5
72147,2,8,6,5
72149,2,11,7,4
72151,2,12,7,5
72153,2,13,7,5
78010,1,10,2,6
78020,1,9,3,6
78030,1,9,3,6
