fips,eviction_filing_rate
01001,0.0302
01003,0.033
01005,0.00928
01007,0.0172
01009,0.0156
01011,0.0321
01013,0.0181
01015,0.0351
01017,0.0357
01019,0.0175
01021,0.0256
01023,0.0126
01025,0.0158
01027,0.0132
01029,0.0169
01031,0.0259
01033,0.0238
01035,0.0157
01037,0.0173
01039,0.0251
01041,0.015
01043,0.0194
01045,0.0195
01047,0.0252
01049,0.0169
01051,0.0324
01053,0.0206
01055,0.0526
01057,0.00967
01059,0.0151
01061,0.0201
01063,0.017
01065,0.0197
01067,0.0116
01069,0.0376
01071,0.0158
01073,0.058
01075,0.00883
01077,0.0224
01079,0.011
01081,0.0247
01083,0.0256
01085,0.0158
01087,0.0148
01089,0.0439
01091,0.0159
01093,0.012
01095,0.026
01097,0.0463
01099,0.0163
01101,0.088
01103,0.0416
01105,0.0105
01107,0.017
01109,0.0305
01111,0.0149
01113,0.0546
01115,0.0292
01117,0.0359
01119,0.00636
01121,0.0293
01123,0.0447
01125,0.039
01127,0.0196
01129,0.00627
01131,0.00732
01133,0.01
02013,0.00357
02016,0.00165
02020,0.0415
02050,0.00659
02060,0.00665
02063,0.00909
02066,0.00909
02068,0.00179
02070,0.013
02090,0.0166
02100,0.00585
02105,0.00456
02110,0.016
02122,0.0197
02130,0.0221
02150,0.0122
02158,0.000704
02164,0.0234
02170,0.0252
02180,0.011
02185,0.00401
02188,0.0026
02195,0.0098
02198,0.00996
02220,0.0109
02230,0.00378
02240,0.00463
02275,0.00863
02282,0.0116
02290,0.00121
04001,0.00375
04003,0.0223
04005,0.0223
04007,0.0326
04009,0.0228
04011,0.00326
04012,0.027
04013,0.106
04015,0.0356
04017,0.0178
04019,0.0847
04021,0.0627
04023,0.0522
04025,0.0203
04027,0.0293
05001,0.00639
05003,0.00676
05005,0.00524
05007,0.00949
05009,0.00637
05011,0.00666
05013,0.0165
05015,0.00597
05017,0.00691
05019,0.015
05021,0.00598
05023,0.00783
05025,0.00177
05027,0.00944
05029,0.00729
05031,0.00683
05033,0.0023
05035,0.00531
05037,0.00279
05039,0.00135
05041,0.00716
05043,0.00267
05045,0.00606
05047,0.0155
05049,0.00596
05051,0.00436
05053,0.0105
05055,0.00557
05057,0.00904
05059,0.00759
05061,0.00794
05063,0.00786
05065,0.00475
05067,0.00647
05069,0.00309
05071,0.00948
05073,0.00729
05075,0.00625
05077,0.00654
05079,0.00842
05081,0.00527
05083,0.0101
05085,0.0101
05087,0.00433
05089,0.00756
05091,0.00717
05093,0.00389
05095,0.0144
05097,0.0186
05099,0.0214
05101,0.00134
05103,0.00879
05105,0.00212
05107,0.00716
05109,0.00849
05111,0.00314
05113,0.00462
05115,0.00833
05117,0.00783
05119,0.0241
05121,0.00315
05123,0.00232
05125,0.00861
05127,0.00459
05129,0.00298
05131,0.00339
05133,0.0102
05135,0.00227
05137,0.00368
05139,0.00503
05141,0.0052
05143,0.00399
05145,0.00702
05147,0.00361
05149,0.00945
06001,0.0164
06003,0.0509
06005,0.0255
06007,0.0216
06009,0.0286
06011,0.0148
06013,0.024
06015,0.03
06017,0.0239
06019,0.0303
06021,0.0179
06023,0.0185
06025,0.0172
06027,0.0107
06029,0.0413
06031,0.0254
06033,0.0401
06035,0.0272
06037,0.0269
06039,0.0243
06041,0.00927
06043,0.0155
06045,0.0183
06047,0.0272
06049,0.0141
06051,0.0076
06053,0.0136
06055,0.0125
06057,0.0164
06059,0.0229
06061,0.0168
06063,0.0179
06065,0.0423
06067,0.0347
06069,0.0166
06071,0.0501
06073,0.0189
06075,0.0129
06077,0.0366
06079,0.0111
06081,0.0116
06083,0.0138
06085,0.0107
06087,0.0102
06089,0.0237
06091,0.017
06093,0.0248
06095,0.0356
06097,0.0141
06099,0.0302
06101,0.0264
06103,0.0321
06105,0.0208
06107,0.0301
06109,0.0263
06111,0.0214
06113,0.0146
06115,0.0358
08001,0.114
08003,0.0282
08005,0.106
08007,0.0257
08009,0.0117
08011,0.0144
08013,0.0235
08014,0.0825
08015,0.0147
08017,0.00394
08019,0.036
08021,0.015
08023,0.0134
08025,0.0256
08027,0.025
08029,0.0302
08031,0.0539
08033,0.0172
08035,0.0592
08037,0.0168
08039,0.028
08041,0.0799
08043,0.0405
08045,0.0254
08047,0.04
08049,0.0255
08051,0.00849
08053,0.0119
08055,0.0251
08057,0.00595
08059,0.0602
08061,0.0049
08063,0.0117
08065,0.0556
08067,0.0173
08069,0.0275
08071,0.0254
08073,0.0132
08075,0.0397
08077,0.0534
08079,0.00858
08081,0.0365
08083,0.0201
08085,0.0403
08087,0.0302
08089,0.0296
08091,0.0128
08093,0.0295
08095,0.0046
08097,0.00744
08099,0.0166
08101,0.0559
08103,0.0125
08105,0.0184
08107,0.0112
08109,0.0188
08111,0.0112
08113,0.00927
08115,0.00698
08117,0.0164
08119,0.0351
08121,0.0124
08123,0.0493
08125,0.00886
09110,0.0403
09120,0.0377
09130,0.0304
09140,0.0431
09150,0.0383
09160,0.0278
09170,0.0516
09180,0.0392
09190,0.036
10001,0.18
10003,0.172
10005,0.148
11001,0.186
12001,0.0312
12003,0.0324
12005,0.0525
12007,0.0484
12009,0.0373
12011,0.0622
12013,0.0261
12015,0.0288
12017,0.0305
12019,0.0448
12021,0.0208
12023,0.0513
12027,0.0359
12029,0.0257
12031,0.0803
12033,0.0386
12035,0.0274
12037,0.0266
12039,0.0261
12041,0.0214
12043,0.0329
12045,0.0188
12047,0.0295
12049,0.0241
12051,0.0336
12053,0.0383
12055,0.0394
12057,0.0521
12059,0.0304
12061,0.0341
12063,0.0246
12065,0.0145
12067,0.0159
12069,0.0419
12071,0.033
12073,0.0532
12075,0.0321
12077,0.0175
12079,0.0233
12081,0.0403
12083,0.0414
12085,0.0238
12086,0.0441
12087,0.0227
12089,0.0269
12091,0.0342
12093,0.0343
12095,0.0507
12097,0.0395
12099,0.0468
12101,0.0486
12103,0.0411
12105,0.0524
12107,0.062
12109,0.0213
12111,0.0518
12113,0.0236
12115,0.0263
12117,0.0391
12119,0.0264
12121,0.0272
12123,0.0299
12125,0.0356
12127,0.0482
12129,0.0243
12131,0.0281
12133,0.0295
13001,0.0609
13003,0.0353
13005,0.175
13007,0.0484
13009,0.12
13011,0.0745
13013,0.166
13015,0.155
13017,0.161
13019,0.0595
13021,0.188
13023,0.0414
13025,0.0894
13027,0.0813
13029,0.0821
13031,0.159
13033,0.104
13035,0.162
13037,0.0286
13039,0.105
13043,0.0647
13045,0.196
13047,0.145
13049,0.0798
13051,0.208
13053,0.0119
13055,0.0881
13057,0.156
13059,0.093
13061,0.0396
13063,0.441
13065,0.042
13067,0.213
13069,0.0896
13071,0.0989
13073,0.0926
13075,0.104
13077,0.15
13079,0.051
13081,0.129
13083,0.0377
13085,0.11
13087,0.0918
13089,0.26
13091,0.0551
13093,0.0455
13095,0.31
13097,0.327
13099,0.0812
13101,0.0265
13103,0.129
13105,0.0751
13107,0.0904
13109,0.0721
13111,0.0573
13113,0.178
13115,0.147
13117,0.0974
13119,0.076
13121,0.228
13123,0.0782
13125,0.0616
13127,0.152
13129,0.121
13131,0.0821
13133,0.0819
13135,0.233
13137,0.067
13139,0.133
13141,0.0348
13143,0.101
13145,0.0622
13147,0.0837
13149,0.0813
13151,0.344
13153,0.141
13155,0.132
13157,0.109
13159,0.0915
13161,0.0743
13163,0.0734
13165,0.0377
13167,0.0455
13169,0.107
13171,0.128
13173,0.111
13175,0.121
13177,0.178
13179,0.0955
13181,0.0434
13183,0.112
13185,0.181
13187,0.0706
13189,0.198
13191,0.0657
13193,0.133
13195,0.0859
13197,0.0445
13199,0.091
13201,0.0492
13205,0.139
13207,0.087
13209,0.0761
13211,0.0904
13213,0.136
13215,0.0472
13217,0.33
13219,0.0486
13221,0.0663
13223,0.22
13225,0.102
13227,0.116
13229,0.1
13231,0.0924
13233,0.135
13235,0.0533
13237,0.0878
13239,0.0262
13241,0.0467
13243,0.0431
13245,0.223
13247,0.283
13249,0.0251
13251,0.0822
13253,0.0505
13255,0.305
13257,0.0754
13259,0.0411
13261,0.12
13263,0.051
13265,0.0203
13267,0.0468
13269,0.0678
13271,0.0543
13273,0.148
13275,0.102
13277,0.129
13279,0.112
13281,0.0529
13283,0.0573
13285,0.241
13287,0.0859
13289,0.0673
13291,0.0494
13293,0.127
13295,0.124
13297,0.225
13299,0.142
13301,0.0994
13303,0.076
13305,0.113
13307,0.0179
13309,0.0511
13311,0.112
13313,0.132
13315,0.0338
13317,0.0296
13319,0.06
13321,0.0856
15001,0.013
15003,0.0113
15005,0.00303
15007,0.00953
15009,0.0137
16001,0.0294
16003,0.0694
16005,0.0382
16007,0.0816
16009,0.0405
16011,0.032
16013,0.015
16015,0.0544
16017,0.0154
16019,0.0233
16021,0.0304
16023,0.122
16025,0.235
16027,0.0337
16029,0.0633
16031,0.0312
16033,0.22
16035,0.0341
16037,0.0677
16039,0.0249
16041,0.049
16043,0.0471
16045,0.0393
16047,0.0283
16049,0.0235
16051,0.0318
16053,0.0322
16055,0.0237
16057,0.00594
16059,0.037
16061,0.061
16063,0.0739
16065,0.00877
16067,0.0344
16069,0.0194
16071,0.118
16073,0.0248
16075,0.0337
16077,0.0652
16079,0.0301
16081,0.0388
16083,0.0201
16085,0.0283
16087,0.0327
17001,0.0146
17003,0.0149
17005,0.0169
17007,0.0134
17009,0.0183
17011,0.0121
17013,0.0193
17015,0.0128
17017,0.0162
17019,0.0251
17021,0.0152
17023,0.00899
17025,0.00821
17027,0.0145
17029,0.0218
17031,0.0281
17033,0.00897
17035,0.00784
17037,0.0272
17039,0.0127
17041,0.00906
17043,0.0305
17045,0.02
17047,0.000661
17049,0.0118
17051,0.0155
17053,0.0109
17055,0.0192
17057,0.0214
17059,0.0154
17061,0.0111
17063,0.028
17065,0.0119
17067,0.0136
17069,0.0164
17071,0.0226
17073,0.0155
17075,0.0202
17077,0.021
17079,0.0146
17081,0.0189
17083,0.012
17085,0.00943
17087,0.0119
17089,0.0481
17091,0.0313
17093,0.0788
17095,0.0208
17097,0.0392
17099,0.0302
17101,0.00947
17103,0.0204
17105,0.0195
17107,0.0184
17109,0.0115
17111,0.0343
17113,0.0277
17115,0.0396
17117,0.0173
17119,0.04
17121,0.0221
17123,0.0167
17125,0.0134
17127,0.0192
17129,0.0107
17131,0.0154
17133,0.0113
17135,0.0149
17137,0.0246
17139,0.0144
17141,0.0218
17143,0.0399
17145,0.0109
17147,0.00752
17149,0.00912
17151,0.0197
17153,0.0112
17155,0.0169
17157,0.0119
17159,0.011
17161,0.0396
17163,0.0398
17165,0.0183
17167,0.0509
17169,0.0141
17171,0.0213
17173,0.0121
17175,0.0148
17177,0.0329
17179,0.0231
17181,0.0101
17183,0.0454
17185,0.00594
17187,0.0204
17189,0.0116
17191,0.00685
17193,0.00783
17195,0.0189
17197,0.0637
17199,0.0206
17201,0.0484
17203,0.0132
18001,0.0126
18003,0.104
18005,0.0448
18007,0.0317
18009,0.0369
18011,0.0445
18013,0.0498
18015,0.0363
18017,0.0256
18019,0.0723
18021,0.0384
18023,0.068
18025,0.0378
18027,0.0273
18029,0.0395
18031,0.0448
18033,0.109
18035,0.0438
18037,0.0384
18039,0.0515
18041,0.0763
18043,0.0627
18045,0.0233
18047,0.0268
18049,0.0358
18051,0.039
18053,0.0595
18055,0.0379
18057,0.0597
18059,0.0506
18061,0.0506
18063,0.051
18065,0.0407
18067,0.0703
18069,0.0494
18071,0.0473
18073,0.0389
18075,0.0298
18077,0.0373
18079,0.0457
18081,0.0319
18083,0.0557
18085,0.0351
18087,0.0288
18089,0.0486
18091,0.0519
18093,0.039
18095,0.0756
18097,0.212
18099,0.0275
18101,0.0354
18103,0.0492
18105,0.0219
18107,0.0375
18109,0.036
18111,0.0284
18113,0.0493
18115,0.0576
18117,0.0344
18119,0.0604
18121,0.0221
18123,0.0254
18125,0.0302
18127,0.0363
18129,0.0495
18131,0.0253
18133,0.0337
18135,0.0591
18137,0.0262
18139,0.0293
18141,0.0664
18143,0.0594
18145,0.0219
18147,0.0222
18149,0.0224
18151,0.0416
18153,0.0365
18155,0.0401
18157,0.0597
18159,0.0367
18161,0.0163
18163,0.101
18165,0.033
18167,0.0463
18169,0.0205
18171,0.0311
18173,0.0636
18175,0.0162
18177,0.227
18179,0.0248
18181,0.0412
18183,0.0184
19001,0.0117
19003,0.00701
19005,0.0113
19007,0.0183
19009,0.00858
19011,0.0199
19013,0.0559
19015,0.0278
19017,0.00828
19019,0.019
19021,0.0095
19023,0.00702
19025,0.00863
19027,0.00886
19029,0.0188
19031,0.0146
19033,0.0337
19035,0.0107
19037,0.00993
19039,0.0245
19041,0.0137
19043,0.00942
19045,0.0367
19047,0.00853
19049,0.0333
19051,0.00833
19053,0.0111
19055,0.00661
19057,0.0379
19059,0.0148
19061,0.0351
19063,0.0136
19065,0.012
19067,0.0189
19069,0.0129
19071,0.011
19073,0.014
19075,0.00859
19077,0.0141
19079,0.0151
19081,0.014
19083,0.0113
19085,0.0165
19087,0.0161
19089,0.0159
19091,0.0137
19093,0.0063
19095,0.0148
19097,0.0148
19099,0.0377
19101,0.0252
19103,0.0219
19105,0.0181
19107,0.0174
19109,0.00916
19111,0.0272
19113,0.0663
19115,0.0162
19117,0.011
19119,0.00501
19121,0.0194
19123,0.0215
19125,0.0174
19127,0.0386
19129,0.0184
19131,0.0105
19133,0.00978
19135,0.0169
19137,0.0214
19139,0.033
19141,0.0114
19143,0.00563
19145,0.0144
19147,0.00532
19149,0.00983
19151,0.00819
19153,0.0801
19155,0.0563
19157,0.017
19159,0.00684
19161,0.00551
19163,0.0701
19165,0.0171
19167,0.00367
19169,0.0188
19171,0.0163
19173,0.00715
19175,0.0193
19177,0.0125
19179,0.0381
19181,0.033
19183,0.0164
19185,0.0099
19187,0.0345
19189,0.0121
19191,0.00497
19193,0.0488
19195,0.0145
19197,0.00919
20001,0.0176
20003,0.0234
20005,0.0221
20007,0.0268
20009,0.02
20011,0.019
20013,0.0173
20015,0.0245
20017,0.064
20019,0.0393
20021,0.0158
20023,0.0339
20025,0.045
20027,0.0214
20029,0.022
20031,0.017
20033,0.0582
20035,0.014
20037,0.01
20039,0.0447
20041,0.0157
20043,0.026
20045,0.0208
20047,0.0363
20049,0.055
20051,0.0148
20053,0.0289
20055,0.0185
20057,0.0135
20059,0.0242
20061,0.017
20063,0.0435
20065,0.0402
20067,0.0267
20069,0.0254
20071,0.0757
20073,0.021
20075,0.0406
20077,0.0243
20079,0.0227
20081,0.0254
20083,0.0613
20085,0.0204
20087,0.0194
20089,0.0427
20091,0.0335
20093,0.0408
20095,0.0277
20097,0.042
20099,0.0149
20101,0.051
20103,0.0318
20105,0.0417
20107,0.0233
20109,0.0358
20111,0.0219
20113,0.0171
20115,0.0195
20117,0.0211
20119,0.0342
20121,0.0313
20123,0.0182
20125,0.0119
20127,0.0295
20129,0.0361
20131,0.0205
20133,0.0189
20135,0.0471
20137,0.0284
20139,0.0154
20141,0.03
20143,0.0336
20145,0.026
20147,0.0268
20149,0.0247
20151,0.0306
20153,0.0327
20155,0.0172
20157,0.0269
20159,0.0196
20161,0.0148
20163,0.0282
20165,0.0405
20167,0.0251
20169,0.0233
20171,0.0274
20173,0.0544
20175,0.0156
20177,0.0339
20179,0.0393
20181,0.0165
20183,0.0359
20185,0.0324
20187,0.0525
20189,0.0256
20191,0.0239
20193,0.0153
20195,0.0408
20197,0.0311
20199,0.0583
20201,0.027
20203,0.0562
20205,0.0197
20207,0.0409
20209,0.0912
21001,0.0222
21003,0.0325
21005,0.0409
21007,0.0136
21009,0.0317
21011,0.0147
21013,0.0345
21015,0.102
21017,0.0441
21019,0.0382
21021,0.0422
21023,0.0168
21025,0.0142
21027,0.0269
21029,0.0824
21031,0.0159
21033,0.0163
21035,0.00883
21037,0.0687
21039,0.00977
21041,0.0441
21043,0.0131
21045,0.0175
21047,0.0613
21049,0.0483
21051,0.0203
21053,0.0141
21055,0.015
21057,0.0147
21059,0.0503
21061,0.0194
21063,0.0103
21065,0.0211
21067,0.104
21069,0.0121
21071,0.0205
21073,0.0911
21075,0.0214
21077,0.0873
21079,0.0422
21081,0.0822
21083,0.025
21085,0.0223
21087,0.012
21089,0.017
21091,0.0188
21093,0.069
21095,0.0194
21097,0.0344
21099,0.026
21101,0.0572
21103,0.0398
21105,0.0103
21107,0.0375
21109,0.0152
21111,0.144
21113,0.101
21115,0.0307
21117,0.107
21119,0.0157
21121,0.025
21123,0.0372
21125,0.0503
21127,0.0172
21129,0.0165
21131,0.0139
21133,0.0195
21135,0.0126
21137,0.0264
21139,0.0167
21141,0.0271
21143,0.0182
21145,0.0394
21147,0.0125
21149,0.0207
21151,0.0317
21153,0.0207
21155,0.0483
21157,0.0178
21159,0.0196
21161,0.0386
21163,0.0306
21165,0.0101
21167,0.0496
21169,0.0113
21171,0.0112
21173,0.0355
21175,0.0105
21177,0.0173
21179,0.0524
21181,0.0417
21183,0.0173
21185,0.0671
21187,0.0202
21189,0.016
21191,0.03
21193,0.025
21195,0.0166
21197,0.0355
21199,0.0342
21201,0.0141
21203,0.0181
21205,0.0144
21207,0.0155
21209,0.125
21211,0.0491
21213,0.0581
21215,0.043
21217,0.0411
21219,0.0168
21221,0.0131
21223,0.0387
21225,0.0351
21227,0.0555
21229,0.0291
21231,0.0127
21233,0.0271
21235,0.0244
21237,0.0116
21239,0.0485
22001,0.0222
22003,0.0156
22005,0.00682
22007,0.013
22009,0.00715
22011,0.00964
22013,0.00468
22015,0.0135
22017,0.0458
22019,0.0245
22021,0.00735
22023,0.00989
22025,0.00692
22027,0.00721
22029,0.0042
22031,0.00921
22033,0.0508
22035,0.00631
22037,0.00976
22039,0.0102
22041,0.00897
22043,0.00823
22045,0.0222
22047,0.00638
22049,0.00802
22051,0.0254
22053,0.0142
22055,0.026
22057,0.00733
22059,0.00669
22061,0.0212
22063,0.0186
22065,0.00713
22067,0.0109
22069,0.0135
22071,0.03
22073,0.00773
22075,0.0125
22077,0.00638
22079,0.0153
22081,0.00995
22083,0.00633
22085,0.0101
22087,0.0104
22089,0.0206
22091,0.0131
22093,0.0154
22095,0.0224
22097,0.0159
22099,0.0167
22101,0.00519
22103,0.0103
22105,0.0174
22107,0.00964
22109,0.0304
22111,0.00821
22113,0.0133
22115,0.00352
22117,0.0155
22119,0.0135
22121,0.0168
22123,0.00833
22125,0.0112
22127,0.00686
23001,0.0532
23003,0.0274
23005,0.0212
23007,0.0173
23009,0.0162
23011,0.0454
23013,0.023
23015,0.0207
23017,0.0274
23019,0.0399
23021,0.0207
23023,0.0578
23025,0.0348
23027,0.0236
23029,0.0157
23031,0.033
24001,0.141
24003,0.586
24005,1.37
24009,0.256
24011,0.245
24013,0.202
24015,0.458
24017,0.667
24019,0.475
24021,0.326
24023,0.0616
24025,0.691
24027,0.597
24029,0.12
24031,0.357
24033,1.2
24035,0.129
24037,0.395
24039,0.446
24041,0.13
24043,0.534
24045,0.751
24047,0.149
24510,1.03
25001,0.0319
25003,0.0304
25005,0.0491
25007,0.0151
25009,0.0584
25011,0.00587
25013,0.0818
25015,0.00471
25017,0.0165
25019,0.0207
25021,0.0266
25023,0.0516
25025,0.0342
25027,0.0482
26001,0.0667
26003,0.0314
26005,0.108
26007,0.0554
26009,0.0514
26011,0.067
26013,0.0222
26015,0.1
26017,0.101
26019,0.0508
26021,0.129
26023,0.102
26025,0.203
26027,0.101
26029,0.0727
26031,0.0733
26033,0.0287
26035,0.0897
26037,0.165
26039,0.069
26041,0.0631
26043,0.0339
26045,0.117
26047,0.0716
26049,0.261
26051,0.1
26053,0.0394
26055,0.0659
26057,0.0795
26059,0.0854
26061,0.0212
26063,0.0581
26065,0.161
26067,0.0965
26069,0.0568
26071,0.0555
26073,0.0587
26075,0.173
26077,0.155
26079,0.0669
26081,0.147
26083,0.0138
26085,0.0677
26087,0.127
26089,0.0205
26091,0.106
26093,0.159
26095,0.0405
26097,0.0247
26099,0.264
26101,0.0627
26103,0.0348
26105,0.0563
26107,0.0595
26109,0.0285
26111,0.0859
26113,0.0451
26115,0.205
26117,0.0663
26119,0.0554
26121,0.204
26123,0.0685
26125,0.198
26127,0.0723
26129,0.0674
26131,0.012
26133,0.065
26135,0.0387
26137,0.0988
26139,0.128
26141,0.0486
26143,0.08
26145,0.121
26147,0.155
26149,0.0931
26151,0.0751
26153,0.0361
26155,0.113
26157,0.0818
26159,0.109
26161,0.125
26163,0.239
26165,0.0972
27001,0.0204
27003,0.049
27005,0.0195
27007,0.0173
27009,0.0329
27011,0.00917
27013,0.0224
27015,0.0131
27017,0.02
27019,0.0253
27021,0.0169
27023,0.0184
27025,0.0367
27027,0.0249
27029,0.00741
27031,0.0057
27033,0.00874
27035,0.0276
27037,0.0386
27039,0.0229
27041,0.0158
27043,0.0159
27045,0.0124
27047,0.0217
27049,0.0221
27051,0.0112
27053,0.0333
27055,0.00942
27057,0.017
27059,0.0417
27061,0.0166
27063,0.00843
27065,0.0402
27067,0.017
27069,0.00664
27071,0.0148
27073,0.0118
27075,0.0132
27077,0.00769
27079,0.0266
27081,0.00729
27083,0.0138
27085,0.0214
27087,0.0236
27089,0.00804
27091,0.0107
27093,0.0221
27095,0.0296
27097,0.0198
27099,0.0203
27101,0.00768
27103,0.0161
27105,0.00612
27107,0.00739
27109,0.0228
27111,0.0204
27113,0.0195
27115,0.0332
27117,0.00899
27119,0.0116
27121,0.00786
27123,0.034
27125,0.0117
27127,0.00994
27129,0.0179
27131,0.02
27133,0.00517
27135,0.00961
27137,0.0242
27139,0.0307
27141,0.0337
27143,0.0144
27145,0.0219
27147,0.0309
27149,0.00662
27151,0.015
27153,0.0114
27155,0.0182
27157,0.019
27159,0.0138
27161,0.0289
27163,0.0348
27165,0.0129
27167,0.00744
27169,0.0167
27171,0.036
27173,0.0108
28001,0.109
28003,0.139
28005,0.0713
28007,0.0805
28009,0.0917
28011,0.111
28013,0.0555
28015,0.0902
28017,0.161
28019,0.0819
28021,0.0893
28023,0.1
28025,0.0924
28027,0.115
28029,0.113
28031,0.155
28033,0.269
28035,0.201
28037,0.109
28039,0.0844
28041,0.112
28043,0.149
28045,0.144
28047,0.26
28049,0.216
28051,0.0498
28053,0.11
28055,0.272
28057,0.0733
28059,0.224
28061,0.0857
28063,0.116
28065,0.122
28067,0.122
28069,0.121
28071,0.109
28073,0.111
28075,0.128
28077,0.0836
28079,0.0873
28081,0.143
28083,0.172
28085,0.116
28087,0.0994
28089,0.189
28091,0.099
28093,0.0523
28095,0.0734
28097,0.0733
28099,0.0765
28101,0.0963
28103,0.112
28105,0.0714
28107,0.13
28109,0.108
28111,0.0861
28113,0.0797
28115,0.0861
28117,0.114
28119,0.0917
28121,0.187
28123,0.0847
28125,0.0992
28127,0.0799
28129,0.0759
28131,0.116
28133,0.126
28135,0.0561
28137,0.174
28139,0.0529
28141,0.0844
28143,0.351
28145,0.068
28147,0.0887
28149,0.202
28151,0.135
28153,0.0656
28155,0.0754
28157,0.0818
28159,0.0728
28161,0.0932
28163,0.107
29001,0.0124
29003,0.0159
29005,0.00625
29007,0.0173
29009,0.0227
29011,0.0124
29013,0.0246
29015,0.0183
29017,0.0115
29019,0.0389
29021,0.0629
29023,0.0462
29025,0.0112
29027,0.0289
29029,0.0267
29031,0.0348
29033,0.0142
29035,0.00624
29037,0.0641
29039,0.0129
29041,0.0079
29043,0.0431
29045,0.0048
29047,0.07
29049,0.0231
29051,0.0371
29053,0.0222
29055,0.0301
29057,0.0115
29059,0.0161
29061,0.00546
29063,0.0108
29065,0.0106
29067,0.0112
29069,0.0199
29071,0.0673
29073,0.0132
29075,0.00506
29077,0.0628
29079,0.00858
29081,0.0118
29083,0.0358
29085,0.0101
29087,0.0122
29089,0.0164
29091,0.0118
29093,0.025
29095,0.0834
29097,0.0422
29099,0.0791
29101,0.0168
29103,0.00383
29105,0.0204
29107,0.0379
29109,0.0309
29111,0.0093
29113,0.0374
29115,0.00919
29117,0.00762
29119,0.0263
29121,0.00739
29123,0.0161
29125,0.0151
29127,0.0203
29129,0.00463
29131,0.0272
29133,0.023
29135,0.0134
29137,0.00776
29139,0.0161
29141,0.0191
29143,0.0131
29145,0.0363
29147,0.00726
29149,0.00496
29151,0.0201
29153,0.00829
29155,0.0232
29157,0.0216
29159,0.0487
29161,0.0201
29163,0.0148
29165,0.0491
29167,0.0268
29169,0.0155
29171,0.00817
29173,0.00906
29175,0.024
29177,0.0304
29179,0.00615
29181,0.0134
29183,0.0516
29185,0.0151
29186,0.0236
29187,0.035
29189,0.0843
29195,0.0127
29197,0.0113
29199,0.00379
29201,0.0288
29203,0.00549
29205,0.00651
29207,0.0293
29209,0.033
29211,0.00799
29213,0.0429
29215,0.00864
29217,0.017
29219,0.043
29221,0.0224
29223,0.00907
29225,0.0297
29227,0.00352
29229,0.0199
29510,0.0749
30001,0.0119
30003,0.0152
30005,0.0149
30007,0.0273
30009,0.0175
30011,0.106
30013,0.0206
30015,0.0137
30017,0.0156
30019,0.0978
30021,0.0209
30023,0.0218
30025,0.042
30027,0.0171
30029,0.00899
30031,0.00499
30033,0.121
30035,0.0114
30037,0.158
30039,0.0397
30041,0.0113
30043,0.0242
30045,0.0647
30047,0.01
30049,0.00777
30051,0.0458
30053,0.016
30055,0.102
30057,0.0219
30059,0.0593
30061,0.0398
30063,0.00772
30065,0.0275
30067,0.0129
30069,0.243
30071,0.0267
30073,0.022
30075,0.0709
30077,0.0237
30079,0.146
30081,0.0117
30083,0.0136
30085,0.00977
30087,0.0122
30089,0.015
30091,0.0342
30093,0.019
30095,0.0186
30097,0.027
30099,0.026
30101,0.0243
30103,0.155
30105,0.0167
30107,0.0555
30109,0.116
30111,0.0148
31001,0.0145
31003,0.00274
31005,0.00584
31007,0.00367
31009,0.00887
31011,0.00442
31013,0.0138
31015,0.00179
31017,0.00253
31019,0.0261
31021,0.0104
31023,0.00922
31025,0.0434
31027,0.0046
31029,0.00558
31031,0.00658
31033,0.0139
31035,0.00628
31037,0.00577
31039,0.00415
31041,0.00419
31043,0.0178
31045,0.00315
31047,0.012
31049,0.00862
31051,0.00371
31053,0.0215
31055,0.0608
31057,0.0061
31059,0.0115
31061,0.00393
31063,0.00499
31065,0.0051
31067,0.016
31069,0.00545
31071,0.00486
31073,0.0122
31075,0.0192
31077,0.00161
31079,0.0224
31081,0.00784
31083,0.00479
31085,0.00582
31087,0.00764
31089,0.0037
31091,0.025
31093,0.0052
31095,0.0102
31097,0.00769
31099,0.0123
31101,0.0104
31103,0.00636
31105,0.0102
31107,0.0024
31109,0.0358
31111,0.025
31113,0.00643
31115,0.0104
31117,0.00968
31119,0.0105
31121,0.00942
31123,0.00756
31125,0.00722
31127,0.00589
31129,0.00411
31131,0.0174
31133,0.00563
31135,0.00404
31137,0.00933
31139,0.00555
31141,0.00986
31143,0.00686
31145,0.0111
31147,0.0115
31149,0.00228
31151,0.0131
31153,0.031
31155,0.0115
31157,0.0257
31159,0.00987
31161,0.00574
31163,0.00555
31165,0.00663
31167,0.00955
31169,0.00587
31171,0.00482
31173,0.00257
31175,0.00341
31177,0.0174
31179,0.00413
31181,0.00742
31183,0.00406
31185,0.0172
32001,0.0651
32003,0.0964
32005,0.0169
32007,0.0246
32009,0.00858
32011,0.00502
32013,0.0127
32015,0.0144
32017,0.00843
32019,0.105
32021,0.0466
32023,0.0351
32027,0.0622
32029,0.0214
32031,0.0519
32033,0.0254
32510,0.109
33001,0.0617
33003,0.0343
33005,0.0468
33007,0.045
33009,0.0294
33011,0.0555
33013,0.0546
33015,0.0378
33017,0.0564
33019,0.0626
34001,0.158
34003,0.0773
34005,0.158
34007,0.172
34009,0.0834
34011,0.168
34013,0.239
34015,0.129
34017,0.0949
34019,0.0447
34021,0.167
34023,0.124
34025,0.105
34027,0.0622
34029,0.106
34031,0.132
34033,0.162
34035,0.107
34037,0.0876
34039,0.138
34041,0.124
35001,0.102
35003,0.00779
35005,0.0424
35006,0.0317
35007,0.0193
35009,0.0516
35011,0.0122
35013,0.0433
35015,0.0452
35017,0.0295
35019,0.0214
35021,0.00462
35023,0.025
35025,0.0517
35027,0.0464
35028,0.00738
35029,0.0281
35031,0.0143
35033,0.0131
35035,0.03
35037,0.0235
35039,0.0241
35041,0.0246
35043,0.0539
35045,0.0402
35047,0.0182
35049,0.0291
35051,0.0431
35053,0.0193
35055,0.018
35057,0.03
35059,0.0115
35061,0.0456
36001,0.0805
36003,0.0896
36005,0.211
36007,0.0442
36009,0.0875
36011,0.124
36013,0.0786
36015,0.0916
36017,0.111
36019,0.0937
36021,0.0816
36023,0.0903
36025,0.0757
36027,0.187
36029,0.064
36031,0.0832
36033,0.0777
36035,0.197
36037,0.18
36039,0.0889
36041,0.165
36043,0.0807
36045,0.0828
36047,0.094
36049,0.111
36051,0.0926
36053,0.0955
36055,0.0357
36057,0.09
36059,0.0536
36061,0.0806
36063,0.0674
36065,0.0727
36067,0.043
36069,0.0709
36071,0.0699
36073,0.0901
36075,0.128
36077,0.0853
36079,0.0985
36081,0.0765
36083,0.078
36085,0.0815
36087,0.116
36089,0.0626
36091,0.0687
36093,0.0691
36095,0.12
36097,0.113
36099,0.0874
36101,0.0832
36103,0.0286
36105,0.0785
36107,0.0825
36109,0.0651
36111,0.0481
36113,0.11
36115,0.091
36117,0.0855
36119,0.0569
36121,0.106
36123,0.0798
37001,0.12
37003,0.0463
37005,0.0255
37007,0.073
37009,0.026
37011,0.0187
37013,0.0531
37015,0.0547
37017,0.0585
37019,0.0489
37021,0.056
37023,0.0507
37025,0.149
37027,0.0698
37029,0.0458
37031,0.0408
37033,0.0324
37035,0.0866
37037,0.0329
37039,0.0458
37041,0.0348
37043,0.0459
37045,0.106
37047,0.0484
37049,0.0763
37051,0.148
37053,0.0456
37055,0.0361
37057,0.0919
37059,0.05
37061,0.0362
37063,0.174
37065,0.352
37067,0.181
37069,0.0703
37071,0.163
37073,0.0352
37075,0.0287
37077,0.0971
37079,0.0415
37081,0.194
37083,0.0722
37085,0.0664
37087,0.0605
37089,0.0456
37091,0.0556
37093,0.0918
37095,0.0149
37097,0.0872
37099,0.0334
37101,0.0762
37103,0.0443
37105,0.0792
37107,0.169
37109,0.0617
37111,0.0474
37113,0.04
37115,0.0324
37117,0.0713
37119,0.183
37121,0.029
37123,0.0463
37125,0.0333
37127,0.344
37129,0.0842
37131,0.0467
37133,0.0666
37135,0.0453
37137,0.027
37139,0.107
37141,0.05
37143,0.0457
37145,0.0632
37147,0.147
37149,0.0219
37151,0.0788
37153,0.0806
37155,0.101
37157,0.0727
37159,0.108
37161,0.0605
37163,0.0588
37165,0.0908
37167,0.0536
37169,0.0342
37171,0.0414
37173,0.0204
37175,0.0445
37177,0.0377
37179,0.0777
37181,0.213
37183,0.114
37185,0.0642
37187,0.0759
37189,0.0224
37191,0.102
37193,0.046
37195,0.206
37197,0.036
37199,0.0202
38001,0.00539
38003,0.00653
38005,0.00228
38007,0.00345
38009,0.00268
38011,0.00183
38013,0.00321
38015,0.0124
38017,0.0122
38019,0.00215
38021,0.00356
38023,0.0046
38025,0.0076
38027,0.00493
38029,0.00557
38031,0.00186
38033,0.0075
38035,0.00753
38037,0.00215
38039,0.00709
38041,0.00506
38043,0.00487
38045,0.00156
38047,0.00382
38049,0.00411
38051,0.00203
38053,0.00992
38055,0.00191
38057,0.00386
38059,0.021
38061,0.00439
38063,0.00179
38065,0.0104
38067,0.00303
38069,0.00419
38071,0.00781
38073,0.00545
38075,0.00427
38077,0.00797
38079,0.00529
38081,0.0028
38083,0.0085
38085,0.000537
38087,0.0129
38089,0.0138
38091,0.0045
38093,0.00984
38095,0.00147
38097,0.00451
38099,0.00579
38101,0.0233
38103,0.0038
38105,0.0316
39001,0.035
39003,0.0629
39005,0.0232
39007,0.0475
39009,0.02
39011,0.023
39013,0.0273
39015,0.0357
39017,0.106
39019,0.0175
39021,0.0445
39023,0.0712
39025,0.0706
39027,0.0445
39029,0.0273
39031,0.0283
39033,0.0414
39035,0.0848
39037,0.0292
39039,0.0399
39041,0.0331
39043,0.0648
39045,0.0535
39047,0.0339
39049,0.0745
39051,0.0392
39053,0.03
39055,0.0255
39057,0.0365
39059,0.0244
39061,0.0833
39063,0.033
39065,0.0299
39067,0.0147
39069,0.0371
39071,0.0418
39073,0.0299
39075,0.0113
39077,0.0523
39079,0.0298
39081,0.0396
39083,0.0356
39085,0.0523
39087,0.0368
39089,0.0543
39091,0.0435
39093,0.0586
39095,0.105
39097,0.0428
39099,0.0665
39101,0.0752
39103,0.0334
39105,0.0263
39107,0.0284
39109,0.0392
39111,0.00952
39113,0.0641
39115,0.0234
39117,0.03
39119,0.0483
39121,0.0199
39123,0.031
39125,0.0291
39127,0.0348
39129,0.0558
39131,0.0305
39133,0.0418
39135,0.0324
39137,0.0129
39139,0.0687
39141,0.0439
39143,0.0372
39145,0.0412
39147,0.0468
39149,0.0488
39151,0.0609
39153,0.0631
39155,0.0571
39157,0.0338
39159,0.0375
39161,0.04
39163,0.0299
39165,0.0432
39167,0.0236
39169,0.0395
39171,0.0322
39173,0.0322
39175,0.0197
40001,0.0332
40003,0.0207
40005,0.0258
40007,0.0135
40009,0.029
40011,0.0178
40013,0.0648
40015,0.0175
40017,0.046
40019,0.0352
40021,0.0299
40023,0.019
40025,0.0196
40027,0.0602
40029,0.03
40031,0.073
40033,0.0223
40035,0.025
40037,0.0384
40039,0.0112
40041,0.0215
40043,0.0107
40045,0.0216
40047,0.0331
40049,0.0229
40051,0.0386
40053,0.0178
40055,0.0238
40057,0.0377
40059,0.0182
40061,0.0128
40063,0.0376
40065,0.0244
40067,0.0217
40069,0.0275
40071,0.0168
40073,0.0136
40075,0.0157
40077,0.0186
40079,0.03
40081,0.0224
40083,0.0384
40085,0.0305
40087,0.0368
40089,0.0252
40091,0.0271
40093,0.0214
40095,0.0299
40097,0.0518
40099,0.0269
40101,0.0371
40103,0.0106
40105,0.0173
40107,0.023
40109,0.0607
40111,0.0402
40113,0.0336
40115,0.0344
40117,0.0234
40119,0.0219
40121,0.0362
40123,0.038
40125,0.05
40127,0.0195
40129,0.0249
40131,0.0444
40133,0.0338
40135,0.0279
40137,0.0464
40139,0.0098
40141,0.0227
40143,0.12
40145,0.0702
40147,0.0359
40149,0.0149
40151,0.00672
40153,0.0507
41001,0.000952
41003,0.0102
41005,0.035
41007,0.0274
41009,0.0326
41011,0.0352
41013,0.0362
41015,0.0219
41017,0.0224
41019,0.0268
41021,0.00237
41023,0.000783
41025,0.00074
41027,0.00894
41029,0.0363
41031,0.0386
41033,0.027
41035,0.0566
41037,0.0215
41039,0.0272
41041,0.0259
41043,0.0254
41045,0.00838
41047,0.0395
41049,0.0089
41051,0.0358
41053,0.0358
41055,0.00143
41057,0.00726
41059,0.0305
41061,0.0205
41063,0.0112
41065,0.0232
41067,0.0306
41069,0.00346
41071,0.0245
42001,0.0414
42003,0.0675
42005,0.0241
42007,0.0667
42009,0.0247
42011,0.0993
42013,0.0422
42015,0.0317
42017,0.0992
42019,0.0367
42021,0.0369
42023,0.0154
42025,0.0549
42027,0.0221
42029,0.054
42031,0.0112
42033,0.0269
42035,0.0466
42037,0.055
42039,0.0302
42041,0.0575
42043,0.162
42045,0.111
42047,0.0181
42049,0.0752
42051,0.0396
42053,0.00926
42055,0.0692
42057,0.0176
42059,0.037
42061,0.0266
42063,0.031
42065,0.0211
42067,0.0157
42069,0.0492
42071,0.0638
42073,0.0711
42075,0.0622
42077,0.129
42079,0.0508
42081,0.0518
42083,0.0231
42085,0.0621
42087,0.0239
42089,0.0793
42091,0.0647
42093,0.0347
42095,0.081
42097,0.0337
42099,0.0499
42101,0.0783
42103,0.0445
42105,0.0122
42107,0.0473
42109,0.0249
42111,0.0237
42113,0.0162
42115,0.0271
42117,0.0217
42119,0.0142
42121,0.0272
42123,0.0221
42125,0.0539
42127,0.0338
42129,0.0438
42131,0.0232
42133,0.143
44001,0.0507
44003,0.13
44005,0.0338
44007,0.0507
44009,0.0252
45001,0.166
45003,0.155
45005,0.0889
45007,0.209
45009,0.144
45011,0.186
45013,0.114
45015,0.361
45017,0.086
45019,0.302
45021,0.348
45023,0.154
45025,0.0903
45027,0.14
45029,0.184
45031,0.219
45033,0.197
45035,0.352
45037,0.0932
45039,0.148
45041,0.431
45043,0.195
45045,0.221
45047,0.243
45049,0.067
45051,0.171
45053,0.138
45055,0.159
45057,0.183
45059,0.267
45061,0.165
45063,0.236
45065,0.0873
45067,0.355
45069,0.166
45071,0.194
45073,0.105
45075,0.185
45077,0.15
45079,0.327
45081,0.0814
45083,0.301
45085,0.296
45087,0.155
45089,0.111
45091,0.284
46003,0.0146
46005,0.00106
46007,0.000876
46009,0.00313
46011,0.000862
46013,0.00318
46015,0.00328
46017,0.0066
46019,0.00584
46021,0.0239
46023,0.000544
46025,0.00126
46027,0.00349
46029,0.00323
46031,0.00336
46033,0.00335
46035,0.00224
46037,0.000637
46039,0.00229
46041,0.00245
46043,0.00471
46045,0.0024
46047,0.00622
46049,0.0159
46051,0.000556
46053,0.00583
46055,0.0031
46057,0.000988
46059,0.00101
46061,0.00529
46063,0.00413
46065,0.00164
46067,0.00122
46069,0.00392
46071,0.00223
46073,0.00235
46075,0.00465
46077,0.00151
46079,0.00203
46081,0.00399
46083,0.00496
46085,0.00088
46087,0.00411
46089,0.00201
46091,0.000798
46093,0.00828
46095,0.00341
46097,0.00255
46099,0.0114
46101,0.00178
46102,0.000264
46103,0.0127
46105,0.00882
46107,0.00197
46109,0.00144
46111,0.00183
46115,0.00379
46117,0.00272
46119,0.0216
46121,0.000507
46123,0.00199
46125,0.00293
46127,0.00498
46129,0.0016
46135,0.00614
46137,0.000897
47001,0.0476
47003,0.0342
47005,0.0274
47007,0.0314
47009,0.0254
47011,0.019
47013,0.023
47015,0.0218
47017,0.0233
47019,0.0298
47021,0.0372
47023,0.0332
47025,0.0192
47027,0.0235
47029,0.0176
47031,0.0153
47033,0.0534
47035,0.0204
47037,0.183
47039,0.0289
47041,0.0208
47043,0.0343
47045,0.034
47047,0.0255
47049,0.022
47051,0.0157
47053,0.0239
47055,0.022
47057,0.0313
47059,0.0185
47061,0.0227
47063,0.0221
47065,0.0444
47067,0.0228
47069,0.022
47071,0.0205
47073,0.0317
47075,0.0375
47077,0.0397
47079,0.0297
47081,0.0249
47083,0.0423
47085,0.0314
47087,0.0286
47089,0.0316
47091,0.0319
47093,0.035
47095,0.0543
47097,0.039
47099,0.0192
47101,0.0223
47103,0.0224
47105,0.0281
47107,0.0293
47109,0.0222
47111,0.0388
47113,0.0236
47115,0.0334
47117,0.0203
47119,0.0169
47121,0.029
47123,0.0251
47125,0.0471
47127,0.0506
47129,0.0242
47131,0.03
47133,0.0182
47135,0.0334
47137,0.0254
47139,0.0216
47141,0.0135
47143,0.0214
47145,0.0223
47147,0.0214
47149,0.0197
47151,0.0175
47153,0.0272
47155,0.0162
47157,0.114
47159,0.0293
47161,0.0219
47163,0.0276
47165,0.0507
47167,0.0447
47169,0.0445
47171,0.0275
47173,0.0368
47175,0.05
47177,0.0169
47179,0.0146
47181,0.0219
47183,0.0368
47185,0.0262
47187,0.017
47189,0.0542
48001,0.0411
48003,0.0275
48005,0.048
48007,0.0504
48009,0.00913
48011,0.0139
48013,0.0444
48015,0.0264
48017,0.00994
48019,0.0365
48021,0.0428
48023,0.0129
48025,0.0274
48027,0.0848
48029,0.0753
48031,0.0181
48033,0
48035,0.0254
48037,0.0647
48039,0.0851
48041,0.0262
48043,0.0126
48045,0.00835
48047,0.00874
48049,0.0371
48051,0.0191
48053,0.0301
48055,0.0451
48057,0.0408
48059,0.0273
48061,0.0159
48063,0.0275
48065,0.00602
48067,0.0191
48069,0.0105
48071,0.069
48073,0.036
48075,0.0163
48077,0.0414
48079,0.0156
48081,0.0181
48083,0.0165
48085,0.0633
48087,0.00851
48089,0.0244
48091,0.0462
48093,0.0179
48095,0.00655
48097,0.0402
48099,0.0367
48101,0.005
48103,0.0156
48105,0.0261
48107,0.0192
48109,0.00208
48111,0.0237
48113,0.084
48115,0.0206
48117,0.0226
48119,0.0487
48121,0.0717
48123,0.0217
48125,0.00731
48127,0.0111
48129,0.0189
48131,0.0127
48133,0.0234
48135,0.047
48137,0.00701
48139,0.0512
48141,0.0288
48143,0.0231
48145,0.0193
48147,0.0302
48149,0.0219
48151,0.00945
48153,0.00757
48155,0.00691
48157,0.0634
48159,0.0327
48161,0.0236
48163,0.0161
48165,0.0137
48167,0.0826
48169,0.0258
48171,0.0198
48173,0.00743
48175,0.0249
48177,0.016
48179,0.0358
48181,0.0583
48183,0.0746
48185,0.0213
48187,0.0368
48189,0.0264
48191,0.00341
48193,0.0294
48195,0.0107
48197,0.0232
48199,0.0495
48201,0.0796
48203,0.0534
48205,0.00757
48207,0.0177
48209,0.0413
48211,0.0188
48213,0.0459
48215,0.0266
48217,0.0331
48219,0.0464
48221,0.0401
48223,0.0484
48225,0.0293
48227,0.042
48229,0.00202
48231,0.0765
48233,0.0328
48235,0.0199
48237,0.029
48239,0.0508
48241,0.0288
48243,0.00946
48245,0.0757
48247,0.00495
48249,0.0337
48251,0.0575
48253,0.0231
48255,0.00761
48257,0.0459
48259,0.0145
48261,0
48263,0
48265,0.0272
48267,0.00923
48269,0
48271,0.00307
48273,0.0105
48275,0.00184
48277,0.0554
48279,0.016
48281,0.026
48283,0.00115
48285,0.0266
48287,0.0404
48289,0.0249
48291,0.0546
48293,0.035
48295,0
48297,0.024
48299,0.0354
48301,0.0267
48303,0.0572
48305,0.00753
48307,0.0164
48309,0.0563
48311,0.00862
48313,0.0292
48315,0.0218
48317,0.0153
48319,0.00861
48321,0.0438
48323,0.0114
48325,0.0329
48327,0.005
48329,0.0382
48331,0.0246
48333,0.0123
48335,0.0333
48337,0.0201
48339,0.0609
48341,0.0238
48343,0.0288
48345,0.00311
48347,0.0331
48349,0.0679
48351,0.0332
48353,0.0374
48355,0.058
48357,0.0238
48359,0.00251
48361,0.0866
48363,0.0718
48365,0.0245
48367,0.0476
48369,0.00686
48371,0.0275
48373,0.0448
48375,0.0726
48377,0.00543
48379,0.0321
48381,0.0474
48383,0.0147
48385,0.0103
48387,0.0291
48389,0.0388
48391,0.0162
48393,0.0119
48395,0.015
48397,0.0518
48399,0.0178
48401,0.0314
48403,0.0207
48405,0.0356
48407,0.0428
48409,0.0324
48411,0.0156
48413,0.00826
48415,0.0233
48417,0.0286
48419,0.0322
48421,0.00328
48423,0.0581
48425,0.0191
48427,0.00482
48429,0.0374
48431,0.00711
48433,0.00258
48435,0.00735
48437,0.0161
48439,0.0923
48441,0.0585
48443,0.0047
48445,0.0303
48447,0.00407
48449,0.0256
48451,0.0394
48453,0.0375
48455,0.0324
48457,0.0184
48459,0.0408
48461,0.0104
48463,0.0195
48465,0.009
48467,0.0373
48469,0.0382
48471,0.0321
48473,0.0516
48475,0.0335
48477,0.033
48479,0.0263
48481,0.0349
48483,0.0112
48485,0.0613
48487,0.0313
48489,0.0251
48491,0.0457
48493,0.0218
48495,0.0128
48497,0.0352
48499,0.0296
48501,0.0148
48503,0.02
48505,0.0061
48507,0.0122
49001,0.00824
49003,0.018
49005,0.00705
49007,0.0249
49009,0.00336
49011,0.028
49013,0.015
49015,0.0115
49017,0.00235
49019,0.0118
49021,0.0125
49023,0.0171
49025,0.0116
49027,0.0132
49029,0.00432
49031,0.00367
49033,0.00916
49035,0.0302
49037,0.00334
49039,0.00961
49041,0.0141
49043,0.0109
49045,0.0376
49047,0.0158
49049,0.0145
49051,0.0136
49053,0.0145
49055,0.00584
49057,0.0393
50001,0.0168
50003,0.0306
50005,0.0254
50007,0.0157
50009,0.012
50011,0.0321
50013,0.0163
50015,0.0138
50017,0.0206
50019,0.0182
50021,0.0319
50023,0.0214
50025,0.0255
50027,0.0226
51001,0.0451
51003,0.0915
51005,0.1
51007,0.0376
51009,0.0847
51011,0.0511
51013,0.0306
51015,0.0897
51017,0.0144
51019,0.0895
51021,0.0138
51023,0.0437
51025,0.0345
51027,0.0133
51029,0.0368
51031,0.11
51033,0.102
51035,0.0382
51036,0.0339
51037,0.0472
51041,0.258
51043,0.0268
51045,0.0348
51047,0.106
51049,0.0334
51051,0.0198
51053,0.141
51057,0.103
51059,0.0548
51061,0.0439
51063,0.0245
51065,0.0448
51067,0.052
51069,0.046
51071,0.0488
51073,0.109
51075,0.0315
51077,0.0178
51079,0.061
51081,0.118
51083,0.0575
51085,0.11
51087,0.25
51089,0.064
51091,0.0115
51093,0.151
51095,0.208
51097,0.0422
51099,0.138
51101,0.056
51103,0.0577
51105,0.0208
51107,0.0511
51109,0.108
51111,0.0388
51113,0.0305
51115,0.0487
51117,0.0378
51119,0.044
51121,0.053
51125,0.0312
51127,0.055
51131,0.042
51133,0.034
51135,0.0402
51137,0.0683
51139,0.069
51141,0.0262
51143,0.0515
51145,0.064
51147,0.0607
51149,0.276
51153,0.144
51155,0.0774
51157,0.0235
51159,0.0507
51161,0.0657
51163,0.0639
51165,0.134
51167,0.0234
51169,0.0177
51171,0.0627
51173,0.0458
51175,0.0834
51177,0.122
51179,0.145
51181,0.0697
51183,0.0533
51185,0.0337
51187,0.0925
51191,0.04
51193,0.09
51195,0.0492
51197,0.0547
51199,0.162
51510,0.0863
51520,0.164
51530,0.0828
51540,0.0616
51550,0.251
51570,0.174
51580,0.333
51590,0.168
51595,0.0954
51600,0.00615
51610,0.0177
51620,0.161
51630,0.156
51640,0.0422
51650,0.355
51660,0.206
51670,0.328
51678,0.317
51680,0.142
51683,0.253
51685,0.35
51690,0.151
51700,0.372
51710,0.294
51720,0.218
51730,0.44
51735,0.26
51740,0.349
51750,0.049
51760,0.336
51770,0.175
51775,0.118
51790,0.0797
51800,0.242
51810,0.205
51820,0.135
51830,0.484
51840,0.103
53001,0.00456
53003,0.0176
53005,0.0238
53007,0.00875
53009,0.0151
53011,0.0207
53013,0.0143
53015,0.0266
53017,0.00849
53019,0.00344
53021,0.0162
53023,0.0082
53025,0.0139
53027,0.0252
53029,0.00918
53031,0.00918
53033,0.0151
53035,0.0167
53037,0.00813
53039,0.0108
53041,0.018
53043,0.00653
53045,0.0174
53047,0.00783
53049,0.0143
53051,0.0124
53053,0.0281
53055,0.00553
53057,0.0156
53059,0.0143
53061,0.0214
53063,0.0221
53065,0.012
53067,0.0171
53069,0.0122
53071,0.0116
53073,0.0106
53075,0.00356
53077,0.0183
54001,0.0291
54003,0.15
54005,0.0391
54007,0.0323
54009,0.0409
54011,0.0598
54013,0.0334
54015,0.0379
54017,0.0484
54019,0.0327
54021,0.0333
54023,0.0391
54025,0.031
54027,0.042
54029,0.0596
54031,0.0719
54033,0.0628
54035,0.0373
54037,0.0939
54039,0.0466
54041,0.0487
54043,0.0192
54045,0.0369
54047,0.0181
54049,0.0481
54051,0.0496
54053,0.0389
54055,0.0556
54057,0.0584
54059,0.0242
54061,0.0452
54063,0.0323
54065,0.0887
54067,0.0331
54069,0.0532
54071,0.03
54073,0.0448
54075,0.0472
54077,0.0389
54079,0.0448
54081,0.059
54083,0.068
54085,0.0354
54087,0.0265
54089,0.0286
54091,0.0474
54093,0.0404
54095,0.0442
54097,0.0529
54099,0.0349
54101,0.0277
54103,0.0388
54105,0.0596
54107,0.0648
54109,0.031
55001,0.0241
55003,0.0213
55005,0.0194
55007,0.00777
55009,0.0329
55011,0.0134
55013,0.0182
55015,0.0191
55017,0.0242
55019,0.0119
55021,0.0262
55023,0.00783
55025,0.0224
55027,0.0299
55029,0.0111
55031,0.0265
55033,0.0198
55035,0.0173
55037,0.00748
55039,0.0293
55041,0.00861
55043,0.013
55045,0.0155
55047,0.0253
55049,0.0152
55051,0.0122
55053,0.0215
55055,0.0242
55057,0.0259
55059,0.0495
55061,0.0129
55063,0.0246
55065,0.00809
55067,0.0172
55069,0.0228
55071,0.0232
55073,0.0308
55075,0.0178
55077,0.0193
55078,0.000962
55079,0.0705
55081,0.0176
55083,0.017
55085,0.0206
55087,0.0175
55089,0.0131
55091,0.0122
55093,0.0171
55095,0.0243
55097,0.0139
55099,0.0139
55101,0.0587
55103,0.0121
55105,0.0496
55107,0.0256
55109,0.0246
55111,0.0193
55113,0.0112
55115,0.016
55117,0.028
55119,0.00932
55121,0.0137
55123,0.013
55125,0.00867
55127,0.0222
55129,0.0124
55131,0.0203
55133,0.0149
55135,0.0196
55137,0.0168
55139,0.0284
55141,0.0305
56001,0.00425
56003,0.00637
56005,0.0153
56007,0.0144
56009,0.00715
56011,0.00516
56013,0.0113
56015,0.00512
56017,0.00465
56019,0.00861
56021,0.0363
56023,0.00742
56025,0.0309
56027,0.00189
56029,0.00511
56031,0.00673
56033,0.00676
56035,0.004
56037,0.0219
56039,0.00132
56041,0.0107
56043,0.00827
56045,0.00441
