fips,geomag_lat,geomag_factor
01001,41.4,0.12
01003,39.5,0.1
01005,40.8,0.11
01007,41.9,0.12
01009,42.9,0.14
01011,41,0.11
01013,40.7,0.11
01015,42.7,0.14
01017,41.9,0.12
01019,43,0.14
01021,41.8,0.12
01023,40.8,0.11
01025,40.5,0.11
01027,42.2,0.13
01029,42.6,0.13
01031,40.3,0.1
01033,43.6,0.15
01035,40.3,0.1
01037,41.9,0.12
01039,40.2,0.1
01041,40.7,0.11
01043,43,0.14
01045,40.4,0.1
01047,41.2,0.11
01049,43.4,0.15
01051,41.5,0.12
01053,40,0.1
01055,43,0.14
01057,42.6,0.13
01059,43.3,0.15
01061,40,0.1
01063,41.7,0.12
01065,41.6,0.12
01067,40.5,0.11
01069,40.1,0.1
01071,43.7,0.15
01073,42.4,0.13
01075,42.6,0.13
01077,43.8,0.15
01079,43.4,0.15
01081,41.6,0.12
01083,43.7,0.15
01085,41.1,0.11
01087,41.3,0.12
01089,43.7,0.15
01091,41.1,0.11
01093,43,0.14
01095,43.2,0.14
01097,39.5,0.1
01099,40.5,0.1
01101,41.1,0.11
01103,43.4,0.15
01105,41.5,0.12
01107,42.1,0.13
01109,40.7,0.11
01111,42.3,0.13
01113,41.3,0.11
01115,42.6,0.13
01117,42.2,0.13
01119,41.4,0.12
01121,42.3,0.13
01123,41.8,0.12
01125,42.2,0.13
01127,42.7,0.14
01129,40.2,0.1
01131,40.9,0.11
01133,43,0.14
02013,54.3,0.52
02016,48.4,0.26
02020,62,1
02050,60,1
02060,58.4,0.83
02063,61.8,1
02066,63.6,1
02068,64.2,1
02070,59,0.89
02090,65.7,1
02100,62.2,1
02105,61.5,1
02110,61.7,1
02122,60.7,1
02130,59.4,0.93
02150,57.9,0.78
02158,60.8,1
02164,57.9,0.78
02170,63,1
02180,63,1
02185,69,1
02188,65.7,1
02195,60.7,1
02198,59.3,0.92
02220,60.4,1
02230,62.7,1
02240,65.5,1
02275,60,0.99
02282,62.3,1
02290,65.5,1
04001,42.5,0.13
04003,39,0.1
04005,42.7,0.14
04007,40.8,0.11
04009,40.1,0.1
04011,40.4,0.1
04012,40.4,0.1
04013,40.2,0.1
04015,42.4,0.13
04017,42.5,0.13
04019,39.1,0.1
04021,39.9,0.1
04023,38.6,0.1
04025,41.5,0.12
04027,39.5,0.1
05001,43,0.14
05003,41.8,0.12
05005,44.9,0.17
05007,44.8,0.17
05009,44.9,0.17
05011,42.1,0.13
05013,42.2,0.13
05015,44.9,0.17
05017,41.9,0.12
05019,42.6,0.13
05021,45.1,0.18
05023,44.2,0.16
05025,42.5,0.13
05027,41.8,0.12
05029,43.9,0.15
05031,44.5,0.17
05033,44.1,0.16
05035,43.9,0.16
05037,44,0.16
05039,42.6,0.13
05041,42.5,0.13
05043,42.2,0.13
05045,43.8,0.15
05047,44,0.16
05049,45,0.18
05051,43.1,0.14
05053,42.9,0.14
05055,44.8,0.17
05057,42.3,0.13
05059,42.9,0.14
05061,42.6,0.13
05063,44.4,0.16
05065,44.7,0.17
05067,44.3,0.16
05069,42.9,0.14
05071,44.1,0.16
05073,41.8,0.12
05075,44.7,0.17
05077,43.5,0.15
05079,42.6,0.13
05081,42.2,0.13
05083,43.7,0.15
05085,43.4,0.15
05087,44.5,0.17
05089,44.9,0.17
05091,41.8,0.12
05093,44.5,0.17
05095,43.4,0.15
05097,43.1,0.14
05099,42.2,0.13
05101,44.5,0.17
05103,42.2,0.13
05105,43.5,0.15
05107,43.1,0.14
05109,42.7,0.14
05111,44.3,0.16
05113,43,0.14
05115,44,0.16
05117,43.5,0.15
05119,43.4,0.15
05121,45,0.18
05123,43.7,0.15
05125,43.2,0.14
05127,43.4,0.15
05129,44.5,0.17
05131,43.7,0.15
05133,42.5,0.13
05135,44.8,0.17
05137,44.5,0.17
05139,41.8,0.12
05141,44.2,0.16
05143,44.5,0.17
05145,43.9,0.16
05147,43.9,0.16
05149,43.5,0.15
06001,43.3,0.15
06003,44.5,0.17
06005,44.2,0.16
06007,45.3,0.18
06009,44,0.16
06011,44.8,0.17
06013,43.6,0.15
06015,47.1,0.22
06017,44.6,0.17
06019,42.7,0.14
06021,45.2,0.18
06023,46,0.2
06025,39.6,0.1
06027,42.8,0.14
06029,41.4,0.12
06031,42,0.13
06033,44.6,0.17
06035,46.5,0.21
06037,40.4,0.1
06039,43.1,0.14
06041,43.6,0.15
06043,43.5,0.15
06045,44.9,0.17
06047,43,0.14
06049,47.3,0.23
06051,44,0.16
06053,42,0.13
06055,44.1,0.16
06057,45.1,0.18
06059,39.9,0.1
06061,44.9,0.17
06063,45.8,0.19
06065,40.2,0.1
06067,44.2,0.16
06069,42.4,0.13
06071,41.3,0.12
06073,39.4,0.1
06075,43.2,0.14
06077,43.7,0.15
06079,41.3,0.12
06081,43,0.14
06083,40.5,0.11
06085,42.9,0.14
06087,42.7,0.14
06089,46.4,0.21
06091,45.4,0.18
06093,47.1,0.23
06095,43.9,0.16
06097,44,0.16
06099,43.3,0.15
06101,44.7,0.17
06103,45.7,0.19
06105,46.1,0.2
06107,42.3,0.13
06109,43.9,0.16
06111,40.4,0.1
06113,44.3,0.16
06115,45,0.18
08001,47.5,0.24
08003,45.1,0.18
08005,47.3,0.23
08007,44.6,0.17
08009,45.1,0.18
08011,45.7,0.19
08013,47.6,0.24
08014,47.5,0.24
08015,46.2,0.2
08017,46.6,0.21
08019,47.2,0.23
08021,44.7,0.17
08023,44.8,0.17
08025,46,0.2
08027,45.7,0.19
08029,46.2,0.2
08031,47.4,0.23
08033,45,0.18
08035,46.9,0.22
08037,47,0.22
08039,47,0.22
08041,46.5,0.21
08043,46,0.2
08045,46.9,0.22
08047,47.4,0.23
08049,47.6,0.24
08051,46.1,0.2
08053,45.2,0.18
08055,45.3,0.18
08057,48.1,0.25
08059,47.1,0.23
08061,46.2,0.2
08063,47.1,0.23
08065,46.7,0.21
08067,44.6,0.17
08069,48.2,0.25
08071,45,0.18
08073,46.7,0.22
08075,48.5,0.26
08077,46.3,0.2
08079,45,0.18
08081,47.9,0.25
08083,44.6,0.17
08085,45.7,0.19
08087,48,0.25
08089,45.6,0.19
08091,45.5,0.19
08093,46.6,0.21
08095,48.4,0.26
08097,46.6,0.21
08099,45.8,0.19
08101,45.8,0.19
08103,47.2,0.23
08105,44.9,0.18
08107,47.9,0.25
08109,45.5,0.19
08111,45.1,0.18
08113,45.3,0.18
08115,48.7,0.27
08117,47.1,0.22
08119,46.4,0.21
08121,47.7,0.24
08123,48.2,0.26
08125,47.8,0.24
09110,51,0.35
09120,50.4,0.33
09130,50.6,0.34
09140,50.7,0.34
09150,51.1,0.35
09160,51.1,0.36
09170,50.5,0.33
09180,50.7,0.34
09190,50.5,0.33
10001,48.3,0.26
10003,48.8,0.27
10005,47.9,0.25
11001,48.1,0.25
12001,38.7,0.1
12003,39.4,0.1
12005,39.1,0.1
12007,39,0.1
12009,37.4,0.1
12011,35.3,0.1
12013,39.4,0.1
12015,36,0.1
12017,37.9,0.1
12019,39.1,0.1
12021,35.2,0.1
12023,39.3,0.1
12027,36.3,0.1
12029,38.6,0.1
12031,39.4,0.1
12033,39.4,0.1
12035,38.6,0.1
12037,38.7,0.1
12039,39.6,0.1
12041,38.8,0.1
12043,36.1,0.1
12045,38.8,0.1
12047,39.5,0.1
12049,36.6,0.1
12051,35.6,0.1
12053,37.6,0.1
12055,36.4,0.1
12057,37,0.1
12059,39.8,0.1
12061,36.8,0.1
12063,39.8,0.1
12065,39.4,0.1
12067,39,0.1
12069,37.9,0.1
12071,35.6,0.1
12073,39.5,0.1
12075,38.3,0.1
12077,39.2,0.1
12079,39.5,0.1
12081,36.5,0.1
12083,38.3,0.1
12085,36.2,0.1
12086,34.7,0.1
12087,34.7,0.1
12089,39.7,0.1
12091,39.5,0.1
12093,36.5,0.1
12095,37.6,0.1
12097,37.2,0.1
12099,35.8,0.1
12101,37.4,0.1
12103,37,0.1
12105,37,0.1
12107,38.7,0.1
12109,39,0.1
12111,36.5,0.1
12113,39.6,0.1
12115,36.3,0.1
12117,37.8,0.1
12119,37.8,0.1
12121,39.2,0.1
12123,39,0.1
12125,39.1,0.1
12127,38.2,0.1
12129,39.1,0.1
12131,39.5,0.1
12133,39.6,0.1
13001,40.8,0.11
13003,40.3,0.1
13005,40.6,0.11
13007,40.3,0.1
13009,42.1,0.13
13011,43.4,0.15
13013,43,0.14
13015,43.2,0.14
13017,40.8,0.11
13019,40.3,0.1
13021,41.8,0.12
13023,41.5,0.12
13025,40.3,0.1
13027,39.9,0.1
13029,41.1,0.11
13031,41.5,0.12
13033,42.1,0.13
13035,42.3,0.13
13037,40.5,0.11
13039,40,0.1
13043,41.5,0.12
13045,42.6,0.13
13047,43.9,0.16
13049,39.9,0.1
13051,41.1,0.11
13053,41.3,0.12
13055,43.4,0.15
13057,43.2,0.14
13059,43,0.14
13061,40.6,0.11
13063,42.5,0.13
13065,40,0.1
13067,42.9,0.14
13069,40.6,0.11
13071,40.2,0.1
13073,42.6,0.13
13075,40.2,0.1
13077,42.3,0.13
13079,41.7,0.12
13081,40.9,0.11
13083,43.8,0.15
13085,43.4,0.15
13087,39.9,0.1
13089,42.8,0.14
13091,41.2,0.11
13093,41.2,0.11
13095,40.5,0.11
13097,42.7,0.14
13099,40.3,0.1
13101,39.8,0.1
13103,41.5,0.12
13105,43.2,0.14
13107,41.7,0.12
13109,41.2,0.11
13111,43.9,0.16
13113,42.4,0.13
13115,43.2,0.14
13117,43.2,0.14
13119,43.4,0.15
13121,42.8,0.14
13123,43.7,0.15
13125,42.3,0.13
13127,40.3,0.1
13129,43.5,0.15
13131,39.9,0.1
13133,42.6,0.13
13135,43,0.14
13137,43.7,0.15
13139,43.3,0.15
13141,42.3,0.13
13143,42.8,0.14
13145,41.7,0.12
13147,43.4,0.15
13149,42.3,0.13
13151,42.5,0.13
13153,41.5,0.12
13155,40.6,0.11
13157,43.2,0.14
13159,42.3,0.13
13161,40.9,0.11
13163,42.1,0.13
13165,41.9,0.12
13167,41.8,0.12
13169,42,0.13
13171,42.1,0.13
13173,40.1,0.1
13175,41.4,0.12
13177,40.8,0.11
13179,40.9,0.11
13181,42.9,0.14
13183,40.8,0.11
13185,39.9,0.1
13187,43.6,0.15
13189,42.5,0.13
13191,40.6,0.11
13193,41.4,0.12
13195,43.2,0.14
13197,41.4,0.12
13199,42,0.13
13201,40.2,0.1
13205,40.2,0.1
13207,42,0.13
13209,41.2,0.11
13211,42.6,0.13
13213,43.8,0.15
13215,41.5,0.12
13217,42.6,0.13
13219,42.9,0.14
13221,42.9,0.14
13223,42.9,0.14
13225,41.6,0.12
13227,43.4,0.15
13229,40.4,0.1
13231,42.1,0.13
13233,43,0.14
13235,41.3,0.12
13237,42.4,0.13
13239,40.8,0.11
13241,43.9,0.16
13243,40.7,0.11
13245,42.4,0.13
13247,42.7,0.14
13249,41.3,0.12
13251,41.8,0.12
13253,39.9,0.1
13255,42.3,0.13
13257,43.6,0.15
13259,41.1,0.11
13261,41,0.11
13263,41.7,0.12
13265,42.6,0.13
13267,41.1,0.11
13269,41.6,0.12
13271,41,0.11
13273,40.8,0.11
13275,39.9,0.1
13277,40.5,0.11
13279,41.2,0.11
13281,43.9,0.16
13283,41.5,0.12
13285,42,0.13
13287,40.8,0.11
13289,41.7,0.12
13291,43.8,0.15
13293,41.9,0.12
13295,43.7,0.15
13297,42.8,0.14
13299,40.1,0.1
13301,42.5,0.13
13303,42,0.13
13305,40.6,0.11
13307,41,0.11
13309,41.2,0.11
13311,43.7,0.15
13313,43.8,0.15
13315,41,0.11
13317,42.8,0.14
13319,41.8,0.12
13321,40.6,0.11
15001,20.5,0.1
15003,21.9,0.1
15005,21.9,0.1
15007,22.2,0.1
15009,21.6,0.1
16001,49.7,0.31
16003,51.1,0.36
16005,49.5,0.3
16007,49.2,0.29
16009,53.4,0.46
16011,50,0.31
16013,50,0.31
16015,50.3,0.33
16017,54.5,0.53
16019,50.2,0.32
16021,54.9,0.55
16023,50.3,0.33
16025,50,0.31
16027,49.9,0.31
16029,49.6,0.3
16031,48.9,0.28
16033,51,0.35
16035,53,0.44
16037,50.8,0.34
16039,49.8,0.31
16041,49,0.28
16043,51.1,0.36
16045,50.3,0.33
16047,49.4,0.29
16049,52.2,0.4
16051,50.6,0.33
16053,49.2,0.29
16055,53.8,0.49
16057,53,0.44
16059,51.5,0.37
16061,52.5,0.42
16063,49.5,0.3
16065,50.6,0.34
16067,49.5,0.3
16069,52.5,0.42
16071,48.9,0.28
16073,48.9,0.28
16075,50.2,0.32
16077,49.4,0.29
16079,53.6,0.48
16081,50.6,0.34
16083,48.9,0.28
16085,51.2,0.36
16087,50.7,0.34
17001,48.6,0.27
17003,46,0.2
17005,47.6,0.24
17007,51.1,0.36
17009,48.6,0.27
17011,50.2,0.32
17013,47.9,0.25
17015,50.8,0.34
17017,48.7,0.27
17019,49,0.28
17021,48.3,0.26
17023,48.2,0.25
17025,47.6,0.24
17027,47.4,0.23
17029,48.3,0.26
17031,50.7,0.34
17033,47.9,0.25
17035,48.1,0.25
17037,50.7,0.34
17039,49,0.28
17041,48.6,0.27
17043,50.7,0.34
17045,48.5,0.27
17047,47.3,0.23
17049,47.9,0.25
17051,47.8,0.24
17053,49.4,0.29
17055,46.8,0.22
17057,49.2,0.29
17059,46.6,0.21
17061,48.1,0.25
17063,50.1,0.32
17065,46.9,0.22
17067,49.1,0.28
17069,46.3,0.21
17071,49.5,0.3
17073,50.1,0.32
17075,49.6,0.3
17077,46.6,0.21
17079,47.8,0.24
17081,47.1,0.22
17083,47.8,0.24
17085,51.1,0.36
17087,46.3,0.2
17089,50.7,0.34
17091,50,0.31
17093,50.4,0.33
17095,49.6,0.3
17097,51,0.35
17099,50.1,0.32
17101,47.6,0.24
17103,50.5,0.33
17105,49.7,0.3
17107,48.9,0.28
17109,49.1,0.28
17111,51.1,0.36
17113,49.3,0.29
17115,48.6,0.27
17117,48,0.25
17119,47.6,0.24
17121,47.4,0.23
17123,49.8,0.31
17125,49,0.28
17127,46,0.2
17129,48.8,0.27
17131,49.9,0.31
17133,47,0.22
17135,48,0.25
17137,48.4,0.26
17139,48.4,0.26
17141,50.8,0.34
17143,49.5,0.3
17145,46.9,0.22
17147,48.8,0.27
17149,48.3,0.26
17151,46.2,0.2
17153,46,0.2
17155,50,0.31
17157,46.8,0.22
17159,47.5,0.24
17161,50.2,0.32
17163,47.2,0.23
17165,46.6,0.21
17167,48.5,0.26
17169,48.9,0.28
17171,48.3,0.26
17173,48.2,0.25
17175,49.8,0.31
17177,51.1,0.36
17179,49.3,0.29
17181,46.3,0.2
17183,49,0.28
17185,47.3,0.23
17187,49.5,0.3
17189,47.1,0.23
17191,47.2,0.23
17193,46.9,0.22
17195,50.5,0.33
17197,50.3,0.32
17199,46.5,0.21
17201,51.1,0.36
17203,49.6,0.3
18001,49.7,0.3
18003,50.1,0.32
18005,48.1,0.25
18007,49.5,0.3
18009,49.4,0.29
18011,49,0.28
18013,48.1,0.25
18015,49.5,0.3
18017,49.7,0.3
18019,47.4,0.23
18021,48.3,0.26
18023,49.2,0.29
18025,47.2,0.23
18027,47.6,0.24
18029,48.1,0.25
18031,48.3,0.26
18033,50.4,0.33
18035,49.2,0.29
18037,47.3,0.23
18039,50.5,0.33
18041,48.6,0.27
18043,47.3,0.23
18045,49,0.28
18047,48.4,0.26
18049,50,0.31
18051,47.2,0.23
18053,49.5,0.3
18055,47.9,0.25
18057,49,0.28
18059,48.8,0.27
18061,47.1,0.23
18063,48.7,0.27
18065,48.9,0.28
18067,49.4,0.29
18069,49.8,0.31
18071,47.8,0.25
18073,49.9,0.31
18075,49.4,0.29
18077,47.7,0.24
18079,47.9,0.25
18081,48.4,0.26
18083,47.6,0.24
18085,50.2,0.32
18087,50.6,0.34
18089,50.3,0.33
18091,50.4,0.33
18093,47.7,0.24
18095,49.1,0.28
18097,48.7,0.27
18099,50.2,0.32
18101,47.6,0.24
18103,49.7,0.3
18105,48.1,0.25
18107,48.9,0.28
18109,48.4,0.26
18111,49.8,0.31
18113,50.4,0.33
18115,47.9,0.25
18117,47.5,0.23
18119,48.2,0.26
18121,48.6,0.27
18123,47,0.22
18125,47.3,0.23
18127,50.4,0.33
18129,46.9,0.22
18131,49.9,0.31
18133,48.6,0.27
18135,49.1,0.28
18137,48.1,0.25
18139,48.6,0.27
18141,50.5,0.33
18143,47.6,0.24
18145,48.5,0.26
18147,46.9,0.22
18149,50.2,0.32
18151,50.6,0.34
18153,48,0.25
18155,47.8,0.24
18157,49.3,0.29
18159,49.2,0.29
18161,48.6,0.27
18163,46.9,0.22
18165,48.7,0.27
18167,48.3,0.26
18169,49.8,0.31
18171,49.2,0.29
18173,47,0.22
18175,47.5,0.24
18177,48.8,0.27
18179,49.7,0.3
18181,49.6,0.3
18183,50.1,0.32
19001,49.8,0.31
19003,49.5,0.3
19005,51.9,0.39
19007,49.3,0.29
19009,50.1,0.32
19011,50.7,0.34
19013,51.1,0.35
19015,50.5,0.33
19017,51.4,0.37
19019,51.1,0.36
19021,51.1,0.36
19023,51.3,0.36
19025,50.8,0.35
19027,50.5,0.33
19029,49.7,0.31
19031,50.4,0.33
19033,51.6,0.38
19035,51.1,0.36
19037,51.6,0.38
19039,49.5,0.3
19041,51.5,0.37
19043,51.5,0.37
19045,50.6,0.34
19047,50.4,0.33
19049,50.2,0.32
19051,49.3,0.29
19053,49.2,0.29
19055,51.1,0.36
19057,49.6,0.3
19059,51.8,0.39
19061,51.1,0.36
19063,51.8,0.39
19065,51.5,0.37
19067,51.6,0.38
19069,51.3,0.36
19071,49.1,0.28
19073,50.5,0.33
19075,51,0.35
19077,50.1,0.32
19079,50.9,0.35
19081,51.6,0.38
19083,50.9,0.35
19085,50,0.32
19087,49.6,0.3
19089,51.9,0.39
19091,51.2,0.36
19093,50.8,0.34
19095,50.3,0.32
19097,50.9,0.35
19099,50.2,0.32
19101,49.6,0.3
19103,50.3,0.33
19105,50.8,0.34
19107,49.9,0.31
19109,51.7,0.38
19111,49.3,0.29
19113,50.7,0.34
19115,49.9,0.31
19117,49.6,0.3
19119,51.7,0.38
19121,49.8,0.31
19123,49.9,0.31
19125,49.9,0.31
19127,50.6,0.34
19129,49.4,0.29
19131,51.9,0.39
19133,50.4,0.33
19135,49.6,0.3
19137,49.4,0.29
19139,50.1,0.32
19141,51.4,0.37
19143,51.7,0.38
19145,49.1,0.28
19147,51.5,0.37
19149,51.1,0.35
19151,51.2,0.36
19153,50.2,0.32
19155,49.7,0.3
19157,50.3,0.32
19159,49.2,0.29
19161,50.8,0.34
19163,50.3,0.33
19165,50.1,0.32
19167,51.4,0.37
19169,50.6,0.33
19171,50.6,0.34
19173,49.2,0.29
19175,49.5,0.3
19177,49.4,0.29
19179,49.6,0.3
19181,49.8,0.31
19183,50,0.31
19185,49.3,0.29
19187,50.9,0.35
19189,51.9,0.39
19191,51.9,0.39
19193,50.7,0.34
19195,51.9,0.39
19197,51.2,0.36
20001,46.3,0.21
20003,46.6,0.21
20005,47.9,0.25
20007,45.4,0.18
20009,46.6,0.21
20011,46.3,0.21
20013,48.2,0.26
20015,46.1,0.2
20017,46.6,0.21
20019,45.5,0.19
20021,45.6,0.19
20023,47.7,0.24
20025,45.3,0.18
20027,47.6,0.24
20029,47.7,0.24
20031,46.6,0.21
20033,45.3,0.18
20035,45.5,0.19
20037,45.9,0.2
20039,47.8,0.24
20041,47.1,0.23
20043,48.2,0.26
20045,47.3,0.23
20047,46,0.2
20049,45.8,0.19
20051,47,0.22
20053,46.9,0.22
20055,46,0.2
20057,45.7,0.19
20059,47,0.22
20061,47.3,0.23
20063,46.9,0.22
20065,47.4,0.23
20067,45.5,0.19
20069,45.8,0.19
20071,46.4,0.21
20073,46.2,0.2
20075,45.9,0.2
20077,45.4,0.18
20079,46.3,0.21
20081,45.5,0.19
20083,46.1,0.2
20085,47.8,0.24
20087,47.6,0.24
20089,48,0.25
20091,47.3,0.23
20093,45.9,0.2
20095,45.7,0.19
20097,45.7,0.19
20099,45.6,0.19
20101,46.5,0.21
20103,47.6,0.24
20105,47.2,0.23
20107,46.7,0.21
20109,46.9,0.22
20111,46.8,0.22
20113,46.6,0.21
20115,46.6,0.21
20117,48.1,0.25
20119,45.3,0.18
20121,47,0.22
20123,47.6,0.24
20125,45.6,0.19
20127,47,0.22
20129,45.1,0.18
20131,48.1,0.25
20133,46,0.2
20135,46.5,0.21
20137,47.8,0.24
20139,47,0.22
20141,47.5,0.24
20143,47.4,0.23
20145,46.3,0.21
20147,47.9,0.25
20149,47.7,0.24
20151,45.8,0.19
20153,47.7,0.24
20155,46.1,0.2
20157,48.1,0.25
20159,46.5,0.21
20161,47.6,0.24
20163,47.4,0.23
20165,46.6,0.21
20167,47.1,0.22
20169,47,0.22
20171,46.4,0.21
20173,45.9,0.2
20175,45.2,0.18
20177,47.4,0.23
20179,47.3,0.23
20181,47.2,0.23
20183,47.9,0.25
20185,46.2,0.2
20187,45.5,0.19
20189,45.1,0.18
20191,45.5,0.19
20193,47.3,0.23
20195,47,0.22
20197,47.3,0.23
20199,46.8,0.22
20201,48,0.25
20203,46.4,0.21
20205,45.9,0.2
20207,46.3,0.2
20209,47.6,0.24
21001,46.1,0.2
21003,45.7,0.19
21005,47,0.22
21007,45.8,0.19
21009,45.9,0.2
21011,47.2,0.23
21013,45.7,0.19
21015,47.9,0.25
21017,47.2,0.23
21019,47.4,0.23
21021,46.6,0.21
21023,47.7,0.24
21025,46.5,0.21
21027,46.7,0.21
21029,46.9,0.22
21031,46.1,0.2
21033,46,0.2
21035,45.4,0.19
21037,47.9,0.25
21039,45.6,0.19
21041,47.6,0.24
21043,47.4,0.23
21045,46.3,0.21
21047,45.8,0.19
21049,47,0.22
21051,46.2,0.2
21053,45.7,0.19
21055,46.2,0.2
21057,45.7,0.19
21059,46.6,0.21
21061,46.1,0.2
21063,47.2,0.23
21065,46.7,0.21
21067,47,0.22
21069,47.4,0.23
21071,46.6,0.21
21073,47.2,0.23
21075,45.3,0.18
21077,47.7,0.24
21079,46.6,0.21
21081,47.6,0.24
21083,45.5,0.19
21085,46.4,0.21
21087,46.2,0.2
21089,47.6,0.24
21091,46.7,0.22
21093,46.6,0.21
21095,45.9,0.2
21097,47.4,0.23
21099,46.2,0.2
21101,46.7,0.21
21103,47.4,0.23
21105,45.5,0.19
21107,46.2,0.2
21109,46.4,0.21
21111,47.1,0.23
21113,46.9,0.22
21115,46.9,0.22
21117,47.9,0.25
21119,46.4,0.21
21121,45.9,0.2
21123,46.5,0.21
21125,46.1,0.2
21127,47.1,0.23
21129,46.6,0.21
21131,46.1,0.2
21133,46.2,0.2
21135,47.6,0.24
21137,46.4,0.21
21139,46,0.2
21141,45.8,0.19
21143,45.9,0.2
21145,45.9,0.2
21147,45.7,0.19
21149,46.4,0.21
21151,46.7,0.22
21153,46.7,0.22
21155,46.5,0.21
21157,45.7,0.19
21159,46.9,0.22
21161,47.6,0.24
21163,46.9,0.22
21165,47,0.22
21167,46.8,0.22
21169,45.9,0.2
21171,45.7,0.19
21173,47,0.22
21175,47,0.22
21177,46.1,0.2
21179,46.8,0.22
21181,47.3,0.23
21183,46.4,0.21
21185,47.4,0.23
21187,47.5,0.23
21189,46.4,0.21
21191,47.7,0.24
21193,46.3,0.2
21195,46.5,0.21
21197,46.8,0.22
21199,46.1,0.2
21201,47.5,0.24
21203,46.4,0.21
21205,47.2,0.23
21207,46,0.2
21209,47.3,0.23
21211,47.2,0.23
21213,45.6,0.19
21215,47,0.22
21217,46.3,0.21
21219,45.7,0.19
21221,45.7,0.19
21223,47.6,0.24
21225,46.5,0.21
21227,45.9,0.2
21229,46.7,0.22
21231,45.8,0.19
21233,46.4,0.21
21235,45.8,0.19
21237,46.8,0.22
21239,47,0.22
22001,38.9,0.1
22003,39.2,0.1
22005,38.9,0.1
22007,38.6,0.1
22009,39.7,0.1
22011,39.2,0.1
22013,40.9,0.11
22015,41.2,0.11
22017,41.1,0.11
22019,38.8,0.1
22021,40.7,0.11
22023,38.4,0.1
22025,40.3,0.1
22027,41.4,0.12
22029,40.1,0.1
22031,40.6,0.11
22033,39.2,0.1
22035,41.4,0.12
22037,39.5,0.1
22039,39.3,0.1
22041,40.8,0.11
22043,40.2,0.1
22045,38.3,0.1
22047,38.9,0.1
22049,40.9,0.11
22051,38.3,0.1
22053,38.9,0.1
22055,38.8,0.1
22057,38.2,0.1
22059,40.3,0.1
22061,41.2,0.11
22063,39.2,0.1
22065,41,0.11
22067,41.5,0.12
22069,40.3,0.1
22071,38.8,0.1
22073,41.1,0.11
22075,38.1,0.1
22077,39.4,0.1
22079,39.8,0.1
22081,40.7,0.11
22083,41.1,0.11
22085,40.1,0.1
22087,38.7,0.1
22089,38.6,0.1
22091,39.5,0.1
22093,38.7,0.1
22095,38.9,0.1
22097,39.2,0.1
22099,38.8,0.1
22101,38.3,0.1
22103,39.2,0.1
22105,39.4,0.1
22107,40.7,0.11
22109,38,0.1
22111,41.4,0.12
22113,38.4,0.1
22115,39.7,0.1
22117,39.6,0.1
22119,41.3,0.12
22121,39.1,0.1
22123,41.5,0.12
22125,39.5,0.1
22127,40.5,0.11
23001,53.4,0.46
23003,55.9,0.62
23005,53,0.44
23007,54.2,0.51
23009,53.7,0.48
23011,53.6,0.48
23013,53.2,0.46
23015,53.2,0.45
23017,53.7,0.48
23019,54.6,0.53
23021,55.1,0.57
23023,53.1,0.45
23025,54.7,0.54
23027,53.7,0.48
23029,54.1,0.51
23031,52.6,0.43
24001,48.8,0.27
24003,48.2,0.25
24005,48.6,0.27
24009,47.7,0.24
24011,48.1,0.25
24013,48.7,0.27
24015,48.8,0.27
24017,47.7,0.24
24019,47.6,0.24
24021,48.6,0.27
24023,48.7,0.27
24025,48.7,0.27
24027,48.4,0.26
24029,48.4,0.26
24031,48.3,0.26
24033,48,0.25
24035,48.2,0.26
24037,47.4,0.23
24039,47.3,0.23
24041,47.9,0.25
24043,48.8,0.27
24045,47.6,0.24
24047,47.4,0.23
24510,48.5,0.26
25001,50.9,0.35
25003,51.6,0.38
25005,51,0.35
25007,50.6,0.34
25009,51.8,0.39
25011,51.8,0.39
25013,51.3,0.37
25015,51.6,0.38
25017,51.7,0.38
25019,50.5,0.33
25021,51.4,0.37
25023,51.2,0.36
25025,51.5,0.38
25027,51.5,0.37
26001,53.7,0.48
26003,55.4,0.59
26005,51.3,0.37
26007,53.9,0.49
26009,54,0.5
26011,53,0.45
26013,55.5,0.59
26015,51.5,0.37
26017,52.7,0.43
26019,53.5,0.47
26021,50.7,0.34
26023,50.9,0.35
26025,51.2,0.36
26027,50.8,0.35
26029,54.6,0.53
26031,54.5,0.52
26033,55.3,0.58
26035,53,0.44
26037,51.9,0.39
26039,53.7,0.48
26041,54.7,0.54
26043,54.8,0.55
26045,51.6,0.38
26047,54.5,0.53
26049,52,0.4
26051,53,0.44
26053,55.2,0.57
26055,53.7,0.48
26057,52.3,0.41
26059,50.9,0.35
26061,55.8,0.61
26063,52.9,0.44
26065,51.6,0.38
26067,51.9,0.39
26069,53.4,0.46
26071,55,0.56
26073,52.6,0.42
26075,51.2,0.36
26077,51.2,0.36
26079,53.6,0.48
26081,52,0.39
26083,56.2,0.64
26085,52.9,0.44
26087,52.1,0.4
26089,54.1,0.5
26091,50.9,0.35
26093,51.6,0.38
26095,55.4,0.59
26097,55.1,0.57
26099,51.7,0.38
26101,53.1,0.45
26103,55.5,0.59
26105,52.9,0.44
26107,52.6,0.42
26109,54.4,0.52
26111,52.6,0.43
26113,53.3,0.46
26115,50.9,0.35
26117,52.3,0.41
26119,54,0.5
26121,52.3,0.41
26123,52.5,0.42
26125,51.7,0.38
26127,52.5,0.42
26129,53.3,0.46
26131,55.6,0.6
26133,52.9,0.44
26135,53.7,0.48
26137,54,0.5
26139,52,0.39
26141,54.3,0.51
26143,53.3,0.46
26145,52.3,0.41
26147,52,0.39
26149,50.9,0.35
26151,52.5,0.42
26153,54.9,0.55
26155,51.9,0.39
26157,52.5,0.42
26159,51.2,0.36
26161,51.3,0.36
26163,51.3,0.37
26165,53.3,0.46
27001,55.1,0.56
27003,53.8,0.49
27005,55.3,0.58
27007,56.3,0.65
27009,54.2,0.51
27011,53.7,0.48
27013,52.5,0.42
27015,52.7,0.43
27017,55.1,0.57
27019,53.3,0.46
27021,55.4,0.58
27023,53.4,0.46
27025,54,0.5
27027,55.2,0.57
27029,55.9,0.62
27031,56.4,0.66
27033,52.4,0.41
27035,54.9,0.55
27037,53.2,0.45
27039,52.6,0.42
27041,54.3,0.51
27043,52.2,0.4
27045,52.3,0.41
27047,52.2,0.4
27049,53,0.44
27051,54.2,0.51
27053,53.5,0.47
27055,52.3,0.41
27057,55.5,0.59
27059,54.1,0.5
27061,56,0.62
27063,52.1,0.4
27065,54.5,0.52
27067,53.5,0.47
27069,57,0.7
27071,56.7,0.68
27073,53.3,0.46
27075,56.1,0.64
27077,57.1,0.71
27079,52.9,0.44
27081,52.7,0.43
27083,52.7,0.43
27085,53.3,0.46
27087,55.6,0.6
27089,56.6,0.67
27091,52.1,0.4
27093,53.6,0.47
27095,54.4,0.52
27097,54.5,0.52
27099,52.2,0.41
27101,52.4,0.41
27103,52.8,0.43
27105,52,0.4
27107,55.6,0.6
27109,52.6,0.42
27111,54.7,0.54
27113,56.4,0.65
27115,54.6,0.54
27117,52.3,0.41
27119,56,0.63
27121,53.9,0.49
27123,53.5,0.47
27125,56.2,0.64
27127,52.8,0.43
27129,53.1,0.45
27131,52.9,0.44
27133,52,0.39
27135,57.1,0.71
27137,56.1,0.64
27139,53.1,0.45
27141,53.9,0.49
27143,53,0.44
27145,54,0.5
27147,52.5,0.42
27149,53.9,0.49
27151,53.6,0.48
27153,54.5,0.52
27155,54.1,0.5
27157,52.9,0.44
27159,55,0.56
27161,52.5,0.42
27163,53.6,0.47
27165,52.4,0.41
27167,54.6,0.54
27169,52.6,0.42
27171,53.6,0.48
27173,53,0.45
28001,40.2,0.1
28003,43.7,0.15
28005,39.9,0.1
28007,41.9,0.12
28009,43.6,0.15
28011,42.5,0.13
28013,42.7,0.14
28015,42.2,0.13
28017,42.7,0.14
28019,42.1,0.13
28021,40.7,0.11
28023,40.9,0.11
28025,42.5,0.13
28027,42.9,0.14
28029,40.6,0.11
28031,40.4,0.1
28033,43.6,0.15
28035,40,0.1
28037,40.2,0.1
28039,39.7,0.1
28041,40,0.1
28043,42.5,0.13
28045,39.2,0.1
28047,39.2,0.1
28049,41,0.11
28051,41.9,0.12
28053,41.8,0.12
28055,41.4,0.12
28057,43.1,0.14
28059,39.3,0.1
28061,40.8,0.11
28063,40.4,0.1
28065,40.3,0.1
28067,40.4,0.1
28069,41.6,0.12
28071,43.1,0.14
28073,40,0.1
28075,41.2,0.11
28077,40.3,0.1
28079,41.5,0.12
28081,43.1,0.14
28083,42.3,0.13
28085,40.3,0.1
28087,42.3,0.13
28089,41.4,0.12
28091,40,0.1
28093,43.5,0.15
28095,42.7,0.14
28097,42.3,0.13
28099,41.5,0.12
28101,41.2,0.11
28103,41.9,0.12
28105,42.2,0.13
28107,43.1,0.14
28109,39.5,0.1
28111,40,0.1
28113,39.9,0.1
28115,43,0.14
28117,43.4,0.15
28119,43,0.14
28121,41,0.11
28123,41.2,0.11
28125,41.6,0.12
28127,40.7,0.11
28129,40.8,0.11
28131,39.6,0.1
28133,42.3,0.13
28135,42.7,0.14
28137,43.4,0.15
28139,43.6,0.15
28141,43.6,0.15
28143,43.4,0.15
28145,43.3,0.15
28147,39.9,0.1
28149,41.1,0.11
28151,42,0.12
28153,40.5,0.1
28155,42.4,0.13
28157,39.8,0.1
28159,41.9,0.12
28161,42.8,0.14
28163,41.5,0.12
29001,48.8,0.27
29003,48.4,0.26
29005,48.8,0.27
29007,47.8,0.25
29009,45.2,0.18
29011,46,0.2
29013,46.7,0.22
29015,46.8,0.22
29017,46.1,0.2
29019,47.6,0.24
29021,48.1,0.25
29023,45.4,0.19
29025,48.1,0.25
29027,47.5,0.23
29029,46.6,0.21
29031,46.1,0.2
29033,47.9,0.25
29035,45.6,0.19
29037,47.1,0.23
29039,46.2,0.2
29041,48.1,0.25
29043,45.5,0.19
29045,49,0.28
29047,47.8,0.24
29049,48.1,0.25
29051,47.1,0.23
29053,47.4,0.23
29055,46.6,0.21
29057,45.9,0.2
29059,46.2,0.2
29061,48.5,0.26
29063,48.4,0.26
29065,46.3,0.2
29067,45.5,0.19
29069,44.9,0.17
29071,47.1,0.22
29073,47.1,0.22
29075,48.7,0.27
29077,45.8,0.19
29079,48.6,0.27
29081,48.8,0.27
29083,46.9,0.22
29085,46.5,0.21
29087,48.5,0.26
29089,47.7,0.24
29091,45.4,0.19
29093,46.3,0.21
29095,47.5,0.23
29097,45.7,0.19
29099,47,0.22
29101,47.2,0.23
29103,48.7,0.27
29105,46.2,0.2
29107,47.6,0.24
29109,45.6,0.19
29111,48.7,0.27
29113,47.7,0.24
29115,48.4,0.26
29117,48.3,0.26
29119,45.1,0.18
29121,48.4,0.26
29123,46.2,0.2
29125,46.8,0.22
29127,48.4,0.26
29129,48.9,0.28
29131,46.8,0.22
29133,45.6,0.19
29135,47.2,0.23
29137,48.1,0.25
29139,47.6,0.24
29141,47,0.22
29143,45.4,0.18
29145,45.4,0.18
29147,48.8,0.27
29149,45.3,0.18
29151,47.1,0.22
29153,45.2,0.18
29155,45,0.18
29157,46.5,0.21
29159,47.3,0.23
29161,46.5,0.21
29163,48,0.25
29165,47.8,0.24
29167,46.2,0.2
29169,46.4,0.21
29171,49,0.28
29173,48.2,0.26
29175,48,0.25
29177,47.8,0.24
29179,46,0.2
29181,45.3,0.18
29183,47.5,0.24
29185,46.5,0.21
29186,46.6,0.21
29187,46.5,0.21
29189,47.3,0.23
29195,47.7,0.24
29197,49,0.28
29199,49.1,0.28
29201,45.8,0.19
29203,45.8,0.19
29205,48.4,0.26
29207,45.6,0.19
29209,45.3,0.18
29211,48.8,0.27
29213,45.2,0.18
29215,45.9,0.2
29217,46.3,0.21
29219,47.4,0.23
29221,46.6,0.21
29223,45.8,0.19
29225,45.8,0.19
29227,48.9,0.28
29229,45.9,0.2
29510,47.4,0.23
30001,51.8,0.39
30003,52.7,0.43
30005,55.5,0.59
30007,53.2,0.45
30009,52.3,0.41
30011,53.1,0.45
30013,54.1,0.51
30015,54.8,0.55
30017,53.7,0.48
30019,56.2,0.64
30021,54.8,0.54
30023,52.7,0.43
30025,53.9,0.49
30027,54.3,0.51
30029,54.8,0.54
30031,52.4,0.41
30033,54.6,0.53
30035,55.3,0.58
30037,53.5,0.47
30039,53,0.44
30041,55.6,0.6
30043,52.9,0.44
30045,54,0.5
30047,54.1,0.51
30049,53.8,0.49
30051,55.4,0.58
30053,54.9,0.55
30055,55.1,0.56
30057,52.1,0.4
30059,53.5,0.47
30061,53.5,0.47
30063,53.6,0.47
30065,53.7,0.48
30067,52.4,0.41
30069,54.3,0.52
30071,55.4,0.59
30073,54.9,0.55
30075,52.9,0.44
30077,53.5,0.47
30079,54.3,0.51
30081,52.6,0.42
30083,55.3,0.58
30085,55.8,0.61
30087,53.5,0.47
30089,54.1,0.5
30091,56.2,0.64
30093,52.6,0.42
30095,52.7,0.43
30097,52.8,0.43
30099,54.5,0.53
30101,55.4,0.58
30103,53.5,0.47
30105,55.7,0.6
30107,53.5,0.47
30109,54.5,0.53
30111,53.1,0.45
31001,48.7,0.27
31003,50.4,0.33
31005,49.4,0.29
31007,49.2,0.29
31009,50,0.31
31011,49.9,0.31
31013,50,0.31
31015,51,0.35
31017,50.4,0.33
31019,49,0.28
31021,50.2,0.32
31023,49.5,0.3
31025,49.2,0.29
31027,50.8,0.35
31029,48.4,0.26
31031,50.5,0.33
31033,49,0.28
31035,48.7,0.27
31037,49.8,0.31
31039,50.2,0.32
31041,49.4,0.29
31043,50.7,0.34
31045,50.4,0.33
31047,48.9,0.28
31049,48.9,0.28
31051,50.8,0.34
31053,49.9,0.31
31055,49.6,0.3
31057,48.1,0.25
31059,48.7,0.27
31061,48.3,0.26
31063,48.5,0.27
31065,48.2,0.26
31067,48.5,0.27
31069,49.5,0.3
31071,50,0.31
31073,48.6,0.27
31075,49.8,0.31
31077,49.7,0.3
31079,49,0.28
31081,49.1,0.28
31083,48.3,0.26
31085,48.5,0.26
31087,48.1,0.25
31089,50.6,0.34
31091,49.8,0.31
31093,49.4,0.29
31095,48.4,0.26
31097,48.7,0.27
31099,48.6,0.27
31101,49.1,0.28
31103,50.9,0.35
31105,48.9,0.28
31107,50.8,0.35
31109,49.1,0.28
31111,49,0.28
31113,49.5,0.3
31115,50,0.31
31117,49.6,0.3
31119,50.1,0.32
31121,49.4,0.29
31123,49.5,0.3
31125,49.6,0.3
31127,48.7,0.27
31129,48.4,0.26
31131,49,0.28
31133,48.5,0.26
31135,48.7,0.27
31137,48.6,0.27
31139,50.5,0.33
31141,49.8,0.31
31143,49.4,0.29
31145,48.2,0.25
31147,48.5,0.26
31149,50.5,0.33
31151,48.8,0.27
31153,49.4,0.29
31155,49.5,0.3
31157,49.5,0.3
31159,49.1,0.28
31161,50.3,0.33
31163,49.3,0.29
31165,50.2,0.32
31167,50.2,0.32
31169,48.4,0.26
31171,49.8,0.31
31173,50.5,0.33
31175,49.7,0.3
31177,49.9,0.31
31179,50.5,0.33
31181,48.3,0.26
31183,50.1,0.32
31185,49.1,0.28
32001,45.6,0.19
32003,42.7,0.14
32005,44.8,0.17
32007,47.6,0.24
32009,44,0.16
32011,46.3,0.21
32013,47.5,0.24
32015,46.1,0.2
32017,44.2,0.16
32019,45,0.18
32021,44.6,0.17
32023,44.3,0.16
32027,46.5,0.21
32029,45.4,0.18
32031,46.6,0.21
32033,45.9,0.2
32510,45.1,0.18
33001,52.7,0.43
33003,53.1,0.45
33005,52.1,0.4
33007,53.9,0.49
33009,53.1,0.45
33011,52.1,0.4
33013,52.5,0.42
33015,52.2,0.4
33017,52.5,0.42
33019,52.6,0.42
34001,48.7,0.27
34003,50.2,0.32
34005,49.1,0.28
34007,49,0.28
34009,48.3,0.26
34011,48.5,0.27
34013,50,0.31
34015,48.9,0.28
34017,49.9,0.31
34019,49.8,0.31
34021,49.5,0.3
34023,49.6,0.3
34025,49.5,0.3
34027,50.1,0.32
34029,49.1,0.28
34031,50.2,0.32
34033,48.8,0.27
34035,49.8,0.31
34037,50.3,0.33
34039,49.9,0.31
34041,50.1,0.32
35001,42.5,0.13
35003,41.2,0.11
35005,41,0.11
35006,42.2,0.13
35007,44.3,0.16
35009,42.3,0.13
35011,42,0.13
35013,39.8,0.1
35015,40.2,0.1
35017,40,0.1
35019,42.5,0.13
35021,43.6,0.15
35023,39.2,0.1
35025,40.6,0.11
35027,41.3,0.12
35028,43.4,0.15
35029,39.6,0.1
35031,42.9,0.14
35033,43.6,0.15
35035,40.2,0.1
35037,42.9,0.14
35039,44,0.16
35041,41.8,0.12
35043,43.1,0.14
35045,43.8,0.15
35047,43.1,0.14
35049,43,0.14
35051,40.5,0.11
35053,41.4,0.12
35055,44.1,0.16
35057,42.1,0.13
35059,44.2,0.16
35061,42.2,0.13
36001,51.8,0.39
36003,51.4,0.37
36005,50.1,0.32
36007,51.4,0.37
36009,51.4,0.37
36011,52.2,0.4
36013,51.4,0.37
36015,51.3,0.37
36017,51.7,0.38
36019,54,0.5
36021,51.5,0.37
36023,51.8,0.39
36025,51.4,0.37
36027,51,0.35
36029,51.9,0.39
36031,53.3,0.46
36033,53.8,0.49
36035,52.3,0.41
36037,52.2,0.4
36039,51.5,0.37
36041,52.9,0.44
36043,52.8,0.43
36045,53.2,0.45
36047,49.8,0.31
36049,53,0.44
36051,51.9,0.39
36053,52.1,0.4
36055,52.4,0.42
36057,52.1,0.4
36059,49.9,0.31
36061,50,0.31
36063,52.4,0.42
36065,52.4,0.42
36067,52.2,0.4
36069,52,0.4
36071,50.6,0.34
36073,52.5,0.42
36075,52.7,0.43
36077,51.8,0.39
36079,50.6,0.34
36081,49.9,0.31
36083,51.9,0.39
36085,49.8,0.31
36087,50.4,0.33
36089,53.7,0.48
36091,52.3,0.41
36093,52,0.4
36095,51.8,0.39
36097,51.6,0.38
36099,52,0.39
36101,51.4,0.37
36103,50.2,0.32
36105,50.9,0.35
36107,51.4,0.37
36109,51.6,0.38
36111,51.2,0.36
36113,52.8,0.43
36115,52.5,0.42
36117,52.4,0.41
36119,50.4,0.33
36121,51.9,0.39
36123,51.8,0.39
37001,45.2,0.18
37003,45,0.18
37005,45.6,0.19
37007,44.1,0.16
37009,45.5,0.19
37011,45.1,0.18
37013,44.7,0.17
37015,45.2,0.18
37017,43.7,0.15
37019,43.2,0.14
37021,44.7,0.17
37023,44.8,0.17
37025,44.5,0.17
37027,45.1,0.18
37029,45.5,0.19
37031,44,0.16
37033,45.5,0.19
37035,44.8,0.17
37037,44.8,0.17
37039,44.1,0.16
37041,45.3,0.18
37043,44.1,0.16
37045,44.4,0.17
37047,43.4,0.15
37049,44.3,0.16
37051,44.2,0.16
37053,45.6,0.19
37055,44.8,0.17
37057,44.9,0.18
37059,45,0.18
37061,44.1,0.16
37063,45.2,0.18
37065,45.1,0.18
37067,45.3,0.18
37069,45.2,0.18
37071,44.4,0.16
37073,45.6,0.19
37075,44.4,0.16
37077,45.5,0.19
37079,44.7,0.17
37081,45.2,0.18
37083,45.4,0.19
37085,44.5,0.17
37087,44.6,0.17
37089,44.4,0.16
37091,45.5,0.19
37093,44.2,0.16
37095,44.6,0.17
37097,44.9,0.18
37099,44.3,0.16
37101,44.7,0.17
37103,44.2,0.16
37105,44.6,0.17
37107,44.4,0.17
37109,44.6,0.17
37111,44.8,0.17
37113,44.2,0.16
37115,44.9,0.18
37117,45,0.18
37119,44.4,0.16
37121,45.1,0.18
37123,44.5,0.17
37125,44.4,0.17
37127,45.1,0.18
37129,43.4,0.15
37131,45.6,0.19
37133,43.9,0.16
37135,45.2,0.18
37137,44.3,0.16
37139,45.5,0.19
37141,43.7,0.15
37143,45.4,0.18
37145,45.5,0.19
37147,44.8,0.17
37149,44.3,0.16
37151,44.8,0.17
37153,44.1,0.16
37155,43.8,0.15
37157,45.5,0.19
37159,44.8,0.17
37161,44.5,0.17
37163,44.1,0.16
37165,44,0.16
37167,44.4,0.17
37169,45.5,0.19
37171,45.5,0.19
37173,44.6,0.17
37175,44.3,0.16
37177,45.1,0.18
37179,44.1,0.16
37181,45.5,0.19
37183,44.9,0.18
37185,45.6,0.19
37187,45,0.18
37189,45.3,0.18
37191,44.5,0.17
37193,45.3,0.18
37195,44.9,0.17
37197,45.3,0.18
37199,45,0.18
38001,53.9,0.49
38003,55.1,0.56
38005,56.1,0.63
38007,54.7,0.54
38009,56.7,0.68
38011,53.8,0.49
38013,56.5,0.67
38015,54.9,0.55
38017,55.1,0.57
38019,56.9,0.69
38021,54.2,0.51
38023,56.5,0.66
38025,55.1,0.56
38027,55.8,0.61
38029,54.3,0.51
38031,55.5,0.59
38033,54.6,0.53
38035,56.1,0.63
38037,54.2,0.51
38039,55.6,0.6
38041,54.2,0.51
38043,54.9,0.55
38045,54.6,0.53
38047,54.5,0.53
38049,56.2,0.64
38051,54.1,0.51
38053,55.4,0.59
38055,55.5,0.59
38057,55.1,0.57
38059,54.6,0.53
38061,56,0.62
38063,56,0.63
38065,55,0.56
38067,56.9,0.7
38069,56.2,0.64
38071,56.3,0.65
38073,54.6,0.54
38075,56.5,0.67
38077,54.5,0.53
38079,56.8,0.68
38081,54.3,0.51
38083,55.5,0.59
38085,54,0.5
38087,54.1,0.5
38089,54.6,0.53
38091,55.6,0.6
38093,55,0.56
38095,56.7,0.68
38097,55.7,0.6
38099,56.5,0.67
38101,56.1,0.63
38103,55.6,0.6
38105,56,0.63
39001,47.9,0.25
39003,49.8,0.31
39005,49.9,0.31
39007,51,0.35
39009,48.4,0.26
39011,49.6,0.3
39013,49.1,0.28
39015,47.9,0.25
39017,48.4,0.26
39019,49.7,0.3
39021,49.1,0.28
39023,48.9,0.28
39025,48.1,0.25
39027,48.4,0.26
39029,49.9,0.31
39031,49.4,0.29
39033,49.9,0.31
39035,50.6,0.34
39037,49.1,0.28
39039,50.3,0.33
39041,49.3,0.29
39043,50.4,0.33
39045,48.8,0.27
39047,48.6,0.27
39049,49,0.28
39051,50.6,0.34
39053,47.9,0.25
39055,50.6,0.34
39057,48.7,0.27
39059,49.1,0.28
39061,48.2,0.25
39063,50,0.31
39065,49.7,0.3
39067,49.4,0.29
39069,50.3,0.33
39071,48.2,0.26
39073,48.5,0.27
39075,49.6,0.3
39077,50.2,0.32
39079,48.1,0.25
39081,49.5,0.3
39083,49.5,0.3
39085,50.9,0.35
39087,47.7,0.24
39089,49.1,0.28
39091,49.4,0.29
39093,50.5,0.33
39095,50.7,0.34
39097,48.9,0.28
39099,50.1,0.32
39101,49.6,0.3
39103,50.2,0.32
39105,48.2,0.25
39107,49.5,0.3
39109,49,0.28
39111,48.8,0.27
39113,48.7,0.27
39115,48.7,0.27
39117,49.6,0.3
39119,49,0.28
39121,48.9,0.28
39123,50.6,0.34
39125,50.1,0.32
39127,48.8,0.27
39129,48.7,0.27
39131,48.1,0.25
39133,50.3,0.32
39135,48.7,0.27
39137,50,0.32
39139,49.8,0.31
39141,48.4,0.26
39143,50.4,0.33
39145,47.9,0.25
39147,50.2,0.32
39149,49.3,0.29
39151,49.9,0.31
39153,50.2,0.32
39155,50.4,0.33
39157,49.5,0.3
39159,49.3,0.29
39161,49.8,0.31
39163,48.3,0.26
39165,48.4,0.26
39167,48.5,0.27
39169,49.9,0.31
39171,50.5,0.33
39173,50.4,0.33
39175,49.9,0.31
40001,44.4,0.16
40003,44.9,0.18
40005,42.8,0.14
40007,44.8,0.17
40009,43.4,0.15
40011,44.1,0.16
40013,42.3,0.13
40015,43.4,0.15
40017,43.8,0.15
40019,42.5,0.13
40021,44.3,0.16
40023,42.4,0.13
40025,44.6,0.17
40027,43.5,0.15
40029,42.9,0.14
40031,42.8,0.14
40033,42.5,0.13
40035,45.2,0.18
40037,44.2,0.16
40039,43.8,0.15
40041,44.8,0.17
40043,44.1,0.16
40045,44.3,0.16
40047,44.6,0.17
40049,43,0.14
40051,43.2,0.14
40053,45,0.18
40055,43,0.14
40057,42.8,0.14
40059,44.9,0.17
40061,43.7,0.15
40063,43.4,0.15
40065,42.7,0.14
40067,42.3,0.13
40069,42.6,0.13
40071,45.1,0.18
40073,44.2,0.16
40075,43.1,0.14
40077,43.3,0.15
40079,43.4,0.15
40081,44,0.16
40083,44.2,0.16
40085,42.2,0.13
40087,43.3,0.15
40089,42.6,0.13
40091,43.8,0.15
40093,44.5,0.17
40095,42.3,0.13
40097,44.7,0.17
40099,42.8,0.14
40101,44,0.16
40103,44.7,0.17
40105,45.2,0.18
40107,43.8,0.15
40109,43.8,0.15
40111,44,0.16
40113,45,0.18
40115,45.3,0.18
40117,44.6,0.17
40119,44.4,0.16
40121,43.3,0.15
40123,43,0.14
40125,43.5,0.15
40127,42.8,0.14
40129,43.8,0.15
40131,44.8,0.17
40133,43.5,0.15
40135,44,0.16
40137,42.7,0.14
40139,44.7,0.17
40141,42.5,0.13
40143,44.5,0.17
40145,44.4,0.16
40147,45.1,0.18
40149,43.4,0.15
40151,44.9,0.17
40153,44.5,0.17
41001,50.8,0.34
41003,49.8,0.31
41005,50.7,0.34
41007,51.3,0.36
41009,51.3,0.36
41011,48.5,0.26
41013,49.9,0.31
41015,47.7,0.24
41017,49.6,0.3
41019,48.7,0.27
41021,51.1,0.36
41023,50.4,0.33
41025,49,0.28
41027,51.1,0.36
41029,47.9,0.25
41031,50.3,0.32
41033,47.7,0.24
41035,48.3,0.26
41037,48.6,0.27
41039,49.4,0.29
41041,49.9,0.31
41043,49.9,0.31
41045,49.3,0.29
41047,50.3,0.33
41049,51.3,0.36
41051,51,0.35
41053,50.2,0.32
41055,51.1,0.36
41057,50.7,0.34
41059,51.5,0.37
41061,51.3,0.37
41063,51.7,0.38
41065,50.8,0.34
41067,50.9,0.35
41069,50.5,0.33
41071,50.6,0.34
42001,49,0.28
42003,49.6,0.3
42005,49.9,0.31
42007,49.8,0.31
42009,49.2,0.29
42011,49.6,0.3
42013,49.7,0.3
42015,51,0.35
42017,49.5,0.3
42019,50,0.32
42021,49.7,0.3
42023,50.6,0.34
42025,50.1,0.32
42027,50.1,0.32
42029,49.2,0.29
42031,50.3,0.33
42033,50.2,0.32
42035,50.4,0.33
42037,50.2,0.32
42039,50.8,0.34
42041,49.3,0.29
42043,49.6,0.3
42045,49.1,0.28
42047,50.6,0.34
42049,51.2,0.36
42051,49.1,0.28
42053,50.7,0.34
42055,49.1,0.28
42057,49.1,0.28
42059,49,0.28
42061,49.6,0.3
42063,49.8,0.31
42065,50.3,0.32
42067,49.7,0.3
42069,50.6,0.34
42071,49.2,0.29
42073,50.1,0.32
42075,49.6,0.3
42077,49.8,0.31
42079,50.4,0.33
42081,50.5,0.33
42083,51,0.35
42085,50.4,0.33
42087,49.8,0.31
42089,50.3,0.32
42091,49.4,0.29
42093,50.2,0.32
42095,50,0.31
42097,50,0.32
42099,49.6,0.3
42101,49.2,0.29
42103,50.5,0.33
42105,50.9,0.35
42107,49.9,0.31
42109,49.9,0.31
42111,49.1,0.28
42113,50.6,0.34
42115,51,0.35
42117,50.9,0.35
42119,50.1,0.32
42121,50.5,0.33
42123,51,0.35
42125,49.3,0.29
42127,50.8,0.35
42129,49.4,0.29
42131,50.7,0.34
42133,49.1,0.28
44001,50.9,0.35
44003,50.9,0.35
44005,50.7,0.34
44007,51.1,0.36
44009,50.6,0.34
45001,43.3,0.15
45003,42.6,0.13
45005,42.1,0.13
45007,43.6,0.15
45009,42.3,0.13
45011,42.4,0.13
45013,41.5,0.12
45015,42.3,0.13
45017,42.8,0.14
45019,41.9,0.12
45021,44.1,0.16
45023,43.8,0.15
45025,43.8,0.15
45027,42.8,0.14
45029,42,0.12
45031,43.5,0.15
45033,43.5,0.15
45035,42.2,0.13
45037,42.9,0.14
45039,43.5,0.15
45041,43.2,0.14
45043,42.6,0.13
45045,44,0.16
45047,43.2,0.14
45049,41.9,0.12
45051,43.1,0.14
45053,41.5,0.12
45055,43.5,0.15
45057,43.8,0.15
45059,43.6,0.15
45061,43.3,0.15
45063,43,0.14
45065,43,0.14
45067,43.2,0.14
45069,43.7,0.15
45071,43.4,0.15
45073,43.8,0.15
45075,42.5,0.13
45077,43.9,0.16
45079,43.1,0.14
45081,43.1,0.14
45083,44,0.16
45085,43,0.14
45087,43.8,0.15
45089,42.8,0.14
45091,44.1,0.16
46003,51.9,0.39
46005,52.6,0.42
46007,51.1,0.35
46009,51.2,0.36
46011,52.6,0.43
46013,53.7,0.48
46015,51.8,0.39
46017,52.1,0.4
46019,52.6,0.42
46021,53.8,0.49
46023,51.3,0.37
46025,53,0.45
46027,51.2,0.36
46029,53.2,0.45
46031,53.6,0.47
46033,51.4,0.37
46035,51.8,0.39
46037,53.6,0.47
46039,53,0.44
46041,53.1,0.45
46043,51.5,0.37
46045,53.5,0.47
46047,50.9,0.35
46049,53.1,0.45
46051,53.4,0.47
46053,51.3,0.36
46055,52.2,0.4
46057,52.9,0.44
46059,52.6,0.43
46061,51.9,0.39
46063,53.3,0.46
46065,52.4,0.41
46067,51.5,0.37
46069,52.6,0.42
46071,51.5,0.38
46073,52.2,0.4
46075,51.9,0.39
46077,52.6,0.42
46079,52.3,0.41
46081,52,0.4
46083,51.6,0.38
46085,51.9,0.39
46087,51.9,0.39
46089,53.8,0.49
46091,53.9,0.49
46093,52.4,0.41
46095,51.5,0.37
46097,52.2,0.41
46099,51.9,0.39
46101,52.3,0.41
46102,51.1,0.36
46103,51.8,0.38
46105,53.3,0.46
46107,53.1,0.45
46109,53.9,0.49
46111,52.2,0.4
46115,53.1,0.45
46117,52.4,0.41
46119,52.7,0.43
46121,51.2,0.36
46123,51.4,0.37
46125,51.6,0.38
46127,51.1,0.36
46129,53.4,0.47
46135,51.2,0.36
46137,52.8,0.44
47001,45.1,0.18
47003,44.4,0.17
47005,44.9,0.17
47007,44.6,0.17
47009,44.7,0.17
47011,44.1,0.16
47013,45.4,0.19
47015,44.7,0.17
47017,44.8,0.17
47019,45.4,0.18
47021,45.1,0.18
47023,44.2,0.16
47025,45.5,0.19
47027,45.5,0.19
47029,45,0.18
47031,44.4,0.17
47033,44.6,0.17
47035,44.9,0.18
47037,45.1,0.18
47039,44.4,0.17
47041,44.9,0.18
47043,45,0.18
47045,44.8,0.17
47047,44,0.16
47049,45.3,0.18
47051,44.1,0.16
47053,44.8,0.17
47055,44.1,0.16
47057,45.3,0.18
47059,45.2,0.18
47061,44.3,0.16
47063,45.3,0.18
47065,44.1,0.16
47067,45.6,0.19
47069,44,0.16
47071,44,0.16
47073,45.5,0.19
47075,44.4,0.16
47077,44.5,0.17
47079,45.2,0.18
47081,44.7,0.17
47083,45.1,0.18
47085,44.9,0.17
47087,45.3,0.18
47089,45.1,0.18
47091,45.5,0.19
47093,45,0.18
47095,45.1,0.18
47097,44.5,0.17
47099,44.1,0.16
47101,44.4,0.16
47103,44.1,0.16
47105,44.7,0.17
47107,44.4,0.17
47109,44,0.16
47111,45.5,0.19
47113,44.4,0.17
47115,44.1,0.16
47117,44.4,0.16
47119,44.5,0.17
47121,44.5,0.17
47123,44.4,0.17
47125,45.4,0.18
47127,44.2,0.16
47129,45.1,0.18
47131,45.1,0.18
47133,45.3,0.18
47135,44.5,0.17
47137,45.5,0.19
47139,44.1,0.16
47141,45.1,0.18
47143,44.6,0.17
47145,44.8,0.17
47147,45.4,0.19
47149,44.8,0.17
47151,45.4,0.19
47153,44.3,0.16
47155,44.8,0.17
47157,43.9,0.16
47159,45.2,0.18
47161,45.3,0.18
47163,45.6,0.19
47165,45.4,0.18
47167,44.3,0.16
47169,45.3,0.18
47171,45.2,0.18
47173,45.3,0.18
47175,44.7,0.17
47177,44.6,0.17
47179,45.4,0.18
47181,44.1,0.16
47183,45.1,0.18
47185,44.9,0.17
47187,44.8,0.17
47189,45.1,0.18
48001,40.2,0.1
48003,40.2,0.1
48005,39.7,0.1
48007,36.4,0.1
48009,41.8,0.12
48011,42.9,0.14
48013,37.1,0.1
48015,38.3,0.1
48017,41.9,0.12
48019,37.9,0.1
48021,38.4,0.1
48023,41.7,0.12
48025,36.7,0.1
48027,39.3,0.1
48029,37.7,0.1
48031,38.5,0.1
48033,40.7,0.11
48035,40.2,0.1
48037,41.9,0.12
48039,37.6,0.1
48041,39,0.1
48043,37.6,0.1
48045,42.5,0.13
48047,35.3,0.1
48049,39.9,0.1
48051,38.8,0.1
48053,39,0.1
48055,38.1,0.1
48057,36.8,0.1
48059,40.4,0.1
48061,34.4,0.1
48063,41.4,0.12
48065,43.3,0.15
48067,41.6,0.12
48069,42.4,0.13
48071,38.2,0.1
48073,40.3,0.1
48075,42.6,0.13
48077,42,0.13
48079,41.4,0.12
48081,39.9,0.1
48083,40,0.1
48085,41.5,0.12
48087,43,0.14
48089,37.9,0.1
48091,38,0.1
48093,40.1,0.1
48095,39.4,0.1
48097,41.9,0.12
48099,39.6,0.1
48101,42.1,0.13
48103,39.3,0.1
48105,38.7,0.1
48107,41.6,0.12
48109,39.1,0.1
48111,44.1,0.16
48113,41.1,0.11
48115,40.6,0.11
48117,42.8,0.14
48119,41.8,0.12
48121,41.5,0.12
48123,37.4,0.1
48125,41.6,0.12
48127,36.5,0.1
48129,42.9,0.14
48131,35.9,0.1
48133,40.5,0.11
48135,39.7,0.1
48137,38,0.1
48139,40.7,0.11
48141,39.3,0.1
48143,40.5,0.1
48145,39.6,0.1
48147,42,0.12
48149,38.2,0.1
48151,40.8,0.11
48153,42,0.13
48155,42,0.13
48157,37.9,0.1
48159,41.6,0.12
48161,40.1,0.1
48163,37,0.1
48165,40.6,0.11
48167,37.7,0.1
48169,41.1,0.11
48171,38.5,0.1
48173,39.8,0.1
48175,36.9,0.1
48177,37.7,0.1
48179,43.4,0.15
48181,41.9,0.12
48183,40.9,0.11
48185,38.9,0.1
48187,37.8,0.1
48189,42,0.12
48191,42.5,0.13
48193,39.9,0.1
48195,44.2,0.16
48197,42.4,0.13
48199,38.8,0.1
48201,38.3,0.1
48203,41,0.11
48205,43.7,0.15
48207,41.3,0.12
48209,38.3,0.1
48211,43.8,0.15
48213,40.6,0.11
48215,34.6,0.1
48217,40.3,0.1
48219,41.5,0.12
48221,40.7,0.11
48223,41.6,0.12
48225,39.7,0.1
48227,40.3,0.1
48229,39.1,0.1
48231,41.5,0.12
48233,43.8,0.15
48235,39.3,0.1
48237,41.4,0.12
48239,37.3,0.1
48241,39.3,0.1
48243,38.3,0.1
48245,38.4,0.1
48247,35.2,0.1
48249,36,0.1
48251,40.7,0.11
48253,40.8,0.11
48255,37.2,0.1
48257,41,0.11
48259,38.1,0.1
48261,35.2,0.1
48263,41.2,0.11
48265,38.2,0.1
48267,38.6,0.1
48269,41.7,0.12
48271,37.4,0.1
48273,35.7,0.1
48275,41.7,0.12
48277,42.1,0.13
48279,41.9,0.12
48281,39.4,0.1
48283,36.5,0.1
48285,37.7,0.1
48287,38.6,0.1
48289,39.7,0.1
48291,38.6,0.1
48293,39.9,0.1
48295,44.3,0.16
48297,36.6,0.1
48299,38.9,0.1
48301,39.6,0.1
48303,41.5,0.12
48305,41.1,0.11
48307,39.3,0.1
48309,39.8,0.1
48311,36.6,0.1
48313,39.4,0.1
48315,41.3,0.12
48317,40.2,0.1
48319,38.8,0.1
48321,37.2,0.1
48323,36.8,0.1
48325,37.5,0.1
48327,39,0.1
48329,39.7,0.1
48331,39.1,0.1
48333,39.7,0.1
48335,40.3,0.1
48337,41.9,0.12
48339,38.7,0.1
48341,43.7,0.15
48343,41.6,0.12
48345,42.1,0.13
48347,40.1,0.1
48349,40.4,0.1
48351,39.3,0.1
48353,40.4,0.1
48355,36,0.1
48357,44.3,0.16
48359,43.2,0.14
48361,38.6,0.1
48363,41,0.11
48365,40.7,0.11
48367,41,0.11
48369,42.4,0.13
48371,38.6,0.1
48373,39.2,0.1
48375,43.3,0.15
48377,37.7,0.1
48379,41.3,0.11
48381,42.9,0.14
48383,39.3,0.1
48385,37.9,0.1
48387,42.1,0.13
48389,39.1,0.1
48391,36.6,0.1
48393,43.8,0.15
48395,39.4,0.1
48397,41.2,0.11
48399,39.9,0.1
48401,40.6,0.11
48403,39.9,0.1
48405,39.9,0.1
48407,39,0.1
48409,36.3,0.1
48411,39.3,0.1
48413,38.9,0.1
48415,40.7,0.11
48417,40.9,0.11
48419,40.3,0.1
48421,44.2,0.16
48423,40.8,0.11
48425,40.5,0.1
48427,34.7,0.1
48429,40.9,0.11
48431,39.8,0.1
48433,41.2,0.11
48435,38.6,0.1
48437,42.4,0.13
48439,41.1,0.11
48441,40.4,0.1
48443,38.1,0.1
48445,41,0.11
48447,41.3,0.12
48449,41.7,0.12
48451,39.4,0.1
48453,38.5,0.1
48455,39.5,0.1
48457,39.3,0.1
48459,41.2,0.11
48461,39.3,0.1
48463,37.5,0.1
48465,37.9,0.1
48467,40.9,0.11
48469,37.1,0.1
48471,39.2,0.1
48473,38.4,0.1
48475,39.3,0.1
48477,38.6,0.1
48479,35.9,0.1
48481,37.6,0.1
48483,43.4,0.15
48485,42.2,0.13
48487,42.2,0.13
48489,34.8,0.1
48491,38.9,0.1
48493,37.4,0.1
48495,39.6,0.1
48497,41.5,0.12
48499,41.2,0.11
48501,41,0.11
48503,41.3,0.12
48505,35.2,0.1
48507,37,0.1
49001,45.1,0.18
49003,48.3,0.26
49005,48.6,0.27
49007,46.7,0.21
49009,48,0.25
49011,47.8,0.25
49013,47.3,0.23
49015,46,0.2
49017,44.8,0.17
49019,46.1,0.2
49021,44.6,0.17
49023,46.5,0.21
49025,44.2,0.16
49027,45.7,0.19
49029,48,0.25
49031,45.2,0.18
49033,48.5,0.27
49035,47.5,0.24
49037,44.7,0.17
49039,46.3,0.2
49041,45.6,0.19
49043,47.8,0.24
49045,47.2,0.23
49047,47.2,0.23
49049,47,0.22
49051,47.3,0.23
49053,44,0.16
49055,45.2,0.18
49057,48.1,0.25
50001,53.2,0.46
50003,52.2,0.41
50005,53.7,0.48
50007,53.7,0.48
50009,53.9,0.49
50011,54.1,0.5
50013,54,0.5
50015,53.8,0.49
50017,53.2,0.45
50019,54,0.5
50021,52.8,0.43
50023,53.5,0.47
50025,52.2,0.4
50027,52.8,0.43
51001,47,0.22
51003,47.2,0.23
51005,46.9,0.22
51007,46.5,0.21
51009,46.8,0.22
51011,46.5,0.21
51013,48.1,0.25
51015,47.3,0.23
51017,47.2,0.23
51019,46.4,0.21
51021,46.2,0.2
51023,46.7,0.21
51025,45.9,0.2
51027,46.3,0.21
51029,46.7,0.22
51031,46.4,0.21
51033,47.2,0.23
51035,45.8,0.19
51036,46.5,0.21
51037,46.2,0.2
51041,46.6,0.21
51043,48.3,0.26
51045,46.6,0.21
51047,47.7,0.24
51049,46.7,0.21
51051,46.2,0.2
51053,46.2,0.2
51057,47.1,0.23
51059,48,0.25
51061,47.9,0.25
51063,46,0.2
51065,47,0.22
51067,46.1,0.2
51069,48.4,0.26
51071,46.4,0.21
51073,46.6,0.21
51075,46.9,0.22
51077,45.7,0.19
51079,47.5,0.23
51081,45.9,0.2
51083,45.9,0.2
51085,46.9,0.22
51087,46.6,0.21
51089,45.7,0.19
51091,47.5,0.24
51093,46.1,0.2
51095,46.5,0.21
51097,46.9,0.22
51099,47.5,0.23
51101,46.9,0.22
51103,46.9,0.22
51105,45.7,0.19
51107,48.3,0.26
51109,47.1,0.23
51111,46.1,0.2
51113,47.6,0.24
51115,46.6,0.21
51117,45.8,0.19
51119,46.8,0.22
51121,46.3,0.21
51125,46.9,0.22
51127,46.7,0.21
51131,46.5,0.21
51133,47,0.22
51135,46.3,0.21
51137,47.4,0.23
51139,47.8,0.24
51141,45.8,0.19
51143,46,0.2
51145,46.7,0.22
51147,46.4,0.21
51149,46.4,0.21
51153,47.9,0.25
51155,46.2,0.2
51157,47.8,0.25
51159,47.1,0.23
51161,46.5,0.21
51163,47,0.22
51165,47.7,0.24
51167,46,0.2
51169,45.8,0.19
51171,48,0.25
51173,45.9,0.2
51175,45.9,0.2
51177,47.4,0.23
51179,47.6,0.24
51181,46.3,0.21
51183,46.1,0.2
51185,46.2,0.2
51187,48.1,0.25
51191,45.8,0.19
51193,47.3,0.23
51195,46,0.2
51197,46,0.2
51199,46.4,0.21
51510,48,0.25
51520,45.7,0.19
51530,46.9,0.22
51540,47.2,0.23
51550,45.9,0.2
51570,46.4,0.21
51580,46.9,0.22
51590,45.7,0.19
51595,45.9,0.2
51600,48,0.25
51610,48.1,0.25
51620,45.9,0.2
51630,47.5,0.23
51640,45.8,0.19
51650,46.2,0.2
51660,47.6,0.24
51670,46.5,0.21
51678,46.9,0.22
51680,46.5,0.21
51683,47.9,0.25
51685,47.9,0.25
51690,45.8,0.19
51700,46.3,0.2
51710,46.1,0.2
51720,46,0.2
51730,46.4,0.21
51735,46.3,0.21
51740,46,0.2
51750,46.2,0.2
51760,46.7,0.22
51770,46.4,0.21
51775,46.4,0.21
51790,47.3,0.23
51800,45.9,0.2
51810,46,0.2
51820,47.2,0.23
51830,46.5,0.21
51840,48.3,0.26
53001,53,0.44
53003,52.3,0.41
53005,52.1,0.4
53007,53.5,0.47
53009,53.3,0.46
53011,51.2,0.36
53013,52.3,0.41
53015,51.6,0.38
53017,53.5,0.47
53019,54.4,0.52
53021,52.4,0.42
53023,52.5,0.42
53025,53,0.45
53027,52.3,0.41
53029,53.5,0.47
53031,53.1,0.45
53033,53,0.44
53035,53,0.44
53037,52.8,0.43
53039,51.5,0.38
53041,52,0.4
53043,53.5,0.47
53045,52.7,0.43
53047,54.3,0.52
53049,51.8,0.39
53051,54.6,0.54
53053,52.5,0.42
53055,53.8,0.49
53057,54,0.5
53059,51.5,0.37
53061,53.6,0.47
53063,53.7,0.48
53065,54.4,0.52
53067,52.3,0.41
53069,51.6,0.38
53071,52.2,0.41
53073,54.3,0.52
53075,53,0.44
53077,52.1,0.4
54001,48.3,0.26
54003,48.6,0.27
54005,47.1,0.23
54007,47.8,0.24
54009,49.4,0.29
54011,47.5,0.24
54013,47.9,0.25
54015,47.6,0.24
54017,48.4,0.26
54019,47.1,0.23
54021,48,0.25
54023,48.2,0.26
54025,47,0.22
54027,48.5,0.26
54029,49.6,0.3
54031,48.2,0.25
54033,48.4,0.26
54035,47.9,0.25
54037,48.5,0.26
54039,47.4,0.23
54041,48.1,0.25
54043,47.2,0.23
54045,46.9,0.22
54047,46.5,0.21
54049,48.6,0.27
54051,49,0.28
54053,47.8,0.25
54055,46.5,0.21
54057,48.6,0.27
54059,46.8,0.22
54061,48.8,0.27
54063,46.7,0.21
54065,48.7,0.27
54067,47.4,0.23
54069,49.2,0.29
54071,47.8,0.24
54073,48.5,0.26
54075,47.5,0.23
54077,48.6,0.27
54079,47.6,0.24
54081,46.9,0.22
54083,47.9,0.25
54085,48.3,0.26
54087,47.8,0.24
54089,46.8,0.22
54091,48.5,0.26
54093,48.2,0.26
54095,48.6,0.27
54097,48,0.25
54099,47.2,0.23
54101,47.6,0.24
54103,48.7,0.27
54105,48.1,0.25
54107,48.3,0.26
54109,46.7,0.21
55001,52.7,0.43
55003,55.2,0.57
55005,54,0.5
55007,55.3,0.58
55009,53.3,0.46
55011,53,0.44
55013,54.4,0.52
55015,52.9,0.44
55017,53.7,0.48
55019,53.4,0.47
55021,52.2,0.41
55023,51.9,0.39
55025,51.8,0.39
55027,52.2,0.41
55029,54,0.5
55031,55.1,0.56
55033,53.6,0.47
55035,53.4,0.46
55037,54.7,0.54
55039,52.6,0.42
55041,54.4,0.52
55043,51.6,0.38
55045,51.4,0.37
55047,52.6,0.42
55049,51.7,0.38
55051,55,0.56
55053,53,0.44
55055,51.8,0.39
55057,52.6,0.43
55059,51.4,0.37
55061,53.5,0.47
55063,52.6,0.42
55065,51.4,0.37
55067,54,0.5
55069,54.1,0.5
55071,53,0.44
55073,53.6,0.48
55075,54.2,0.51
55077,52.6,0.42
55078,53.8,0.49
55079,51.7,0.38
55081,52.6,0.43
55083,53.8,0.49
55085,54.5,0.52
55087,53.2,0.45
55089,52.3,0.41
55091,53.2,0.46
55093,53.3,0.46
55095,54,0.5
55097,53.2,0.46
55099,54.4,0.52
55101,51.6,0.38
55103,52.1,0.4
55105,51.4,0.37
55107,54.1,0.5
55109,53.6,0.48
55111,52.2,0.4
55113,54.5,0.53
55115,53.6,0.47
55117,52.6,0.42
55119,53.9,0.49
55121,52.9,0.44
55123,52.3,0.41
55125,54.8,0.55
55127,51.5,0.37
55129,54.5,0.53
55131,52.2,0.4
55133,51.8,0.39
55135,53.3,0.46
55137,52.9,0.44
55139,52.9,0.44
55141,53.2,0.45
56001,49.2,0.29
56003,51.8,0.38
56005,51.7,0.38
56007,49.1,0.28
56009,50.5,0.33
56011,52.2,0.4
56013,50.2,0.32
56015,49.7,0.3
56017,50.9,0.35
56019,51.4,0.37
56021,48.9,0.28
56023,49.2,0.29
56025,50.4,0.33
56027,50.7,0.34
56029,51.6,0.38
56031,49.7,0.3
56033,52.1,0.4
56035,49.8,0.31
56037,48.8,0.27
56039,51,0.35
56041,48.3,0.26
56043,51.2,0.36
56045,51.4,0.37
60010,-15.3,0.1
60020,-15.1,0.1
60050,-15.4,0.1
66010,6.1,0.1
69100,6.8,0.1
69110,7.9,0.1
69120,7.7,0.1
72001,27.3,0.1
72003,27.5,0.1
72005,27.6,0.1
72007,27.4,0.1
72009,27.3,0.1
72011,27.5,0.1
72013,27.6,0.1
72015,27.1,0.1
72017,27.6,0.1
72019,27.3,0.1
72021,27.5,0.1
72023,27.2,0.1
72025,27.4,0.1
72027,27.6,0.1
72029,27.5,0.1
72031,27.5,0.1
72033,27.6,0.1
72035,27.2,0.1
72037,27.4,0.1
72039,27.4,0.1
72041,27.3,0.1
72043,27.3,0.1
72045,27.4,0.1
72047,27.5,0.1
72049,27.5,0.1
72051,27.6,0.1
72053,27.5,0.1
72054,27.5,0.1
72055,27.1,0.1
72057,27.1,0.1
72059,27.2,0.1
72061,27.5,0.1
72063,27.4,0.1
72065,27.6,0.1
72067,27.3,0.1
72069,27.3,0.1
72071,27.6,0.1
72073,27.4,0.1
72075,27.1,0.1
72077,27.4,0.1
72079,27.1,0.1
72081,27.4,0.1
72083,27.4,0.1
72085,27.3,0.1
72087,27.6,0.1
72089,27.5,0.1
72091,27.6,0.1
72093,27.3,0.1
72095,27.1,0.1
72097,27.3,0.1
72099,27.5,0.1
72101,27.5,0.1
72103,27.3,0.1
72105,27.4,0.1
72107,27.4,0.1
72109,27.1,0.1
72111,27.2,0.1
72113,27.2,0.1
72115,27.6,0.1
72117,27.5,0.1
72119,27.5,0.1
72121,27.2,0.1
72123,27.1,0.1
72125,27.3,0.1
72127,27.6,0.1
72129,27.3,0.1
72131,27.5,0.1
72133,27.1,0.1
72135,27.5,0.1
72137,27.6,0.1
72139,27.5,0.1
72141,27.4,0.1
72143,27.6,0.1
72145,27.6,0.1
72147,27.3,0.1
72149,27.3,0.1
72151,27.2,0.1
72153,27.2,0.1
78010,26.8,0.1
78020,27.5,0.1
78030,27.5,0.1
