fips,karst_share,landslide_susceptible_share
01001,0.0268,0.61
01003,0,0.177
01005,0.139,0.466
01007,0.129,0.775
01009,0.226,0.717
01011,0.303,0.331
01013,0.277,0.308
01015,0.512,0.672
01017,0,0.429
01019,0.58,0.52
01021,0.0584,0.675
01023,0.0746,0.574
01025,0.394,0.62
01027,0,0.874
01029,0.0254,0.918
01031,0.0629,0.455
01033,0.615,0.572
01035,0.701,0.314
01037,0.0209,0.843
01039,0.656,0.256
01041,0.289,0.398
01043,0.00256,0.673
01045,0.0777,0.48
01047,0.263,0.314
01049,0.211,0.461
01051,0.00177,0.511
01053,0.61,0.312
01055,0.469,0.53
01057,0,0.781
01059,0.31,0.739
01061,0.82,0.167
01063,0.164,0.313
01065,0.194,0.399
01067,0.209,0.41
01069,0.854,0.11
01071,0.607,0.608
01073,0.21,0.83
01075,0,0.719
01077,0.355,0.513
01079,0.596,0.38
01081,0,0.452
01083,0.472,0.252
01085,0.509,0.335
01087,0.073,0.323
01089,0.618,0.299
01091,0.305,0.307
01093,0,0.797
01095,0.31,0.502
01097,0,0.3
01099,0.406,0.476
01101,0.504,0.157
01103,0.558,0.372
01105,0.276,0.525
01107,0.0442,0.544
01109,0.303,0.458
01111,0,0.799
01113,0.0263,0.382
01115,0.461,0.685
01117,0.3,0.72
01119,0.453,0.356
01121,0.593,0.641
01123,0,0.718
01125,0.0192,0.779
01127,0,0.824
01129,0.366,0.24
01131,0.299,0.443
01133,0,0.884
02013,0.002,0.532
02016,0.00587,0.751
02020,0,0.811
02050,0.0178,0.302
02060,0,0.104
02063,0,0.649
02066,0.0193,0.649
02068,0.0422,0.545
02070,0.00273,0.373
02090,0,0.631
02100,0.0659,0.857
02105,0.0652,0.801
02110,0.00427,0.768
02122,0.00489,0.723
02130,0.00486,0.918
02150,0,0.771
02158,0.0000641,0.164
02164,0.00211,0.475
02170,0.0238,0.67
02180,0.154,0.331
02185,0.0883,0.305
02188,0.0809,0.364
02195,0.00202,0.744
02198,0.125,0.833
02220,0.0154,0.863
02230,0,0.893
02240,0.0149,0.619
02275,0.00564,0.889
02282,0,0.622
02290,0.0498,0.392
04001,0.0951,0.359
04003,0.0556,0.399
04005,0.531,0.402
04007,0.337,0.854
04009,0.00791,0.611
04011,0.0167,0.861
04012,0.00505,0.386
04013,0.00276,0.318
04015,0.312,0.585
04017,0.268,0.393
04019,0.0137,0.337
04021,0.0366,0.364
04023,0.0337,0.828
04025,0.118,0.647
04027,0.000769,0.234
05001,0,0.0757
05003,0.00535,0.0761
05005,0.945,0.788
05007,0.925,0.628
05009,0.844,0.773
05011,0.118,0.0904
05013,0,0.0606
05015,0.809,0.797
05017,0,0.0956
05019,0.221,0.375
05021,0,0.192
05023,0,0.552
05025,0.351,0.0774
05027,0,0.111
05029,0,0.381
05031,0,0.121
05033,0,0.638
05035,0,0.0856
05037,0,0.169
05039,0,0.216
05041,0,0.104
05043,0.181,0.0814
05045,0,0.312
05047,0,0.516
05049,0.996,0.666
05051,0.125,0.829
05053,0.212,0.16
05055,0,0.251
05057,0.395,0.207
05059,0.00248,0.535
05061,0.222,0.539
05063,0.396,0.477
05065,0.997,0.695
05067,0,0.0748
05069,0.149,0.112
05071,0,0.686
05073,0,0.104
05075,0.374,0.194
05077,0,0.114
05079,0.187,0.108
05081,0.0351,0.091
05083,0,0.474
05085,0,0.0487
05087,0.265,0.878
05089,0.938,0.872
05091,0,0.21
05093,0,0.0749
05095,0,0.042
05097,0.156,0.837
05099,0.0607,0.236
05101,0.272,0.93
05103,0,0.37
05105,0,0.695
05107,0,0.0951
05109,0.15,0.649
05111,0,0.111
05113,0.00707,0.788
05115,0,0.609
05117,0,0.077
05119,0.0341,0.382
05121,0.636,0.443
05123,0,0.157
05125,0.308,0.644
05127,0,0.723
05129,0.468,0.859
05131,0,0.374
05133,0.239,0.487
05135,0.997,0.612
05137,0.393,0.809
05139,0,0.211
05141,0,0.713
05143,0.312,0.643
05145,0,0.205
05147,0,0.032
05149,0,0.567
06001,0,0.701
06003,0,0.914
06005,0.00317,0.831
06007,0.00346,0.555
06009,0.00709,0.902
06011,0,0.421
06013,0,0.616
06015,0.00836,0.919
06017,0,0.885
06019,0.00218,0.54
06021,0,0.55
06023,0.0256,0.923
06025,0.000259,0.255
06027,0.161,0.622
06029,0.00605,0.455
06031,0,0.126
06033,0.0236,0.92
06035,0,0.462
06037,0.01,0.588
06039,0,0.574
06041,0,0.849
06043,0,0.91
06045,0,0.945
06047,0,0.227
06049,0,0.316
06051,0.0202,0.687
06053,0.00478,0.813
06055,0.0186,0.814
06057,0,0.885
06059,0.0621,0.634
06061,0.000257,0.75
06063,0.0037,0.806
06065,0.00978,0.512
06067,0,0.133
06069,0.000833,0.852
06071,0.0163,0.387
06073,0,0.815
06075,0,0.593
06077,0,0.115
06079,0.013,0.805
06081,0.016,0.794
06083,0.0253,0.841
06085,0.0514,0.769
06087,0.0319,0.864
06089,0.0911,0.719
06091,0,0.849
06093,0.103,0.719
06095,0,0.294
06097,0,0.806
06099,0,0.408
06101,0,0.106
06103,0.0122,0.73
06105,0.252,0.972
06107,0.021,0.646
06109,0.00509,0.919
06111,0.0808,0.822
06113,0,0.307
06115,0,0.523
08001,0,0.0838
08003,0,0.112
08005,0,0.183
08007,0.00114,0.837
08009,0.0515,0.0698
08011,0.425,0.105
08013,0.0433,0.685
08014,0,0.304
08015,0.041,0.855
08017,0.00173,0.0279
08019,0,0.975
08021,0,0.451
08023,0.00251,0.494
08025,0.0416,0.0127
08027,0.00992,0.701
08029,0,0.689
08031,0,0.169
08033,0,0.633
08035,0.011,0.688
08037,0.223,0.924
08039,0,0.243
08041,0.0194,0.262
08043,0.105,0.811
08045,0.159,0.901
08047,0,0.952
08049,0.0466,0.845
08051,0.0229,0.871
08053,0.00618,0.886
08055,0.222,0.542
08057,0.0336,0.573
08059,0.0165,0.822
08061,0.305,0.00616
08063,0,0.061
08065,0.0452,0.845
08067,0.0193,0.726
08069,0.0862,0.732
08071,0.319,0.409
08073,0,0.0491
08075,0,0.107
08077,0.00127,0.761
08079,0,0.882
08081,0.0911,0.662
08083,0,0.594
08085,0.00793,0.661
08087,0,0.104
08089,0.433,0.111
08091,0.00643,0.753
08093,0.127,0.688
08095,0,0.0388
08097,0.063,0.941
08099,0.335,0.0439
08101,0.459,0.227
08103,0.0113,0.857
08105,0,0.567
08107,0.00994,0.798
08109,0.00512,0.612
08111,0.0139,0.975
08113,0.00839,0.648
08115,0,0.109
08117,0.0438,0.926
08119,0.00762,0.898
08121,0,0.0522
08123,0,0.0879
08125,0.0729,0.191
09110,0,0.549
09120,0.0107,0.683
09130,0,0.667
09140,0.000912,0.671
09150,0,0.539
09160,0.103,0.718
09170,0,0.655
09180,0,0.576
09190,0.0791,0.691
10001,0,0.0472
10003,0.00444,0.281
10005,0,0.0389
11001,0.0113,0.51
12001,1,0.0485
12003,1,0.00567
12005,0.145,0.0473
12007,1,0.0178
12009,0.651,0.028
12011,0.994,0.0522
12013,0.589,0.0635
12015,0.938,0.0143
12017,0.959,0.0627
12019,0.964,0.0597
12021,0.96,0.0278
12023,1,0.0373
12027,0.999,0.0141
12029,0.993,0.0066
12031,0.8,0.0164
12033,0,0.167
12035,0.922,0.0183
12037,0.589,0.0168
12039,1,0.354
12041,1,0.0221
12043,1,0.0216
12045,0,0.0276
12047,1,0.131
12049,1,0.0287
12051,1,0.0159
12053,0.987,0.12
12055,1,0.0143
12057,0.99,0.0858
12059,1,0.0936
12061,0.923,0.00298
12063,1,0.0729
12065,0.999,0.0721
12067,1,0.0325
12069,0.998,0.0782
12071,0.856,0.0291
12073,1,0.127
12075,0.982,0.015
12077,0.947,0.0783
12079,1,0.0425
12081,0.941,0.0239
12083,1,0.0519
12085,0.957,0.0503
12086,0.975,0.00906
12087,0.723,0.0039
12089,0.87,0.0217
12091,0.72,0.17
12093,1,0.0139
12095,1,0.0231
12097,1,0.0155
12099,0.991,0.0461
12101,0.997,0.0379
12103,0.836,0.0101
12105,1,0.0699
12107,0.922,0.0503
12109,0.787,0.00982
12111,0.91,0.00728
12113,0.134,0.0925
12115,0.938,0.041
12117,1,0.0211
12119,1,0.0353
12121,1,0.0595
12123,0.995,0.0129
12125,1,0.0218
12127,0.876,0.035
12129,0.971,0.0227
12131,0.783,0.165
12133,0.972,0.17
13001,1,0.0316
13003,1,0.0108
13005,1,0.00982
13007,0.941,0.0215
13009,0.238,0.455
13011,0,0.816
13013,0,0.433
13015,0.638,0.578
13017,1,0.0379
13019,1,0.00905
13021,0.091,0.463
13023,0.972,0.0586
13025,1,0.0195
13027,1,0.0211
13029,0.533,0.0183
13031,1,0.0402
13033,0.991,0.139
13035,0,0.457
13037,0.406,0.055
13039,0.244,0.0279
13043,1,0.0433
13045,0,0.583
13047,0.655,0.572
13049,1,0.0169
13051,0.12,0.0167
13053,0,0.645
13055,0.611,0.648
13057,0.0106,0.83
13059,0,0.431
13061,0.00883,0.411
13063,0,0.367
13065,1,0.000293
13067,0,0.548
13069,1,0.0235
13071,1,0.0102
13073,0.161,0.441
13075,1,0.00976
13077,0,0.426
13079,0.0683,0.501
13081,0.931,0.0227
13083,0.387,0.758
13085,0,0.912
13087,0.986,0.0908
13089,0,0.749
13091,1,0.0568
13093,0.909,0.0412
13095,0.925,0.0173
13097,0,0.697
13099,0.804,0.0721
13101,1,0.00784
13103,0.997,0.0417
13105,0,0.551
13107,1,0.0523
13109,1,0.0789
13111,0,0.937
13113,0,0.27
13115,0.633,0.542
13117,0,0.813
13119,0,0.664
13121,0,0.799
13123,0.00268,0.956
13125,0.918,0.383
13127,0.0673,0.00459
13129,0.642,0.559
13131,1,0.138
13133,0,0.459
13135,0,0.552
13137,0,0.904
13139,0.0018,0.88
13141,0.0879,0.431
13143,0,0.771
13145,0,0.674
13147,0,0.442
13149,0,0.809
13151,0,0.359
13153,0.73,0.173
13155,1,0.0151
13157,0,0.491
13159,0,0.593
13161,1,0.0531
13163,1,0.138
13165,1,0.0611
13167,1,0.0666
13169,0.176,0.651
13171,0,0.442
13173,1,0.00928
13175,1,0.0719
13177,0.759,0.0425
13179,0.42,0.00377
13181,0,0.432
13183,0.952,0.0171
13185,1,0.0285
13187,0,0.96
13189,0.305,0.293
13191,0.0731,0.013
13193,0.353,0.221
13195,0,0.514
13197,0,0.53
13199,0,0.328
13201,1,0.000969
13205,0.957,0.037
13207,0,0.653
13209,1,0.0467
13211,0,0.367
13213,0.311,0.656
13215,0,0.55
13217,0,0.403
13219,0,0.425
13221,0,0.404
13223,0.00611,0.731
13225,0.598,0.263
13227,0.00835,0.921
13229,1,0.0047
13231,0,0.351
13233,0.681,0.614
13235,0.946,0.06
13237,0,0.496
13239,0.00484,0.585
13241,0,0.976
13243,0,0.303
13245,0.798,0.274
13247,0,0.469
13249,0.0116,0.417
13251,1,0.0598
13253,0.991,0.015
13255,0,0.283
13257,0,0.89
13259,0.0217,0.626
13261,0.0847,0.182
13263,0,0.705
13265,0,0.396
13267,1,0.0423
13269,0,0.34
13271,1,0.0488
13273,0.161,0.0533
13275,1,0.0534
13277,1,0.0161
13279,1,0.0643
13281,0,0.965
13283,1,0.0611
13285,0,0.509
13287,1,0.0351
13289,0.907,0.343
13291,0,0.956
13293,0,0.693
13295,0.651,0.724
13297,0,0.453
13299,1,0.013
13301,0.163,0.244
13303,0.973,0.256
13305,1,0.0263
13307,0.00544,0.256
13309,1,0.0505
13311,0,0.921
13313,0.731,0.59
13315,1,0.0326
13317,0,0.434
13319,0.916,0.357
13321,0.988,0.0279
15001,0,0.416
15003,0.0643,0.648
15005,0,0.663
15007,0.0141,0.727
15009,0.012,0.695
16001,0,0.213
16003,0.00339,0.865
16005,0.289,0.719
16007,0.454,0.731
16009,0,0.767
16011,0.0768,0.276
16013,0.146,0.583
16015,0,0.974
16017,0.00987,0.767
16019,0.158,0.621
16021,0,0.843
16023,0.217,0.373
16025,0.0179,0.678
16027,0,0.118
16029,0.252,0.659
16031,0.0784,0.444
16033,0.123,0.477
16035,0.000155,0.946
16037,0.146,0.854
16039,0,0.614
16041,0.381,0.724
16043,0.0938,0.378
16045,0,0.741
16047,0,0.197
16049,0.00645,0.93
16051,0,0.0601
16053,0,0.0884
16055,0,0.735
16057,0,0.844
16059,0.0979,0.863
16061,0.00886,0.543
16063,0,0.184
16065,0.0458,0.365
16067,0,0.0689
16069,0.0271,0.784
16071,0.428,0.614
16073,0.0001,0.358
16075,0,0.571
16077,0.181,0.476
16079,0.00073,0.98
16081,0.0771,0.509
16083,0.00561,0.238
16085,0.0128,0.909
16087,0,0.773
17001,0.233,0.4
17003,0.381,0.46
17005,0,0.237
17007,0.0918,0.0486
17009,0.31,0.605
17011,0,0.168
17013,0.581,0.686
17015,0.597,0.345
17017,0.00404,0.269
17019,0,0.034
17021,0,0.0593
17023,0,0.302
17025,0,0.166
17027,0,0.0901
17029,0,0.148
17031,0.251,0.0783
17033,0,0.17
17035,0,0.225
17037,0.00973,0.0265
17039,0,0.104
17041,0,0.0288
17043,0.109,0.0656
17045,0,0.11
17047,0,0.186
17049,0,0.253
17051,0,0.269
17053,0,0.0299
17055,0,0.119
17057,0.007,0.512
17059,0,0.194
17061,0.406,0.363
17063,0.0171,0.0985
17065,0,0.154
17067,0.514,0.296
17069,0.648,0.742
17071,0.222,0.278
17073,0.00933,0.233
17075,0.00207,0.0425
17077,0.0128,0.513
17079,0,0.163
17081,0,0.238
17083,0.462,0.477
17085,0.604,0.596
17087,0.235,0.513
17089,0.0522,0.101
17091,0.534,0.0441
17093,0.0778,0.0781
17095,0.00107,0.334
17097,0,0.197
17099,0.0259,0.112
17101,0,0.125
17103,0.163,0.0569
17105,0,0.031
17107,0,0.0627
17109,0.0518,0.237
17111,0,0.146
17113,0,0.0535
17115,0,0.0784
17117,0,0.313
17119,0.0516,0.336
17121,0,0.222
17123,0,0.199
17125,0.000682,0.081
17127,0.0974,0.314
17129,0,0.208
17131,0.00409,0.386
17133,0.597,0.433
17135,0,0.176
17137,0.00472,0.267
17139,0,0.0922
17141,0.624,0.135
17143,0,0.39
17145,0,0.296
17147,0,0.0385
17149,0.516,0.492
17151,0.237,0.553
17153,0.0909,0.359
17155,0,0.261
17157,0.216,0.393
17159,0,0.134
17161,0.298,0.489
17163,0.0543,0.253
17165,0.004,0.241
17167,0,0.117
17169,0.258,0.533
17171,0.333,0.408
17173,0,0.193
17175,0,0.162
17177,0.784,0.161
17179,0,0.204
17181,0.576,0.668
17183,0,0.115
17185,0,0.132
17187,0.0297,0.219
17189,0,0.161
17191,0,0.122
17193,0,0.161
17195,0.355,0.172
17197,0.462,0.128
17199,0,0.314
17201,0.577,0.131
17203,0,0.178
18001,0.225,0.036
18003,0.0522,0.112
18005,0.284,0.251
18007,0,0.0221
18009,0.0796,0.0542
18011,0,0.0621
18013,0,0.898
18015,0.156,0.135
18017,0.151,0.123
18019,0.4,0.508
18021,0.00108,0.308
18023,0,0.0463
18025,0.864,0.828
18027,0,0.255
18029,0.286,0.764
18031,0.68,0.256
18033,0,0.146
18035,0.272,0.0692
18037,0.0523,0.607
18039,0,0.107
18041,0.223,0.375
18043,0.32,0.674
18045,0,0.198
18047,0.482,0.622
18049,0,0.101
18051,0,0.237
18053,0.376,0.091
18055,0.254,0.51
18057,0.125,0.116
18059,0,0.0428
18061,0.952,0.665
18063,0,0.136
18065,0.00782,0.118
18067,0.123,0.0653
18069,0.17,0.137
18071,0.0367,0.365
18073,0.273,0.0643
18075,0.148,0.0439
18077,0.622,0.51
18079,0.537,0.428
18081,0,0.185
18083,0,0.212
18085,0,0.14
18087,0,0.0999
18089,0.0391,0.156
18091,0,0.144
18093,0.742,0.656
18095,0.303,0.0775
18097,0.00958,0.214
18099,0,0.0956
18101,0.303,0.78
18103,0.128,0.159
18105,0.564,0.741
18107,0.0344,0.123
18109,0.0367,0.488
18111,0.0143,0.0549
18113,0,0.226
18115,0.211,0.842
18117,0.931,0.663
18119,0.506,0.644
18121,0.0266,0.491
18123,0.502,0.832
18125,0,0.518
18127,0,0.179
18129,0,0.274
18131,0.0827,0.0673
18133,0.389,0.451
18135,0.0818,0.0443
18137,0.865,0.397
18139,0.223,0.0758
18141,0,0.133
18143,0.0622,0.412
18145,0.293,0.0821
18147,0,0.387
18149,0,0.0626
18151,0,0.3
18153,0,0.272
18155,0.2,0.825
18157,0,0.151
18159,0.0163,0.0128
18161,0.244,0.297
18163,0,0.352
18165,0,0.315
18167,0,0.284
18169,0.112,0.17
18171,0,0.171
18173,0,0.419
18175,0.641,0.536
18177,0.102,0.221
18179,0.496,0.0348
18181,0.118,0.0524
18183,0,0.204
19001,0.0189,0.469
19003,0.0505,0.447
19005,0.592,0.693
19007,0,0.537
19009,0,0.574
19011,0.177,0.12
19013,0.328,0.0588
19015,0.000672,0.16
19017,0.3,0.0554
19019,0.485,0.0453
19021,0,0.0618
19023,0.533,0.0501
19025,0,0.0452
19027,0,0.202
19029,0.00544,0.431
19031,0.196,0.25
19033,0.491,0.0764
19035,0,0.15
19037,0.139,0.0322
19039,0.0152,0.595
19041,0,0.0747
19043,0.918,0.68
19045,0.504,0.319
19047,0,0.619
19049,0.0189,0.227
19051,0.0183,0.51
19053,0.063,0.627
19055,0.667,0.224
19057,0.0359,0.359
19059,0,0.123
19061,0.942,0.607
19063,0,0.114
19065,0.691,0.257
19067,0.818,0.0565
19069,0.0969,0.0545
19071,0.00366,0.382
19073,0,0.0891
19075,0.0392,0.0176
19077,0.000649,0.522
19079,0.0134,0.0802
19081,0,0.0679
19083,0.0203,0.128
19085,0.024,0.583
19087,0.218,0.34
19089,0.308,0.0656
19091,0.114,0.0579
19093,0,0.326
19095,0.0079,0.465
19097,0.922,0.737
19099,0.00476,0.421
19101,0.0939,0.358
19103,0.041,0.379
19105,0.526,0.445
19107,0.223,0.373
19109,0,0.0523
19111,0.0695,0.421
19113,0.536,0.218
19115,0.00185,0.235
19117,0,0.609
19119,0,0.0842
19121,0.229,0.488
19123,0.213,0.324
19125,0.0783,0.522
19127,0.0528,0.235
19129,0.00527,0.483
19131,0.729,0.052
19133,0.0435,0.457
19135,0.0346,0.684
19137,0.00932,0.446
19139,0.0527,0.221
19141,0,0.0582
19143,0,0.0367
19145,0.0339,0.376
19147,0,0.0418
19149,0,0.255
19151,0.0107,0.0439
19153,0,0.262
19155,0.00651,0.542
19157,0,0.43
19159,0.00428,0.508
19161,0,0.0939
19163,0.0923,0.303
19165,0,0.596
19167,0,0.0698
19169,0.0653,0.104
19171,0.0357,0.287
19173,0.0299,0.347
19175,0.0463,0.464
19177,0.236,0.503
19179,0.104,0.441
19181,0.0162,0.501
19183,0.0405,0.29
19185,0,0.441
19187,0.00797,0.136
19189,0.0325,0.0941
19191,0.92,0.423
19193,0,0.51
19195,0.8,0.0573
19197,0,0.0646
20001,0.912,0.0775
20003,0.549,0.149
20005,0.154,0.35
20007,0.693,0.464
20009,0.357,0.0542
20011,0.713,0.192
20013,0.13,0.253
20015,0.928,0.132
20017,0.868,0.392
20019,0.387,0.37
20021,0.0631,0.133
20023,0.186,0.251
20025,0.376,0.296
20027,0.37,0.183
20029,0.214,0.226
20031,0.558,0.107
20033,0.398,0.31
20035,0.757,0.256
20037,0.55,0.134
20039,0.181,0.349
20041,0.817,0.15
20043,0.117,0.613
20045,0.411,0.332
20047,0.026,0.0754
20049,0.512,0.287
20051,0.368,0.265
20053,0.187,0.305
20055,0.0432,0.0668
20057,0.031,0.0758
20059,0.338,0.216
20061,0.767,0.491
20063,0.219,0.158
20065,0.36,0.276
20067,0,0.0205
20069,0,0.0282
20071,0.0768,0.0148
20073,0.549,0.277
20075,0.0441,0.066
20077,0.324,0.0819
20079,0.202,0.0559
20081,0,0.0138
20083,0.413,0.111
20085,0.232,0.292
20087,0.34,0.378
20089,0.318,0.311
20091,0.787,0.3
20093,0.0169,0.102
20095,0.209,0.094
20097,0.0144,0.253
20099,0.76,0.0978
20101,0.189,0.12
20103,0.288,0.474
20105,0.33,0.279
20107,0.689,0.259
20109,0.118,0.133
20111,0.38,0.173
20113,0.152,0.108
20115,0.811,0.111
20117,0.377,0.27
20119,0.136,0.195
20121,0.869,0.244
20123,0.362,0.168
20125,0.735,0.195
20127,0.925,0.217
20129,0.00635,0.0295
20131,0.0596,0.279
20133,0.777,0.105
20135,0.565,0.103
20137,0.241,0.426
20139,0.422,0.211
20141,0.378,0.319
20143,0.0365,0.213
20145,0.205,0.0403
20147,0.335,0.436
20149,0.508,0.471
20151,0,0.0636
20153,0.23,0.349
20155,0.0895,0.0416
20157,0.218,0.204
20159,0.0116,0.0597
20161,0.746,0.447
20163,0.507,0.274
20165,0.561,0.0762
20167,0.489,0.356
20169,0.149,0.173
20171,0.0596,0.061
20173,0.177,0.0799
20175,0.00784,0.086
20177,0.135,0.316
20179,0.157,0.223
20181,0.0873,0.0527
20183,0.382,0.335
20185,0,0.0427
20187,0.0352,0.0149
20189,0,0.0259
20191,0.218,0.0621
20193,0.0668,0.0507
20195,0.582,0.207
20197,0.677,0.411
20199,0.242,0.107
20201,0.303,0.293
20203,0.11,0.0396
20205,0.534,0.209
20207,0.401,0.156
20209,0.374,0.628
21001,0.376,0.777
21003,0.496,0.762
21005,0.252,0.868
21007,0,0.256
21009,0.672,0.597
21011,0.393,0.797
21013,0.0288,0.972
21015,0.652,0.788
21017,0.893,0.435
21019,0,0.94
21021,0.529,0.587
21023,0.325,0.964
21025,0,0.992
21027,0.906,0.673
21029,0.414,0.623
21031,0.2,0.708
21033,0.735,0.489
21035,0.0216,0.375
21037,0.269,0.896
21039,0,0.432
21041,0.212,0.86
21043,0.0833,0.961
21045,0.238,0.834
21047,0.859,0.368
21049,0.619,0.706
21051,0,0.98
21053,0.734,0.829
21055,0.687,0.62
21057,0.343,0.9
21059,0,0.392
21061,0.546,0.769
21063,0.0214,0.986
21065,0.194,0.906
21067,0.947,0.259
21069,0.594,0.788
21071,0,0.987
21073,0.476,0.771
21075,0,0.179
21077,0.269,0.88
21079,0.533,0.831
21081,0.251,0.97
21083,0,0.37
21085,0.603,0.69
21087,0.903,0.739
21089,0.0087,0.902
21091,0.0605,0.717
21093,0.877,0.513
21095,0.0247,0.984
21097,0.454,0.799
21099,0.898,0.755
21101,0,0.235
21103,0.49,0.733
21105,0,0.328
21107,0,0.484
21109,0.152,0.974
21111,0.604,0.375
21113,0.914,0.481
21115,0,0.989
21117,0.598,0.875
21119,0,0.989
21121,0,0.937
21123,0.77,0.503
21125,0.0035,0.866
21127,0,0.985
21129,0.0493,0.981
21131,0,0.997
21133,0.0441,0.994
21135,0.211,0.902
21137,0.406,0.699
21139,0.557,0.545
21141,0.914,0.316
21143,0.571,0.74
21145,0,0.22
21147,0.0828,0.973
21149,0,0.337
21151,0.456,0.77
21153,0,0.982
21155,0.472,0.756
21157,0.00905,0.444
21159,0,0.982
21161,0.742,0.805
21163,0.9,0.605
21165,0.013,0.975
21167,0.505,0.647
21169,0.573,0.736
21171,0.476,0.81
21173,0.388,0.807
21175,0.003,0.975
21177,0.0395,0.639
21179,0.582,0.674
21181,0.343,0.939
21183,0.0458,0.694
21185,0.899,0.638
21187,0.332,0.945
21189,0,0.983
21191,0.122,0.936
21193,0,0.983
21195,0.00782,0.992
21197,0.0837,0.878
21199,0.621,0.76
21201,0.341,0.959
21203,0.43,0.885
21205,0.0392,0.9
21207,0.415,0.763
21209,0.597,0.64
21211,0.686,0.573
21213,0.984,0.198
21215,0.563,0.837
21217,0.471,0.682
21219,0.908,0.335
21221,0.754,0.629
21223,0.627,0.836
21225,0,0.326
21227,0.902,0.487
21229,0.452,0.881
21231,0.706,0.852
21233,0,0.449
21235,0.00604,0.908
21237,0,0.978
21239,0.988,0.432
22001,0,0.0304
22003,0,0.0184
22005,0,0.0667
22007,0,0.0244
22009,0,0.0698
22011,0,0.0392
22013,0.00047,0.301
22015,0,0.154
22017,0,0.154
22019,0,0.0326
22021,0,0.202
22023,0,0.00503
22025,0,0.265
22027,0,0.363
22029,0,0.0749
22031,0,0.208
22033,0,0.131
22035,0,0.0716
22037,0,0.18
22039,0,0.108
22041,0,0.0576
22043,0,0.291
22045,0,0.0525
22047,0,0.0763
22049,0,0.272
22051,0,0.0456
22053,0,0.0247
22055,0,0.0556
22057,0,0.0301
22059,0,0.283
22061,0,0.474
22063,0,0.0424
22065,0,0.0831
22067,0,0.0628
22069,0,0.36
22071,0,0.0845
22073,0,0.311
22075,0,0.04
22077,0,0.0928
22079,0,0.209
22081,0,0.131
22083,0,0.0564
22085,0,0.397
22087,0,0.016
22089,0,0.0667
22091,0,0.116
22093,0,0.0752
22095,0,0.0708
22097,0,0.0688
22099,0,0.0962
22101,0,0.0348
22103,0,0.0637
22105,0,0.108
22107,0,0.0869
22109,0,0.0132
22111,0,0.347
22113,0,0.0166
22115,0,0.191
22117,0,0.265
22119,0,0.181
22121,0,0.0832
22123,0,0.0427
22125,0,0.527
22127,0,0.219
23001,0.134,0.471
23003,0.116,0.253
23005,0.00447,0.475
23007,0.0381,0.645
23009,0.06,0.386
23011,0.0584,0.48
23013,0.135,0.52
23015,0.287,0.574
23017,0.109,0.7
23019,0.0634,0.23
23021,0.0358,0.368
23023,0.0104,0.563
23025,0.03,0.418
23027,0.0797,0.494
23029,0.00435,0.283
23031,0.0196,0.487
24001,0.233,0.901
24003,0.153,0.525
24005,0.0785,0.523
24009,0.466,0.775
24011,0.0893,0.0687
24013,0.0297,0.639
24015,0,0.371
24017,0.138,0.439
24019,0.000642,0.0189
24021,0.134,0.597
24023,0.0457,0.741
24025,0.00171,0.526
24027,0.00457,0.604
24029,0.00773,0.181
24031,0,0.593
24033,0.215,0.541
24035,0.0801,0.0938
24037,0.162,0.438
24039,0,0.0139
24041,0.0379,0.116
24043,0.611,0.641
24045,0,0.0476
24047,0,0.0267
24510,0,0.436
25001,0,0.541
25003,0.306,0.722
25005,0,0.217
25007,0,0.393
25009,0,0.593
25011,0.164,0.806
25013,0.00365,0.643
25015,0.109,0.663
25017,0,0.456
25019,0,0.212
25021,0.00848,0.472
25023,0,0.385
25025,0,0.437
25027,0.000489,0.609
26001,0.00334,0.3
26003,0.646,0.332
26005,0,0.235
26007,0.338,0.0965
26009,0,0.424
26011,0.272,0.0834
26013,0,0.489
26015,0,0.45
26017,0,0.0233
26019,0,0.455
26021,0,0.291
26023,0,0.0535
26025,0.00646,0.214
26027,0,0.295
26029,0.173,0.49
26031,0.0989,0.22
26033,0.41,0.129
26035,0,0.292
26037,0,0.118
26039,0,0.236
26041,0.812,0.176
26043,0.0825,0.503
26045,0,0.131
26047,0.0281,0.473
26049,0,0.14
26051,0,0.105
26053,0,0.285
26055,0,0.429
26057,0,0.0345
26059,0,0.2
26061,0,0.308
26063,0.244,0.0461
26065,0.0151,0.111
26067,0,0.211
26069,0.0747,0.155
26071,0.0204,0.257
26073,0,0.111
26075,0.0997,0.231
26077,0,0.273
26079,0,0.285
26081,0.0142,0.373
26083,0,0.428
26085,0,0.373
26087,0,0.228
26089,0.117,0.642
26091,0.0071,0.142
26093,0.0033,0.278
26095,0.536,0.224
26097,0.711,0.164
26099,0,0.0783
26101,0,0.366
26103,0.2,0.566
26105,0,0.292
26107,0,0.359
26109,0.831,0.216
26111,0,0.0446
26113,0,0.225
26115,0.769,0.0448
26117,0,0.186
26119,0.00206,0.3
26121,0,0.2
26123,0,0.312
26125,0,0.312
26127,0,0.381
26129,0,0.305
26131,0,0.293
26133,0,0.472
26135,0,0.342
26137,0,0.327
26139,0.00535,0.174
26141,0.682,0.137
26143,0,0.188
26145,0,0.0342
26147,0,0.0683
26149,0,0.187
26151,0.00642,0.0481
26153,0.711,0.146
26155,0,0.0892
26157,0.0422,0.0767
26159,0,0.22
26161,0.00321,0.244
26163,0.11,0.108
26165,0,0.456
27001,0,0.208
27003,0,0.144
27005,0,0.381
27007,0,0.187
27009,0,0.0454
27011,0,0.059
27013,0.00151,0.167
27015,0,0.106
27017,0,0.246
27019,0,0.288
27021,0,0.296
27023,0,0.0731
27025,0,0.16
27027,0,0.101
27029,0,0.308
27031,0,0.641
27033,0,0.101
27035,0,0.246
27037,0.217,0.307
27039,0.168,0.0728
27041,0,0.286
27043,0,0.0601
27045,0.926,0.43
27047,0.0123,0.108
27049,0.745,0.375
27051,0,0.11
27053,0.0191,0.425
27055,0.594,0.717
27057,0,0.411
27059,0,0.117
27061,0,0.311
27063,0,0.0665
27065,0,0.118
27067,0,0.188
27069,0,0.0224
27071,0,0.108
27073,0,0.0646
27075,0,0.515
27077,0,0.0442
27079,0.00244,0.251
27081,0,0.16
27083,0,0.115
27085,0,0.0401
27087,0,0.242
27089,0,0.0193
27091,0,0.0606
27093,0,0.112
27095,0,0.0822
27097,0,0.152
27099,0.3,0.0303
27101,0,0.0955
27103,0,0.139
27105,0,0.0419
27107,0,0.0428
27109,0.879,0.333
27111,0,0.321
27113,0,0.0159
27115,0.0105,0.159
27117,0,0.0825
27119,0,0.074
27121,0,0.209
27123,0.0567,0.402
27125,0,0.0605
27127,0,0.0689
27129,0,0.0658
27131,0.132,0.292
27133,0,0.0447
27135,0,0.0118
27137,0,0.414
27139,0.0021,0.388
27141,0,0.136
27143,0,0.0861
27145,0,0.167
27147,0.0535,0.099
27149,0,0.0526
27151,0,0.0637
27153,0,0.175
27155,0,0.0282
27157,0.682,0.514
27159,0,0.0552
27161,0,0.127
27163,0.289,0.445
27165,0,0.0496
27167,0,0.0185
27169,0.698,0.601
27171,0,0.219
27173,0,0.0862
28001,0,0.645
28003,0.417,0.563
28005,0,0.334
28007,0,0.564
28009,0.0226,0.733
28011,0,0.0714
28013,0.0848,0.529
28015,0,0.698
28017,0.934,0.261
28019,0,0.521
28021,0,0.704
28023,0.124,0.538
28025,0.932,0.183
28027,0,0.0848
28029,0,0.598
28031,0,0.456
28033,0,0.43
28035,0,0.41
28037,0,0.792
28039,0,0.324
28041,0,0.477
28043,0,0.604
28045,0,0.0815
28047,0,0.141
28049,0.211,0.43
28051,0,0.51
28053,0,0.0799
28055,0,0.102
28057,0.0315,0.663
28059,0,0.115
28061,0.198,0.423
28063,0,0.755
28065,0,0.522
28067,0.00662,0.39
28069,0.365,0.438
28071,0.00964,0.743
28073,0,0.486
28075,0.00216,0.697
28077,0,0.51
28079,0.0931,0.52
28081,0.61,0.404
28083,0,0.0689
28085,0,0.404
28087,0.451,0.145
28089,0.00312,0.235
28091,0,0.493
28093,0.00762,0.642
28095,0.303,0.354
28097,0,0.649
28099,0,0.499
28101,0.226,0.492
28103,0.884,0.159
28105,0.932,0.234
28107,0,0.538
28109,0,0.307
28111,0,0.445
28113,0,0.311
28115,0.828,0.466
28117,0.24,0.645
28119,0,0.0641
28121,0.101,0.264
28123,0.0727,0.14
28125,0,0.06
28127,0,0.58
28129,0.138,0.523
28131,0,0.33
28133,0,0.0706
28135,0,0.311
28137,0,0.539
28139,0.63,0.719
28141,0.106,0.745
28143,0,0.0774
28145,0.747,0.55
28147,0,0.379
28149,0.166,0.581
28151,0,0.0918
28153,0.161,0.509
28155,0.0704,0.545
28157,0,0.722
28159,0.194,0.417
28161,0,0.744
28163,0.0269,0.402
29001,0,0.637
29003,0.355,0.485
29005,0,0.453
29007,0.582,0.0917
29009,0.989,0.619
29011,0.101,0.112
29013,0.477,0.117
29015,0.894,0.525
29017,0.907,0.655
29019,0.538,0.513
29021,0.686,0.567
29023,0.432,0.265
29025,0.831,0.319
29027,0.568,0.501
29029,1,0.794
29031,0.838,0.59
29033,0.0578,0.248
29035,0.995,0.749
29037,0.712,0.192
29039,0.529,0.297
29041,0.00661,0.285
29043,0.974,0.667
29045,0.145,0.415
29047,0.827,0.496
29049,0.957,0.305
29051,0.951,0.696
29053,0.89,0.427
29055,1,0.709
29057,0.736,0.221
29059,1,0.43
29061,0.556,0.339
29063,0.249,0.308
29065,1,0.63
29067,1,0.799
29069,0,0.0747
29071,0.956,0.694
29073,0.985,0.652
29075,0.183,0.432
29077,0.974,0.282
29079,0.0823,0.371
29081,0.105,0.542
29083,0.167,0.152
29085,0.921,0.46
29087,0.101,0.423
29089,0.452,0.661
29091,1,0.501
29093,0.793,0.798
29095,0.75,0.468
29097,0.847,0.13
29099,0.984,0.827
29101,0.501,0.249
29103,0.0931,0.328
29105,1,0.528
29107,0.572,0.328
29109,0.942,0.214
29111,0.221,0.383
29113,0.846,0.473
29115,0.0377,0.401
29117,0.114,0.285
29119,1,0.782
29121,0.0057,0.531
29123,0.666,0.708
29125,1,0.589
29127,0.777,0.424
29129,0.0466,0.691
29131,1,0.7
29133,0,0.0675
29135,0.973,0.426
29137,0.444,0.29
29139,0.591,0.385
29141,1,0.571
29143,0,0.0735
29145,0.99,0.324
29147,0.0254,0.395
29149,1,0.62
29151,0.958,0.805
29153,1,0.809
29155,0,0.0735
29157,0.872,0.635
29159,0.737,0.159
29161,1,0.641
29163,0.762,0.428
29165,0.645,0.568
29167,0.97,0.284
29169,1,0.734
29171,0,0.767
29173,0.821,0.361
29175,0.327,0.436
29177,0.386,0.423
29179,0.968,0.895
29181,0.936,0.48
29183,0.539,0.405
29185,0.381,0.342
29186,0.765,0.751
29187,0.708,0.504
29189,0.655,0.648
29195,0.317,0.294
29197,0,0.696
29199,0.0245,0.437
29201,0.111,0.188
29203,0.988,0.801
29205,0.24,0.255
29207,0.0251,0.152
29209,1,0.869
29211,0.02,0.724
29213,1,0.86
29215,1,0.606
29217,0.0924,0.151
29219,0.647,0.657
29221,0.97,0.774
29223,0.941,0.759
29225,1,0.488
29227,0,0.581
29229,0.999,0.598
29510,0.643,0.28
30001,0.119,0.666
30003,0.109,0.688
30005,0.00738,0.387
30007,0.267,0.646
30009,0.125,0.691
30011,0.0486,0.329
30013,0.186,0.517
30015,0,0.357
30017,0,0.636
30019,0,0.196
30021,0,0.438
30023,0.105,0.708
30025,0,0.369
30027,0.112,0.534
30029,0.255,0.81
30031,0.164,0.679
30033,0,0.485
30035,0.0574,0.452
30037,0.0384,0.35
30039,0.188,0.835
30041,0,0.177
30043,0.0689,0.755
30045,0.351,0.524
30047,0.144,0.65
30049,0.25,0.791
30051,0.00374,0.198
30053,0.274,0.867
30055,0,0.379
30057,0.121,0.714
30059,0.49,0.694
30061,0.376,0.95
30063,0.114,0.836
30065,0.000618,0.483
30067,0.0593,0.805
30069,0,0.489
30071,0.00526,0.378
30073,0.0674,0.28
30075,0,0.656
30077,0.133,0.765
30079,0,0.488
30081,0.0428,0.862
30083,0,0.398
30085,0,0.231
30087,0,0.512
30089,0.197,0.848
30091,0,0.225
30093,0.0788,0.791
30095,0.00364,0.565
30097,0.0278,0.697
30099,0.0939,0.348
30101,0,0.216
30103,0,0.575
30105,0,0.31
30107,0.0611,0.346
30109,0,0.47
30111,0.000584,0.456
31001,0.793,0.146
31003,0,0.154
31005,0,0.669
31007,0,0.294
31009,0,0.702
31011,0,0.467
31013,0,0.126
31015,0.695,0.483
31017,0.00472,0.469
31019,0.038,0.383
31021,0,0.291
31023,0,0.257
31025,0.161,0.276
31027,0.222,0.325
31029,0,0.218
31031,0,0.61
31033,0,0.149
31035,0.585,0.0883
31037,0,0.203
31039,0,0.132
31041,0,0.661
31043,0.0101,0.505
31045,0.307,0.43
31047,0,0.389
31049,0,0.109
31051,0.0202,0.506
31053,0,0.0882
31055,0,0.49
31057,0.165,0.262
31059,0,0.0574
31061,0.754,0.485
31063,0.0126,0.626
31065,0.321,0.416
31067,0.253,0.154
31069,0,0.41
31071,0,0.583
31073,0.00416,0.506
31075,0,0.738
31077,0,0.652
31079,0.34,0.0644
31081,0.818,0.0938
31083,0.38,0.433
31085,0.00488,0.427
31087,0.183,0.418
31089,0.146,0.141
31091,0,0.789
31093,0.107,0.412
31095,0.0449,0.254
31097,0.00206,0.27
31099,0.475,0.0729
31101,0,0.352
31103,0.201,0.334
31105,0,0.144
31107,0.333,0.511
31109,0,0.219
31111,0,0.46
31113,0,0.659
31115,0,0.713
31117,0,0.645
31119,0.0431,0.103
31121,0.798,0.0341
31123,0,0.371
31125,0.302,0.431
31127,0,0.273
31129,0.533,0.309
31131,0.00443,0.243
31133,0.0588,0.283
31135,0,0.0511
31137,0,0.119
31139,0,0.097
31141,0.182,0.148
31143,0.0165,0.103
31145,0.166,0.417
31147,0.00825,0.341
31149,0.0439,0.266
31151,0,0.181
31153,0.0255,0.424
31155,0,0.232
31157,0,0.22
31159,0.00668,0.227
31161,0.0103,0.51
31163,0,0.663
31165,0.114,0.431
31167,0,0.274
31169,0.0289,0.198
31171,0,0.881
31173,0,0.495
31175,0,0.583
31177,0,0.406
31179,0,0.274
31181,0.797,0.391
31183,0,0.347
31185,0,0.108
32001,0.0654,0.416
32003,0.295,0.561
32005,0.131,0.659
32007,0.314,0.534
32009,0.138,0.479
32011,0.164,0.446
32013,0.0703,0.408
32015,0.0523,0.467
32017,0.192,0.535
32019,0.098,0.502
32021,0.0729,0.583
32023,0.0753,0.421
32027,0.164,0.423
32029,0.0642,0.876
32031,0.0179,0.529
32033,0.298,0.501
32510,0.00741,0.79
33001,0,0.703
33003,0,0.713
33005,0.0122,0.814
33007,0,0.726
33009,0.0135,0.826
33011,0,0.597
33013,0,0.682
33015,0,0.556
33017,0,0.596
33019,0.0336,0.824
34001,0,0.0317
34003,0,0.406
34005,0.0461,0.1
34007,0.0508,0.179
34009,0,0.0366
34011,0,0.073
34013,0,0.403
34015,0.0883,0.156
34017,0,0.307
34019,0.0549,0.423
34021,0,0.195
34023,0,0.228
34025,0.139,0.283
34027,0.0499,0.553
34029,0.00666,0.0853
34031,0.00194,0.702
34033,0.16,0.093
34035,0.00253,0.343
34037,0.227,0.713
34039,0,0.273
34041,0.408,0.595
35001,0.0668,0.326
35003,0.00992,0.575
35005,0.437,0.2
35006,0.26,0.375
35007,0.0651,0.501
35009,0,0.0223
35011,0.23,0.0864
35013,0.0545,0.249
35015,0.402,0.191
35017,0.0143,0.678
35019,0.153,0.175
35021,0.103,0.195
35023,0.0277,0.311
35025,0.000264,0.00735
35027,0.648,0.423
35028,0,0.856
35029,0.00599,0.104
35031,0.122,0.409
35033,0.188,0.414
35035,0.575,0.4
35037,0.0372,0.15
35039,0.0551,0.705
35041,0,0.032
35043,0.159,0.585
35045,0.0275,0.421
35047,0.28,0.428
35049,0.189,0.528
35051,0.145,0.525
35053,0.207,0.426
35055,0.179,0.56
35057,0.271,0.16
35059,0.128,0.213
35061,0.109,0.206
36001,0.115,0.508
36003,0,0.634
36005,0.1,0.26
36007,0,0.638
36009,0,0.671
36011,0.317,0.326
36013,0,0.4
36015,0,0.658
36017,0.00344,0.537
36019,0.116,0.347
36021,0.0643,0.675
36023,0.0184,0.596
36025,0,0.818
36027,0.204,0.739
36029,0.265,0.266
36031,0.0566,0.817
36033,0.131,0.515
36035,0.135,0.442
36037,0.548,0.156
36039,0.0311,0.708
36041,0.0154,0.723
36043,0.161,0.593
36045,0.549,0.31
36047,0,0.081
36049,0.085,0.399
36051,0.0692,0.36
36053,0.191,0.561
36055,0.442,0.145
36057,0.208,0.396
36059,0,0.28
36061,0.11,0.207
36063,0.194,0.0488
36065,0.142,0.375
36067,0.427,0.361
36069,0.234,0.361
36071,0.12,0.652
36073,0.167,0.0898
36075,0,0.385
36077,0.0402,0.704
36079,0.0391,0.791
36081,0,0.112
36083,0.0105,0.694
36085,0,0.351
36087,0.0213,0.603
36089,0.351,0.486
36091,0.106,0.535
36093,0.0203,0.388
36095,0.147,0.707
36097,0,0.509
36099,0.252,0.161
36101,0,0.636
36103,0,0.257
36105,0.00581,0.587
36107,0,0.651
36109,0.00864,0.451
36111,0.0508,0.759
36113,0.0261,0.78
36115,0.106,0.737
36117,0.651,0.373
36119,0.111,0.66
36121,0,0.377
36123,0,0.369
37001,0,0.411
37003,0,0.788
37005,0,0.958
37007,0.0302,0.48
37009,0,0.983
37011,0.0281,0.975
37013,0.469,0.0476
37015,0.73,0.0605
37017,0.363,0.0592
37019,0.303,0.0446
37021,0.0257,0.951
37023,0.012,0.898
37025,0,0.542
37027,0.00488,0.922
37029,0,0.00859
37031,0.177,0.0311
37033,0,0.759
37035,0.0464,0.626
37037,0,0.423
37039,0.0322,0.967
37041,0.21,0.0489
37043,0,0.959
37045,0.0157,0.624
37047,0.797,0.0157
37049,0.732,0.0519
37051,0.234,0.138
37053,0,0.0288
37055,0,0.0697
37057,0,0.599
37059,0,0.579
37061,0.948,0.042
37063,0,0.485
37065,0.614,0.064
37067,0.0261,0.714
37069,0,0.344
37071,0.0669,0.629
37073,0.443,0.0354
37075,0,0.986
37077,0,0.358
37079,0.813,0.0582
37081,0,0.479
37083,0.238,0.152
37085,0.598,0.257
37087,0.00487,0.977
37089,0.0289,0.849
37091,0.768,0.121
37093,0.837,0.138
37095,0,0.00609
37097,0,0.621
37099,0,0.985
37101,0.377,0.168
37103,0.923,0.0432
37105,0.264,0.481
37107,0.713,0.0457
37109,0.102,0.582
37111,0.0303,0.955
37113,0.00148,0.98
37115,0.035,0.993
37117,0.861,0.0915
37119,0,0.519
37121,0,0.988
37123,0.0715,0.664
37125,0.348,0.426
37127,0.141,0.162
37129,0.732,0.0691
37131,0.36,0.0989
37133,0.67,0.0815
37135,0,0.385
37137,0.249,0.0167
37139,0,0.0121
37141,0.896,0.0342
37143,0.0215,0.0296
37145,0,0.494
37147,0.844,0.0484
37149,0,0.891
37151,0,0.631
37153,0.211,0.38
37155,0.889,0.0174
37157,0.0836,0.72
37159,0,0.426
37161,0,0.833
37163,0.763,0.0644
37165,0.903,0.0625
37167,0,0.585
37169,0.408,0.878
37171,0.131,0.868
37173,0.023,0.993
37175,0.0506,0.949
37177,0,0.00533
37179,0,0.335
37181,0,0.529
37183,0.0746,0.458
37185,0,0.42
37187,0.111,0.0193
37189,0.0567,0.978
37191,0.838,0.0778
37193,0,0.926
37195,0.689,0.0577
37197,0.158,0.674
37199,0,0.987
38001,0,0.148
38003,0.00971,0.078
38005,0,0.126
38007,0.000335,0.6
38009,0,0.0668
38011,0,0.21
38013,0,0.155
38015,0,0.139
38017,0,0.0375
38019,0.052,0.0696
38021,0,0.0597
38023,0,0.144
38025,0.00334,0.444
38027,0,0.106
38029,0,0.23
38031,0,0.0412
38033,0.00116,0.485
38035,0.0427,0.0438
38037,0,0.299
38039,0.00485,0.117
38041,0.000681,0.131
38043,0,0.164
38045,0,0.0546
38047,0,0.176
38049,0,0.054
38051,0,0.105
38053,0,0.612
38055,0,0.199
38057,0,0.361
38059,0,0.356
38061,0,0.284
38063,0,0.0595
38065,0,0.307
38067,0.00622,0.0406
38069,0,0.101
38071,0.00654,0.0197
38073,0.0277,0.0915
38075,0,0.0601
38077,0,0.0504
38079,0,0.175
38081,0,0.0376
38083,0,0.221
38085,0,0.351
38087,0.000317,0.345
38089,0.000576,0.217
38091,0.00705,0.0667
38093,0,0.152
38095,0,0.0146
38097,0,0.0405
38099,0.0129,0.0529
38101,0,0.21
38103,0,0.063
38105,0,0.216
39001,0.686,0.735
39003,0.726,0.051
39005,0,0.371
39007,0,0.163
39009,0,0.938
39011,0.175,0.0391
39013,0.218,0.947
39015,0.977,0.407
39017,0.782,0.352
39019,0,0.828
39021,0.0521,0.166
39023,0.237,0.155
39025,0.989,0.446
39027,0.512,0.134
39029,0.00649,0.66
39031,0,0.849
39033,0.149,0.0619
39035,0,0.325
39037,0.0899,0.0523
39039,0.0355,0.0948
39041,0.305,0.159
39043,0.344,0.152
39045,0,0.378
39047,0.342,0.0577
39049,0.0629,0.184
39051,0,0.0369
39053,0,0.913
39055,0,0.282
39057,0.506,0.194
39059,0,0.879
39061,0.814,0.667
39063,0.801,0.0305
39065,0.499,0.0378
39067,0.234,0.923
39069,0.245,0.0547
39071,0.942,0.368
39073,0,0.937
39075,0,0.729
39077,0.0179,0.129
39079,0,0.871
39081,0.307,0.923
39083,0,0.454
39085,0,0.306
39087,0,0.953
39089,0,0.462
39091,0.101,0.201
39093,0,0.152
39095,0.233,0.111
39097,0.0556,0.049
39099,0.205,0.22
39101,0.539,0.037
39103,0,0.266
39105,0,0.938
39107,0.447,0.0308
39109,0.602,0.114
39111,0,0.982
39113,0.621,0.211
39115,0,0.955
39117,0,0.18
39119,0,0.853
39121,0,0.956
39123,0.7,0.0521
39125,0.864,0.0612
39127,0,0.808
39129,0.0282,0.143
39131,0.0157,0.765
39133,0,0.275
39135,0.455,0.194
39137,0.676,0.0362
39139,0,0.374
39141,0.0357,0.579
39143,0.673,0.0525
39145,0.00251,0.86
39147,0.589,0.0685
39149,0.0104,0.094
39151,0,0.433
39153,0,0.397
39155,0,0.125
39157,0,0.818
39159,0.528,0.0493
39161,0.689,0.0199
39163,0,0.927
39165,0.794,0.303
39167,0,0.938
39169,0,0.268
39171,0,0.106
39173,0.755,0.044
39175,0.391,0.114
40001,0.791,0.666
40003,0.112,0.0918
40005,0.0373,0.389
40007,0.0507,0.166
40009,0.317,0.226
40011,0.556,0.245
40013,0.187,0.205
40015,0.8,0.298
40017,0.39,0.206
40019,0.101,0.288
40021,0.671,0.553
40023,0.307,0.25
40025,0.052,0.0914
40027,0.0396,0.261
40029,0.0307,0.301
40031,0.113,0.261
40033,0,0.0792
40035,0.314,0.156
40037,0.172,0.451
40039,0.427,0.316
40041,0.945,0.569
40043,0.583,0.456
40045,0.129,0.266
40047,0.0857,0.122
40049,0.000477,0.246
40051,0.413,0.263
40053,0.0285,0.0753
40055,0.369,0.218
40057,0.753,0.186
40059,0.615,0.315
40061,0,0.332
40063,0,0.38
40065,0.35,0.1
40067,0,0.106
40069,0.348,0.228
40071,0.257,0.137
40073,0.161,0.129
40075,0.0539,0.131
40077,0.018,0.579
40079,0,0.557
40081,0.292,0.338
40083,0.00155,0.32
40085,0.13,0.291
40087,0,0.275
40089,0.0619,0.474
40091,0,0.273
40093,0.383,0.343
40095,0.346,0.338
40097,0.485,0.269
40099,0.49,0.359
40101,0.0176,0.196
40103,0,0.203
40105,0.33,0.178
40107,0.119,0.304
40109,0.0989,0.218
40111,0.00334,0.222
40113,0.404,0.415
40115,0.607,0.232
40117,0.32,0.363
40119,0.165,0.349
40121,0.00701,0.387
40123,0.283,0.321
40125,0.104,0.334
40127,0.00436,0.55
40129,0.303,0.413
40131,0.125,0.255
40133,0.336,0.4
40135,0.0427,0.406
40137,0.106,0.186
40139,0.0132,0.0735
40141,0,0.0745
40143,0.0841,0.246
40145,0.0242,0.208
40147,0.0991,0.218
40149,0.642,0.152
40151,0.382,0.399
40153,0.449,0.306
41001,0.165,0.797
41003,0,0.721
41005,0,0.721
41007,0,0.845
41009,0,0.79
41011,0.00119,0.885
41013,0.00556,0.572
41015,0.00212,0.96
41017,0,0.371
41019,0.00822,0.905
41021,0,0.619
41023,0.0279,0.809
41025,0.00034,0.372
41027,0,0.807
41029,0.0161,0.787
41031,0.00797,0.613
41033,0.0854,0.918
41035,0,0.392
41037,0,0.313
41039,0,0.841
41041,0,0.955
41043,0,0.694
41045,0.0102,0.458
41047,0,0.566
41049,0,0.546
41051,0,0.634
41053,0.039,0.686
41055,0,0.501
41057,0,0.926
41059,0.00251,0.594
41061,0.00473,0.699
41063,0.0162,0.808
41065,0.000483,0.633
41067,0,0.678
41069,0.000225,0.86
41071,0,0.713
42001,0.0584,0.377
42003,0.267,0.905
42005,0.359,0.881
42007,0.1,0.847
42009,0.252,0.818
42011,0.226,0.591
42013,0.38,0.723
42015,0,0.692
42017,0.0192,0.303
42019,0.413,0.733
42021,0.0295,0.677
42023,0,0.813
42025,0.0149,0.56
42027,0.389,0.66
42029,0.0661,0.54
42031,0.333,0.676
42033,0.0107,0.699
42035,0.213,0.716
42037,0.145,0.68
42039,0,0.306
42041,0.477,0.502
42043,0.0774,0.663
42045,0,0.54
42047,0.000929,0.628
42049,0,0.333
42051,0.228,0.827
42053,0,0.592
42055,0.443,0.548
42057,0.175,0.866
42059,0.0781,0.964
42061,0.359,0.823
42063,0.143,0.771
42065,0.214,0.688
42067,0.453,0.766
42069,0,0.659
42071,0.454,0.421
42073,0.491,0.553
42075,0.325,0.465
42077,0.351,0.539
42079,0.00725,0.587
42081,0.127,0.736
42083,0,0.685
42085,0.0842,0.3
42087,0.436,0.72
42089,0.0556,0.541
42091,0.0483,0.41
42093,0.63,0.582
42095,0.353,0.477
42097,0.38,0.676
42099,0.339,0.808
42101,0.00273,0.341
42103,0,0.621
42105,0,0.823
42107,0.0123,0.705
42109,0.413,0.7
42111,0.0614,0.663
42113,0.0768,0.696
42115,0,0.745
42117,0,0.721
42119,0.665,0.615
42121,0.0865,0.531
42123,0,0.682
42125,0.299,0.956
42127,0,0.652
42129,0.243,0.812
42131,0.0286,0.735
42133,0.0883,0.619
44001,0,0.139
44003,0,0.486
44005,0,0.241
44007,0,0.536
44009,0,0.468
45001,0,0.594
45003,0.696,0.277
45005,1,0.0745
45007,0,0.5
45009,0.997,0.0484
45011,0.993,0.111
45013,0.615,0.0126
45015,0.858,0.0408
45017,0.782,0.248
45019,0.295,0.00886
45021,0.0523,0.723
45023,0,0.653
45025,0.639,0.266
45027,0.979,0.0331
45029,0.959,0.00752
45031,0.863,0.0922
45033,0.784,0.0315
45035,1,0.00839
45037,0.237,0.509
45039,0,0.753
45041,0.841,0.0603
45043,0.205,0.00654
45045,0,0.602
45047,0,0.428
45049,1,0.0225
45051,0.697,0.00793
45053,0.821,0.00978
45055,0.565,0.332
45057,0.0847,0.601
45059,0.0144,0.595
45061,0.876,0.0689
45063,0.154,0.265
45065,0,0.569
45067,0.534,0.0412
45069,0.643,0.0933
45071,0,0.499
45073,0.0524,0.883
45075,0.977,0.0609
45077,0,0.836
45079,0.468,0.348
45081,0.00502,0.205
45083,0,0.519
45085,0.789,0.0945
45087,0.0165,0.768
45089,1,0.0245
45091,0,0.601
46003,0.0114,0.0319
46005,0.00397,0.0416
46007,0,0.369
46009,0.01,0.14
46011,0,0.0898
46013,0,0.0279
46015,0.0219,0.117
46017,0.0341,0.26
46019,0.0511,0.246
46021,0,0.182
46023,0.0538,0.2
46025,0,0.0907
46027,0.0608,0.0814
46029,0,0.0929
46031,0,0.358
46033,0.302,0.697
46035,0.374,0.0727
46037,0,0.157
46039,0,0.162
46041,0,0.491
46043,0,0.0184
46045,0,0.0418
46047,0.375,0.424
46049,0,0.0309
46051,0,0.156
46053,0.171,0.507
46055,0,0.427
46057,0,0.0395
46059,0,0.0677
46061,0.0411,0.085
46063,0,0.328
46065,0,0.184
46067,0,0.0997
46069,0,0.0842
46071,0,0.46
46073,0,0.132
46075,0,0.448
46077,0,0.0356
46079,0,0.0625
46081,0.403,0.768
46083,0.000663,0.085
46085,0,0.375
46087,0,0.083
46089,0,0.0932
46091,0,0.215
46093,0.0402,0.385
46095,0,0.501
46097,0,0.0271
46099,0,0.13
46101,0,0.0696
46102,0.0307,0.604
46103,0.121,0.565
46105,0,0.322
46107,0,0.11
46109,0.00136,0.158
46111,0.0399,0.0397
46115,0.00538,0.0297
46117,0,0.491
46119,0,0.0897
46121,0,0.346
46123,0.0239,0.264
46125,0.00571,0.063
46127,0,0.185
46129,0,0.167
46135,0.0151,0.191
46137,0,0.439
47001,0.506,0.932
47003,0.951,0.368
47005,0.117,0.74
47007,0.227,0.724
47009,0.566,0.849
47011,0.873,0.648
47013,0.315,0.963
47015,0.632,0.678
47017,0,0.552
47019,0.264,0.951
47021,0.401,0.807
47023,0,0.638
47025,0.723,0.963
47027,0.405,0.914
47029,0.477,0.94
47031,0.738,0.299
47033,0,0.174
47035,0.035,0.707
47037,0.731,0.677
47039,0.323,0.739
47041,0.603,0.774
47043,0.769,0.808
47045,0,0.208
47047,0,0.387
47049,0.164,0.81
47051,0.672,0.557
47053,0,0.268
47055,0.624,0.743
47057,0.785,0.938
47059,0.877,0.849
47061,0.186,0.658
47063,0.993,0.85
47065,0.694,0.731
47067,0.667,0.982
47069,0.0397,0.64
47071,0.099,0.658
47073,0.733,0.906
47075,0,0.149
47077,0,0.684
47079,0.00651,0.553
47081,0.353,0.882
47083,0.699,0.92
47085,0.437,0.837
47087,0.554,0.929
47089,0.994,0.809
47091,0.212,0.952
47093,0.947,0.807
47095,0,0.0913
47097,0,0.356
47099,0.199,0.613
47101,0.245,0.867
47103,0.64,0.555
47105,0.986,0.817
47107,0.851,0.759
47109,0.0971,0.651
47111,0.23,0.826
47113,0,0.474
47115,0.357,0.773
47117,0.951,0.423
47119,0.809,0.635
47121,0.907,0.702
47123,0.348,0.881
47125,0.936,0.596
47127,0.68,0.785
47129,0,0.876
47131,0,0.409
47133,0.688,0.841
47135,0.263,0.903
47137,0.526,0.932
47139,0.206,0.903
47141,0.615,0.77
47143,0.481,0.7
47145,0.732,0.884
47147,0.919,0.418
47149,0.996,0.204
47151,0,0.934
47153,0.192,0.749
47155,0.369,0.945
47157,0,0.319
47159,0.861,0.84
47161,0.717,0.835
47163,0.929,0.923
47165,0.712,0.557
47167,0,0.308
47169,0.878,0.627
47171,0.113,0.961
47173,0.878,0.954
47175,0.262,0.735
47177,0.822,0.533
47179,0.886,0.859
47181,0.162,0.87
47183,0,0.389
47185,0.733,0.769
47187,0.708,0.641
47189,0.942,0.411
48001,0.000717,0.365
48003,0.0054,0.00561
48005,0,0.173
48007,0,0.00431
48009,0,0.11
48011,0.279,0.34
48013,0,0.0243
48015,0,0.0845
48017,0.000934,0.0214
48019,0.955,0.638
48021,0.0378,0.135
48023,0.492,0.184
48025,0,0.0311
48027,0.313,0.207
48029,0.416,0.195
48031,0.917,0.387
48033,0.564,0.124
48035,0.254,0.256
48037,0.231,0.0574
48039,0,0.0323
48041,0,0.0978
48043,0.346,0.52
48045,0.435,0.366
48047,0,0.0103
48049,0.205,0.167
48051,0,0.115
48053,0.663,0.294
48055,0.0757,0.0889
48057,0,0.0234
48059,0.371,0.175
48061,0,0.0551
48063,0,0.156
48065,0.0126,0.0936
48067,0,0.268
48069,0,0.00102
48071,0,0.026
48073,0,0.386
48075,0.806,0.187
48077,0,0.0642
48079,0,0.000764
48081,0.678,0.318
48083,0.346,0.138
48085,0.517,0.106
48087,0.593,0.259
48089,0,0.0512
48091,0.902,0.35
48093,0.273,0.128
48095,0.658,0.0401
48097,0.523,0.239
48099,0.374,0.228
48101,0.773,0.319
48103,0.142,0.0366
48105,0.825,0.312
48107,0.153,0.146
48109,0.543,0.341
48111,0,0.0101
48113,0.392,0.214
48115,0.0257,0.0266
48117,0.00283,0.022
48119,0.0502,0.0519
48121,0.397,0.107
48123,0,0.0451
48125,0.624,0.265
48127,0,0.00977
48129,0.285,0.35
48131,0,0.0117
48133,0.175,0.155
48135,0.37,0.00611
48137,0.986,0.454
48139,0.348,0.123
48141,0.195,0.208
48143,0.289,0.247
48145,0.128,0.069
48147,0.249,0.105
48149,0,0.116
48151,0.597,0.145
48153,0.0518,0.0753
48155,0.696,0.196
48157,0,0.0587
48159,0.329,0.142
48161,0.000865,0.189
48163,0,0.0307
48165,0.000514,0.00778
48167,0,0.0269
48169,0.652,0.21
48171,0.893,0.317
48173,0.231,0.00854
48175,0,0.041
48177,0,0.0665
48179,0.0216,0.183
48181,0.361,0.202
48183,0,0.244
48185,0,0.0729
48187,0.0867,0.0806
48189,0,0.00153
48191,0.691,0.38
48193,0.307,0.144
48195,0.00042,0.104
48197,0.629,0.15
48199,0,0.0217
48201,0,0.119
48203,0,0.176
48205,0.00449,0.0874
48207,0.495,0.0408
48209,0.882,0.302
48211,0.000423,0.117
48213,0,0.254
48215,0,0.0275
48217,0.218,0.109
48219,0.00085,0.00329
48221,0.408,0.293
48223,0.255,0.0566
48225,0,0.2
48227,0.243,0.106
48229,0.398,0.255
48231,0.0404,0.0397
48233,0.123,0.319
48235,0.633,0.109
48237,0.219,0.315
48239,0,0.026
48241,0,0.191
48243,0.0282,0.512
48245,0,0.0163
48247,0,0.00744
48249,0,0.0116
48251,0.169,0.126
48253,0.543,0.0494
48255,0,0.0464
48257,0,0.0454
48259,0.984,0.526
48261,0,0.0431
48263,0.704,0.293
48265,0.967,0.425
48267,0.968,0.361
48269,0.968,0.354
48271,0.534,0.217
48273,0,0.0202
48275,0.562,0.2
48277,0.0889,0.0879
48279,0.0019,0.018
48281,0.569,0.226
48283,0,0.01
48285,0,0.0707
48287,0,0.0776
48289,0.000356,0.266
48291,0,0.0326
48293,0.0335,0.0491
48295,0,0.0396
48297,0,0.0485
48299,0.119,0.316
48301,0.392,0.0164
48303,0.00428,0.0309
48305,0.00518,0.0105
48307,0.482,0.118
48309,0.401,0.144
48311,0,0.0276
48313,0,0.0526
48315,0,0.261
48317,0.0371,0.00429
48319,0.477,0.309
48321,0,0.0227
48323,0.0515,0.0662
48325,0.366,0.188
48327,0.93,0.0928
48329,0.169,0.00194
48331,0.121,0.131
48333,0.173,0.236
48335,0.693,0.0971
48337,0.0482,0.258
48339,0,0.0819
48341,0.0585,0.124
48343,0,0.219
48345,0.559,0.33
48347,0,0.393
48349,0,0.0804
48351,0,0.202
48353,0.659,0.252
48355,0,0.0417
48357,0.00126,0.0759
48359,0.0224,0.247
48361,0,0.0166
48363,0.373,0.339
48365,0,0.102
48367,0.216,0.24
48369,0,0.00359
48371,0.323,0.219
48373,0,0.209
48375,0.115,0.325
48377,0.0307,0.49
48379,0,0.0724
48381,0.0356,0.0862
48383,0.498,0.0213
48385,0.953,0.678
48387,0.0793,0.0565
48389,0.0874,0.0548
48391,0,0.0171
48393,0,0.354
48395,0,0.126
48397,0,0.0785
48399,0.52,0.0702
48401,0,0.307
48403,0,0.303
48405,0,0.367
48407,0,0.148
48409,0,0.0225
48411,0.601,0.235
48413,0.951,0.0297
48415,0.398,0.149
48417,0.561,0.211
48419,0,0.369
48421,0,0.0444
48423,0,0.336
48425,0.345,0.437
48427,0,0.0312
48429,0.117,0.203
48431,0.564,0.161
48433,0.823,0.28
48435,0.957,0.201
48437,0,0.00847
48439,0.395,0.135
48441,0.671,0.193
48443,0.878,0.48
48445,0,0.00449
48447,0.38,0.159
48449,0.0829,0.142
48451,0.347,0.0943
48453,0.564,0.361
48455,0,0.123
48457,0,0.247
48459,0,0.35
48461,0.312,0.0571
48463,0.532,0.306
48465,0.902,0.539
48467,0,0.124
48469,0,0.0305
48471,0,0.0947
48473,0,0.0402
48475,0.269,0.0207
48477,0,0.119
48479,0,0.0436
48481,0,0.0185
48483,0.24,0.0456
48485,0.00488,0.0598
48487,0.395,0.0589
48489,0,0.0448
48491,0.469,0.088
48493,0,0.047
48495,0.137,0.0211
48497,0.247,0.207
48499,0,0.232
48501,0,0.00275
48503,0.0183,0.164
48505,0,0.0309
48507,0,0.0155
49001,0.0704,0.473
49003,0.112,0.333
49005,0.409,0.728
49007,0,0.763
49009,0.0525,0.713
49011,0.00425,0.503
49013,0.0296,0.706
49015,0.271,0.596
49017,0.115,0.747
49019,0.0692,0.659
49021,0.0124,0.467
49023,0.11,0.422
49025,0.165,0.713
49027,0.164,0.312
49029,0.092,0.93
49031,0,0.752
49033,0.0835,0.621
49035,0.176,0.588
49037,0.104,0.597
49039,0.139,0.719
49041,0.0509,0.793
49043,0.0553,0.795
49045,0.107,0.237
49047,0.0492,0.661
49049,0.215,0.711
49051,0.176,0.862
49053,0.173,0.794
49055,0.225,0.605
49057,0.0891,0.636
50001,0.442,0.626
50003,0.239,0.837
50005,0.513,0.782
50007,0.274,0.718
50009,0.00574,0.703
50011,0.19,0.651
50013,0.439,0.187
50015,0,0.829
50017,0.525,0.866
50019,0.333,0.656
50021,0.206,0.8
50023,0.244,0.871
50025,0.126,0.866
50027,0.219,0.863
51001,0,0.0426
51003,0,0.849
51005,0.17,0.961
51007,0.0172,0.505
51009,0.00805,0.915
51011,0.00927,0.737
51013,0,0.598
51015,0.482,0.779
51017,0.255,0.946
51019,0.0304,0.868
51021,0.321,0.965
51023,0.493,0.938
51025,0,0.374
51027,0.000766,0.998
51029,0.00264,0.709
51031,0.0198,0.695
51033,0.5,0.582
51035,0.00647,0.947
51036,0.0635,0.244
51037,0.0145,0.62
51041,0.0255,0.393
51043,0.74,0.499
51045,0.326,0.932
51047,0,0.551
51049,0,0.619
51051,0,0.995
51053,0.0122,0.26
51057,0.442,0.563
51059,0.0172,0.588
51061,0.0065,0.591
51063,0,0.942
51065,0,0.71
51067,0.00217,0.909
51069,0.321,0.736
51071,0.637,0.963
51073,0.0952,0.314
51075,0,0.613
51077,0,0.955
51079,0,0.869
51081,0.00907,0.128
51083,0.00559,0.627
51085,0.116,0.414
51087,0.107,0.282
51089,0.00201,0.914
51091,0.369,0.946
51093,0.0486,0.189
51095,0.123,0.577
51097,0.361,0.54
51099,0.411,0.621
51101,0.352,0.477
51103,0.0503,0.449
51105,0.648,0.954
51107,0.0621,0.512
51109,0,0.495
51111,0,0.588
51113,0.0132,0.852
51115,0,0.028
51117,0,0.525
51119,0.179,0.493
51121,0.643,0.927
51125,0.0106,0.907
51127,0.251,0.577
51131,0,0.0645
51133,0.129,0.467
51135,0,0.599
51137,0.0245,0.598
51139,0.372,0.778
51141,0,0.947
51143,0.0161,0.675
51145,0,0.524
51147,0,0.733
51149,0.143,0.217
51153,0.033,0.557
51155,0.56,0.915
51157,0,0.901
51159,0.262,0.596
51161,0.337,0.936
51163,0.582,0.925
51165,0.449,0.755
51167,0.672,0.986
51169,0.743,0.98
51171,0.488,0.779
51173,0.531,0.939
51175,0.201,0.121
51177,0.0436,0.475
51179,0.214,0.71
51181,0.0586,0.208
51183,0.128,0.0654
51185,0.438,0.966
51187,0.222,0.82
51191,0.624,0.947
51193,0.201,0.467
51195,0.0983,0.975
51197,0.657,0.88
51199,0.0571,0.361
51510,0,0.532
51520,0.906,0.858
51530,0.875,0.793
51540,0,0.84
51550,0,0.0692
51570,0.222,0.408
51580,0.267,0.772
51590,0,0.745
51595,0,0.194
51600,0,0.489
51610,0,0.28
51620,0,0.154
51630,0.143,0.617
51640,0,0.909
51650,0,0.0788
51660,0.867,0.535
51670,0.16,0.401
51678,1,0.738
51680,0,0.844
51683,0.0385,0.32
51685,0,0.552
51690,0,0.905
51700,0,0.212
51710,0,0.13
51720,0.263,0.964
51730,0.153,0.338
51735,0,0.0255
51740,0,0.14
51750,0.917,0.825
51760,0.0723,0.377
51770,0.946,0.715
51775,0.919,0.665
51790,0.863,0.855
51800,0.0418,0.134
51810,0,0.0994
51820,0.732,0.584
51830,0,0.688
51840,0.958,0.474
53001,0,0.247
53003,0.00301,0.754
53005,0,0.285
53007,0,0.947
53009,0,0.807
53011,0,0.605
53013,0,0.878
53015,0,0.876
53017,0,0.451
53019,0.00855,0.907
53021,0,0.365
53023,0,0.769
53025,0,0.226
53027,0,0.687
53029,0,0.301
53031,0,0.85
53033,0.000879,0.695
53035,0,0.583
53037,0.00232,0.771
53039,0,0.552
53041,0,0.815
53043,0,0.405
53045,0,0.676
53047,0.00618,0.859
53049,0,0.844
53051,0.0241,0.808
53053,0,0.663
53055,0.103,0.493
53057,0.0101,0.815
53059,0,0.882
53061,0,0.777
53063,0,0.461
53065,0.0405,0.776
53067,0,0.535
53069,0,0.839
53071,0,0.651
53073,0.00339,0.823
53075,0,0.773
53077,0,0.61
54001,0,0.959
54003,0.432,0.692
54005,0,0.992
54007,0,0.993
54009,0.356,0.915
54011,0,0.953
54013,0,0.998
54015,0,0.999
54017,0,0.998
54019,0.011,0.966
54021,0,0.996
54023,0.124,0.838
54025,0.346,0.933
54027,0.0765,0.9
54029,0.0219,0.894
54031,0.1,0.901
54033,0.0704,0.977
54035,0,0.965
54037,0.849,0.467
54039,0,0.98
54041,0,0.982
54043,0,0.996
54045,0,0.994
54047,0,0.997
54049,0.154,0.983
54051,0.0259,0.965
54053,0,0.902
54055,0.395,0.962
54057,0.109,0.889
54059,0,0.995
54061,0.113,0.959
54063,0.689,0.937
54065,0.0724,0.921
54067,0,0.968
54069,0.196,0.951
54071,0.184,0.952
54073,0,0.953
54075,0.305,0.942
54077,0.0231,0.877
54079,0,0.95
54081,0.026,0.958
54083,0.153,0.937
54085,0,0.995
54087,0,0.997
54089,0.713,0.948
54091,0,0.973
54093,0.0771,0.804
54095,0,0.974
54097,0,0.971
54099,0,0.988
54101,0.0353,0.983
54103,0,0.987
54105,0,0.981
54107,0,0.917
54109,0,0.994
55001,0,0.125
55003,0,0.257
55005,0,0.268
55007,0,0.428
55009,0.229,0.179
55011,0.323,0.736
55013,0,0.254
55015,0.32,0.06
55017,0,0.239
55019,0,0.0595
55021,0.203,0.204
55023,0.685,0.859
55025,0.381,0.367
55027,0.496,0.162
55029,0.901,0.0825
55031,0,0.24
55033,0.0465,0.458
55035,0,0.34
55037,0,0.34
55039,0.511,0.133
55041,0,0.302
55043,0.877,0.686
55045,0.894,0.46
55047,0.209,0.13
55049,0.778,0.675
55051,0,0.308
55053,0,0.361
55055,0.295,0.168
55057,0,0.248
55059,0,0.126
55061,0.163,0.131
55063,0.199,0.705
55065,0.984,0.426
55067,0,0.306
55069,0,0.214
55071,0.155,0.158
55073,0,0.0932
55075,0.128,0.271
55077,0,0.163
55078,0,0.279
55079,0.0319,0.191
55081,0.165,0.537
55083,0.217,0.212
55085,0,0.343
55087,0.271,0.0496
55089,0.166,0.138
55091,0.236,0.553
55093,0.778,0.469
55095,0.00808,0.318
55097,0,0.148
55099,0,0.147
55101,0.0409,0.106
55103,0.397,0.791
55105,0.426,0.156
55107,0,0.189
55109,0.344,0.234
55111,0.153,0.508
55113,0,0.26
55115,0.11,0.239
55117,0.0284,0.207
55119,0,0.144
55121,0.0603,0.696
55123,0.641,0.809
55125,0,0.433
55127,0.0604,0.196
55129,0,0.418
55131,0.152,0.265
55133,0.176,0.214
55135,0.00152,0.204
55137,0,0.198
55139,0.324,0.0217
55141,0,0.0315
56001,0.129,0.417
56003,0.245,0.597
56005,0,0.507
56007,0.0463,0.484
56009,0.0229,0.476
56011,0.414,0.563
56013,0.0873,0.561
56015,0.0121,0.261
56017,0.17,0.789
56019,0.141,0.712
56021,0.0106,0.295
56023,0.273,0.684
56025,0.0923,0.519
56027,0.156,0.441
56029,0.0304,0.749
56031,0.0893,0.515
56033,0.152,0.791
56035,0.18,0.536
56037,0.0344,0.305
56039,0.122,0.739
56041,0.00592,0.451
56043,0.271,0.695
56045,0.151,0.386
72001,0,0.995
72003,0.0506,0.792
72005,0.914,0.527
72007,0.0244,0.998
72009,0,0.973
72011,0,0.764
72013,0.767,0.719
72015,0,0.608
72017,0.681,0.482
72019,0.011,0.995
72021,0.0435,0.751
72023,0.0924,0.472
72025,0.00637,0.846
72027,0.991,0.828
72029,0.0123,0.827
72031,0.0242,0.559
72033,0,0.182
72035,0.00752,0.958
72037,0,0.636
72039,0.28,0.997
72041,0.0106,0.971
72043,0.0198,0.955
72045,0.0143,0.992
72047,0.0642,0.993
72049,0,0.554
72051,0.433,0.495
72053,0,0.626
72054,1,0.943
72055,0.402,0.516
72057,0,0.644
72059,0.357,0.797
72061,0.0143,0.831
72063,0,0.828
72065,0.955,0.766
72067,0.207,0.532
72069,0,0.656
72071,0.933,0.715
72073,0,0.991
72075,0.0705,0.649
72077,0,0.866
72079,0.114,0.391
72081,0.327,0.995
72083,0,0.997
72085,0,0.857
72087,0.0545,0.077
72089,0,0.83
72091,0.75,0.729
72093,0,0.999
72095,0,0.85
72097,0.307,0.605
72099,0.371,0.957
72101,0.347,0.967
72103,0,0.753
72105,0,0.991
72107,0.0244,0.998
72109,0,0.905
72111,0.261,0.905
72113,0.116,0.736
72115,0.953,0.776
72117,0.0857,0.867
72119,0,0.825
72121,0.0526,0.875
72123,0.0225,0.552
72125,0.0704,0.872
72127,0.00781,0.503
72129,0,0.976
72131,0.352,0.969
72133,0.069,0.298
72135,0.319,0.889
72137,0.242,0.308
72139,0,0.91
72141,0.157,0.993
72143,0.792,0.734
72145,0.616,0.613
72147,0,0.679
72149,0.0412,0.985
72151,0,0.742
72153,0.0805,0.936
78010,0.261,
78020,0.0392,
78030,0.0732,
