state_abbr,events_per_customer_year,p_ge_1d,p_ge_3d,p_ge_7d,p_ge_14d,p_ge_30d,median_hours,p90_hours,units_with_data,events
AK,1.041,0.04872,0.004005,0.0001073,0,0,2.5,13.25,9,1333
AL,0.5875,0.07216,0.01816,0.00125,0,0,3,18.5,67,15432
AR,0.7653,0.07505,0.01163,0.0005132,0.00001567,0,3,18.5,75,20571
AZ,0.1462,0.01629,0.001544,0,0,0,2.5,8.5,15,1340
CA,0.2595,0.1372,0.02512,0.00406,0.0006813,0.0003286,3.75,32.5,58,11747
CO,0.3123,0.05552,0.007253,0.00002445,0.00001583,0,2,12.25,63,5828
CT,0.2095,0.2975,0.1069,0,0,0,9.5,74.25,17,727
DC,0.1004,0.03287,0,0,0,0,3.75,12.5,1,45
DE,0.2345,0.04026,0.001921,0,0,0,2.5,11.25,3,326
FL,0.296,0.373,0.1572,0.02306,0.0008821,0.0001299,9.5,97,67,11381
GA,0.4984,0.1113,0.03341,0.007241,0.0008996,0,3,26.5,159,32264
HI,0.6045,0.03139,0.008884,0.002556,0.001065,0.0003492,2.5,10,5,701
IA,0.4282,0.06665,0.0319,0.009583,0.0002098,0,2,13,99,12573
ID,0.6204,0.02957,0.005636,0.00009114,0,0,2.25,9.25,44,8529
IL,0.207,0.08827,0.01108,0.0004891,0.00007262,0.00000309,3.25,22,102,13043
IN,0.4622,0.06251,0.005836,0.0001812,0.0001305,0.00005614,3,17.25,92,14092
KS,0.3969,0.04512,0.002973,0.00005836,0.000001401,0,2.25,12.5,102,9550
KY,0.6297,0.09309,0.01823,0.001516,0.00006986,0,2.75,22.25,120,24798
LA,1.065,0.14,0.06336,0.02769,0.009689,0.0002997,3.25,40.75,64,24244
MA,0.2186,0.2057,0.01632,0,0,0,6.25,37.5,14,1433
MD,0.2765,0.06108,0.002532,0,0,0,3,17.75,24,3618
ME,1.44,0.1832,0.02701,0.0006174,0,0,4.5,38.75,16,6479
MI,0.5777,0.253,0.03989,0.001948,0.0004394,0.000002397,6.75,47.75,83,19059
MN,0.321,0.05036,0.005008,0.0001206,0,0,2.5,14,86,7083
MO,0.4278,0.07325,0.008922,0.000293,0,0,3,18.5,115,18381
MS,0.7951,0.0902,0.01865,0.001291,0.0001594,0.0000198,3.25,22,82,20474
MT,0.711,0.04796,0.006501,0.00004074,0,0,2.5,10.25,55,4707
NC,0.7472,0.115,0.03201,0.00757,0.001288,0.00007507,3.25,27,100,25178
ND,0.2517,0.04679,0.01014,0.002183,0.0000243,0.000006543,2,10,53,2230
NE,0.3189,0.1436,0.04779,0.001167,0,0,4.25,42.25,56,1558
NH,0.6248,0.152,0.007048,0.0003014,0.00007244,0,5,31.5,10,2208
NJ,0.3444,0.1318,0.02909,0,0,0,3.25,29.5,21,3733
NM,0.4556,0.01754,0.001384,0.0002738,0.00005898,0,2,7,31,3412
NV,0.2503,0.01968,0.00326,0.00002472,0,0,2,7.75,17,2298
NY,0.3066,0.104,0.02208,0.0009181,0,0,3.25,24.5,62,14964
OH,0.4754,0.06141,0.009519,0.0003005,0,0,2.75,17,88,18825
OK,0.6145,0.08192,0.03056,0.009626,0.0000141,0,2.5,18,77,16394
OR,0.5017,0.1218,0.03265,0.006347,0.0004203,0.00004787,3.5,28,35,4565
PA,0.3883,0.09815,0.01282,0.0007673,0,0,3.75,23.5,67,15526
PR,3.408,0.1809,0.05334,0.03608,0.01009,0,7.5,39,1,508
RI,0.4508,0.1617,0.009305,0,0,0,4,29.5,5,592
SC,0.4599,0.1637,0.06582,0.02038,0.00006768,0.00001606,3.5,45.5,46,8432
SD,0.4504,0.05571,0.01064,0.002113,0.0008015,0.00001995,2.25,11.25,66,4200
TN,0.5257,0.07522,0.01598,0.002477,0,0,2.5,18.5,90,11964
TX,0.4523,0.1773,0.04153,0.004798,0.00002517,0.00000768,3.75,44.75,254,57126
UT,0.3716,0.0338,0.01137,0.00007483,0,0,2.25,7.5,29,3812
VA,0.786,0.08633,0.0139,0.001055,0.00001243,0,3.25,21.5,133,35599
VI,11.68,0.05711,0.008174,0.0005765,0,0,2,10.75,3,1090
VT,0.8845,0.09146,0.01068,0,0,0,3.25,22.5,14,4229
WA,0.4486,0.09569,0.01457,0.0009282,0,0,4.75,23,39,5176
WI,0.351,0.07627,0.004686,0.00004053,0,0,3,19.25,72,9306
WV,1.744,0.08368,0.01241,0.001581,0.00003747,0,3.75,21.25,55,27171
WY,0.4559,0.01283,0.0007191,0.00007852,0,0,2.25,6.75,23,2058
