region,class,events,customers,s_1d,s_3d,s_7d,s_14d,s_30d,t50_days,t90_days,factor
alaska,all,91,1002000,0.05691,0.005005,0,0,0,0.5,0.9,0.6549
alaska,unattributed,87,944300,0.04869,0.004925,0,0,0,0.5,0.9,1
alaska,wind,2,44810,0.1696,0,0,0,0,0.6711,1.642,1.103
alaska,winter,2,13110,0.2643,0.02793,0,0,0,0.8505,2.586,1.458
hawaii_pacific,all,23,434800,0.04536,0.01034,0.004815,0.004299,0.001929,0.5,0.9,0.6549
hawaii_pacific,flood,1,38330,0,0,0,0,0,0.5,0.9,0.9375
hawaii_pacific,hurricane,1,24470,0.1175,0,0,0,0,0.5666,1.109,0.5
hawaii_pacific,unattributed,16,312600,0.01109,0,0,0,0,0.5,0.9,1
hawaii_pacific,wildfire,2,23050,0.5476,0.1951,0.09083,0.0811,0.03638,2.554,17.49,5
hawaii_pacific,wind,2,26880,0.0282,0,0,0,0,0.5,0.9,0.6047
hawaii_pacific,winter,1,9503,0,0,0,0,0,0.5,0.9,0.5073
mainland,all,24602,221600000,0.2806,0.07993,0.01266,0.001224,0.0001087,0.5987,1.374,1
mainland,cold_grid,271,5906000,0.5115,0.04685,0.004514,0.00006772,0,1.083,1.894,1
mainland,flood,330,2382000,0.1471,0.0197,0.001765,0.0001183,0,0.5333,0.9599,1
mainland,grid,525,4554000,0.08999,0.01189,0.00002591,0.00001976,0,0.5,0.9,1
mainland,heat,168,1120000,0.02808,0.002818,0.0006617,0,0,0.5,0.9,1
mainland,hurricane,1722,46260000,0.5737,0.2475,0.04884,0.005178,0.0002482,1.409,3.819,1
mainland,ice,354,4034000,0.5327,0.1944,0.04875,0.002133,0.00001016,1.226,2.923,1
mainland,unattributed,11947,63820000,0.05931,0.009729,0.0006935,0.00004174,0.000006377,0.5,0.9,1
mainland,wildfire,183,2146000,0.3617,0.09094,0.01525,0.007839,0.005656,0.7089,1.584,1
mainland,wind,7397,73870000,0.2607,0.04692,0.002376,0.00002161,0,0.6145,1.488,1
mainland,winter,1705,17520000,0.335,0.04666,0.003786,0.00007657,0.0000009135,0.7201,1.774,1
midwest,all,4917,36240000,0.2409,0.04627,0.003403,0.0002712,0.000001131,0.568,1.163,0.846
midwest,cold_grid,16,121700,0,0,0,0,0,0.5,0.9,0.5
midwest,flood,66,302400,0.1128,0.006893,0,0,0,0.5,0.9,0.9375
midwest,grid,46,388500,0.09314,0.002651,0,0,0,0.5077,0.9139,1.015
midwest,heat,8,46570,0.07082,0,0,0,0,0.5776,1.194,1.326
midwest,hurricane,29,365400,0.34,0.03596,0,0,0,0.7327,2.393,0.6266
midwest,ice,119,1863000,0.575,0.2041,0.02634,0.004418,0.000022,1.538,3.725,1.274
midwest,unattributed,2443,11820000,0.06435,0.004463,0,0,0,0.5,0.9,1
midwest,wind,1903,19030000,0.3137,0.06022,0.003804,0.00008389,0,0.6764,1.715,1.153
midwest,winter,287,2305000,0.317,0.03538,0.0008087,0,0,0.7176,1.739,0.9803
northeast,all,4544,42480000,0.26,0.04532,0.001662,0.00001791,0,0.6052,1.417,1.031
northeast,cold_grid,26,333300,0.5176,0.07439,0,0,0,1.178,2.497,1.318
northeast,flood,61,431100,0.1202,0.005202,0.003994,0.000654,0,0.5289,0.952,0.9918
northeast,grid,54,522800,0.007918,0,0,0,0,0.5,0.9,1
northeast,heat,7,51770,0.1551,0,0,0,0,0.5,0.9,1
northeast,hurricane,123,4884000,0.5305,0.1834,0.004482,0,0,1.15,2.988,0.7825
northeast,ice,28,191400,0.4274,0.07862,0,0,0,0.9223,2.751,0.9411
northeast,unattributed,2314,11230000,0.03561,0.002503,0.00005915,0,0,0.5,0.9,1
northeast,wildfire,2,7698,0.1841,0.1451,0,0,0,0.6295,3.891,2.457
northeast,wind,1401,17390000,0.2849,0.03826,0.001352,0,0,0.6506,1.615,1.085
northeast,winter,528,7439000,0.3737,0.03931,0.003066,0.00006439,0,0.8171,1.851,1.044
northern_great_plains,all,377,2435000,0.131,0.03485,0.0004486,0.000003286,0,0.5,0.9,0.6549
northern_great_plains,cold_grid,3,6601,0,0,0,0,0,0.5,0.9,0.5
northern_great_plains,flood,11,49170,0.00598,0,0,0,0,0.5,0.9,0.9375
northern_great_plains,grid,7,27670,0,0,0,0,0,0.5,0.9,1
northern_great_plains,heat,1,2993,0.08821,0,0,0,0,0.5484,0.9871,1.097
northern_great_plains,ice,4,16550,0.8755,0.1356,0.0379,0.0004835,0,1.415,1.886,0.6451
northern_great_plains,unattributed,195,1041000,0.0002911,0,0,0,0,0.5,0.9,1
northern_great_plains,wildfire,5,21310,0,0,0,0,0,0.5,0.9,0.5682
northern_great_plains,wind,109,995800,0.2581,0.06951,0.00003615,0,0,0.653,1.772,1.19
northern_great_plains,winter,42,273800,0.1703,0.04888,0.001567,0,0,0.6053,1.454,0.8195
northwest,all,881,10670000,0.1788,0.04375,0.005729,0.00005195,0,0.5395,0.971,0.7065
northwest,cold_grid,1,4123,0.1494,0,0,0,0,0.5878,1.258,0.664
northwest,flood,20,614800,0.1809,0.02629,0.000501,0,0,0.6012,1.502,1.565
northwest,grid,24,472900,0.02234,0,0,0,0,0.5,0.9,1
northwest,heat,5,56700,0,0,0,0,0,0.5,0.9,1
northwest,ice,3,35810,0.1839,0.01807,0,0,0,0.5979,1.31,0.5
northwest,unattributed,633,7573000,0.1707,0.03996,0.004368,0.00007317,0,0.5214,0.9385,1.043
northwest,wildfire,25,164100,0.111,0.06181,0.01792,0,0,0.5,0.9,0.5682
northwest,wind,120,1259000,0.2381,0.07933,0.01145,0,0,0.6054,1.472,0.9891
northwest,winter,50,487000,0.3449,0.07654,0.02131,0,0,1.148,3.878,2.186
puerto_rico,all,18,7926000,0.2613,0.1354,0.1014,0.02585,0,0.5,0.9,0.6549
puerto_rico,historic:maria_2017_pr,1,,1,1,1,0.914,0.815,91,171.5,5
puerto_rico,hurricane,3,1988000,0.7505,0.5398,0.4043,0.1031,0,8.544,17.77,4.654
puerto_rico,unattributed,15,5939000,0.09755,0,0,0,0,0.5,0.9,1
southeast,all,9358,84400000,0.333,0.1229,0.0245,0.002866,0.0001411,0.6451,1.615,1.175
southeast,cold_grid,62,468300,0.1613,0.0336,0.0005381,0,0,0.515,0.9271,0.5
southeast,flood,105,526200,0.1991,0.04732,0.003459,0,0,0.5,0.9,0.9375
southeast,grid,137,939600,0.1222,0.02271,0.00009578,0.00009578,0,0.5,0.9,1
southeast,heat,56,282100,0.01487,0.001641,0,0,0,0.5,0.9,1
southeast,hurricane,1479,37000000,0.5768,0.247,0.05309,0.006474,0.0003103,1.37,3.805,0.9964
southeast,ice,145,1232000,0.4415,0.1444,0.03131,0.0001567,0,0.8422,2.263,0.7741
southeast,unattributed,4075,18990000,0.03262,0.007282,0.0002721,0.00008711,0.00002143,0.5,0.9,1
southeast,wildfire,6,83420,0.01935,0,0,0,0,0.5,0.9,0.5682
southeast,wind,2804,20740000,0.1907,0.031,0.00202,0,0,0.5576,1.024,0.6883
southeast,winter,489,4141000,0.3244,0.05036,0.00365,0.00009997,0.000003863,0.7393,1.773,0.9995
southern_great_plains,all,2887,27170000,0.3228,0.09369,0.01461,0.00002279,0,0.6496,1.615,1.175
southern_great_plains,cold_grid,153,4864000,0.5566,0.03842,0.001031,0.00008224,0,1.137,1.894,1
southern_great_plains,flood,43,214800,0.1464,0.007178,0.001648,0,0,0.5,0.9,0.9375
southern_great_plains,grid,196,1156000,0.1855,0.02605,0.00002422,0,0,0.5,0.9,1
southern_great_plains,heat,67,414700,0.01522,0,0,0,0,0.5,0.9,1
southern_great_plains,hurricane,91,4010000,0.619,0.3494,0.0681,0,0,2.688,6.123,1.604
southern_great_plains,ice,55,695300,0.62,0.2991,0.1559,0.0002461,0,1.604,4.456,1.524
southern_great_plains,unattributed,1332,5705000,0.03045,0.002386,0.0001246,0,0,0.5,0.9,1
southern_great_plains,wildfire,13,60790,0.0927,0.01224,0,0,0,0.5144,0.9259,0.5846
southern_great_plains,wind,852,9290000,0.2579,0.06733,0.0009517,0,0,0.6152,1.464,0.9839
southern_great_plains,winter,85,756100,0.4245,0.1033,0.0008253,0.00006348,0,0.8232,2.065,1.164
southwest,all,1638,18230000,0.1818,0.03541,0.004725,0.00097,0.0006659,0.5,0.9,0.6549
southwest,cold_grid,10,108300,0.6023,0.4551,0.1976,0,0,2.594,9.154,4.833
southwest,flood,24,243900,0.06934,0,0,0,0,0.5177,0.9319,0.9708
southwest,grid,61,1047000,0.0283,0.001589,0,0,0,0.5,0.9,1
southwest,heat,24,265200,0.03526,0.01016,0.002794,0,0,0.5,0.9,1
southwest,unattributed,955,7469000,0.07215,0.01146,0.0006219,0.00006104,0,0.5,0.9,1
southwest,wildfire,132,1809000,0.4144,0.1013,0.01647,0.009301,0.006711,0.9234,1.767,1.115
southwest,wind,208,5171000,0.2757,0.04198,0.002793,0,0,0.6136,1.655,1.112
southwest,winter,224,2113000,0.2261,0.05013,0.007146,0.0001894,0,0.5938,1.327,0.7481
virgin_islands,all,503,3767000,0.04294,0.005905,0.000696,0,0,0.5,0.9,0.6549
virgin_islands,historic:irma_maria_2017_vi,1,,1,1,1,0.9702,0.8801,79,128.5,5
virgin_islands,hurricane,28,226200,0.1665,0.03021,0.002692,0,0,0.5083,0.915,0.5
virgin_islands,unattributed,475,3541000,0.03505,0.004352,0.0005685,0,0,0.5,0.9,1
