fips,saidi_with_med_min,saifi_with_med,saidi_without_med_min,saifi_without_med,utility_years
01001,426,1.68,130,1.06,25
01003,656,1.73,82.1,1.15,35
01005,358,1.7,134,1.13,30
01007,422,1.65,126,1.02,20
01009,374,1.65,117,1.02,10
01011,365,1.69,124,1.09,30
01013,384,1.72,125,1.09,25
01015,373,1.68,120,1.07,20
01017,372,1.7,131,1.11,30
01019,374,1.65,117,1.02,10
01021,422,1.65,126,1.02,20
01023,374,1.65,117,1.02,10
01025,374,1.65,117,1.02,10
01027,370,1.71,132,1.14,30
01029,371,1.69,132,1.1,20
01031,399,1.74,118,1.09,40
01035,379,1.68,122,1.06,15
01037,422,1.65,126,1.02,20
01039,398,1.75,119,1.1,35
01041,362,1.72,124,1.11,35
01043,418,2.15,190,1.56,20
01045,392,1.71,116,1.08,41
01047,426,1.68,130,1.06,25
01051,422,1.65,126,1.02,20
01053,351,1.66,117,1.05,20
01055,373,1.68,120,1.07,20
01057,407,1.74,137,1.12,15
01059,374,1.65,117,1.02,10
01061,396,1.72,115,1.07,30
01063,374,1.65,117,1.02,10
01065,374,1.65,117,1.02,10
01067,421,1.72,115,1.05,20
01069,413,1.67,113,1.04,21
01071,114,3.31,114,3.31,4
01073,374,1.65,117,1.02,10
01075,407,1.74,137,1.12,15
01079,325,2.05,176,1.63,30
01081,361,1.7,141,1.15,31
01085,410,1.73,134,1.12,45
01087,359,1.66,122,1.06,20
01089,76,0.754,76,0.754,4
01091,374,1.65,117,1.02,10
01093,407,1.74,137,1.12,15
01095,310,1.5,106,0.943,15
01097,374,1.65,117,1.02,10
01099,654,1.92,103,1.25,25
01101,365,1.69,124,1.09,30
01103,184,1.68,200,1.97,30
01105,422,1.65,126,1.02,20
01107,374,1.65,117,1.02,10
01109,294,1.76,140,1.32,23
01111,371,1.69,132,1.1,20
01113,371,1.69,132,1.1,20
01115,373,1.68,120,1.07,20
01117,373,1.68,120,1.07,20
01119,374,1.65,117,1.02,10
01121,403,1.66,128,1.07,35
01123,399,1.7,140,1.13,40
01125,374,1.65,117,1.02,10
01127,374,1.65,117,1.02,10
01129,374,1.65,117,1.02,10
01131,379,1.68,122,1.06,15
01133,418,2.15,190,1.56,20
02020,233,1.67,194,1.62,25
02068,613,3.86,252,2.96,10
02090,613,3.86,252,2.96,10
02100,418,7.73,,,7
02105,418,7.73,,,7
02110,176,3.35,141,3.01,10
02122,308,1.82,216,1.68,19
02130,329,5.68,,,10
02170,430,2.62,257,2.01,10
02198,418,7.73,,,7
02230,418,7.73,,,7
02240,613,3.86,252,2.96,10
02290,601,4.25,252,2.96,17
04001,136,1.29,99.4,1.13,20
04003,92.3,0.893,66.7,0.714,30
04005,159,1.29,104,1.13,30
04007,73.4,0.877,52.4,0.745,20
04009,114,0.99,83.3,0.835,26
04011,114,0.952,83.4,0.844,11
04013,73.6,0.923,51.8,0.742,33
04015,130,0.964,77.8,0.754,36
04017,136,1.29,99.4,1.13,20
04019,93.2,0.888,64.9,0.689,40
04021,87.9,0.883,54.8,0.742,46
04023,111,0.948,71.5,0.734,40
04025,142,0.95,91,0.844,20
04027,114,0.95,83.5,0.844,10
05001,522,2.16,242,1.77,20
05003,624,2.08,282,1.7,11
05005,603,2.3,258,1.78,20
05007,248,1.44,82.5,0.959,50
05009,518,2.11,190,1.59,20
05011,625,2.08,284,1.7,10
05013,625,2.08,284,1.7,10
05015,477,2,184,1.55,30
05017,624,2.08,282,1.7,11
05019,625,2.08,284,1.7,10
05021,591,2.2,306,1.88,20
05023,509,2.12,237,1.74,30
05025,625,2.08,284,1.7,10
05027,545,1.99,260,1.63,20
05029,509,2.12,237,1.74,30
05031,525,2.16,254,1.79,20
05033,274,1.51,104,0.977,28
05035,525,2.16,254,1.79,20
05037,510,1.75,234,1.49,20
05039,625,2.08,284,1.7,10
05041,625,2.08,284,1.7,10
05043,624,2.08,282,1.7,11
05045,237,1.16,115,0.987,40
05047,274,1.51,104,0.977,28
05049,603,2.3,258,1.78,20
05051,522,2.16,242,1.77,20
05053,522,2.16,242,1.77,20
05055,516,2.24,277,1.91,30
05057,393,1.8,187,1.37,40
05059,625,2.08,284,1.7,10
05061,340,1.7,171,1.42,20
05063,469,2.2,228,1.82,30
05065,603,2.3,258,1.78,20
05067,625,2.08,284,1.7,10
05069,522,2.16,242,1.77,20
05071,489,1.88,209,1.43,28
05073,477,1.88,225,1.56,30
05075,534,2.32,241,1.83,30
05077,510,1.75,234,1.49,20
05079,625,2.08,284,1.7,10
05081,340,1.7,171,1.42,20
05083,458,1.84,199,1.43,38
05085,522,2.16,242,1.77,20
05087,298,1.78,95.1,1.19,28
05089,580,2.25,251,1.74,30
05091,477,1.88,225,1.56,30
05093,625,2.08,284,1.7,10
05095,455,1.91,213,1.61,30
05097,625,2.08,284,1.7,10
05099,625,2.08,284,1.7,10
05101,494,2.14,193,1.63,38
05103,625,2.08,284,1.7,10
05105,522,2.16,242,1.77,20
05107,510,1.75,234,1.49,20
05109,500,1.91,232,1.58,24
05111,525,2.16,254,1.79,20
05113,340,1.7,171,1.42,20
05115,494,2.14,193,1.63,38
05117,455,1.91,213,1.61,30
05119,348,2.16,216,1.77,30
05121,516,2.24,277,1.91,30
05123,510,1.75,234,1.49,20
05125,522,2.16,242,1.77,20
05127,467,1.96,217,1.58,31
05129,589,2.05,269,1.66,20
05131,381,1.72,159,1.3,28
05133,340,1.7,171,1.42,20
05135,525,2.36,260,1.92,40
05137,519,2.26,230,1.78,40
05139,625,2.08,284,1.7,10
05141,589,2.05,269,1.66,20
05143,327,1.71,114,1.19,47
05145,522,2.16,242,1.77,20
05147,510,1.75,234,1.49,20
05149,502,2.24,236,1.83,28
06001,383,1.34,149,1.11,20
06003,502,1.68,187,1.3,20
06005,492,1.6,172,1.23,10
06007,492,1.6,172,1.23,10
06009,492,1.6,172,1.23,10
06011,492,1.6,172,1.23,10
06013,492,1.6,172,1.23,10
06015,718,3.09,144,1.61,10
06017,502,1.68,187,1.3,20
06019,237,1.18,115,0.981,20
06021,492,1.6,172,1.23,10
06023,492,1.6,172,1.23,10
06025,140,0.995,90.4,0.857,20
06027,143,0.873,108,0.788,20
06029,237,1.18,115,0.981,20
06031,237,1.18,115,0.981,20
06033,492,1.6,172,1.23,10
06035,574,1.73,214,1.37,20
06037,128,0.848,97.9,0.765,60
06039,237,1.18,115,0.981,20
06041,492,1.6,172,1.23,10
06043,492,1.6,172,1.23,10
06045,492,1.6,172,1.23,10
06047,406,1.43,149,1.11,20
06049,513,1.74,170,1.27,20
06051,160,1.08,102,0.928,20
06053,492,1.6,172,1.23,10
06055,492,1.6,172,1.23,10
06057,520,1.73,187,1.3,25
06059,112,0.743,73.3,0.673,30
06061,219,1.29,84.8,1,45
06063,563,1.68,187,1.3,25
06065,134,0.956,94.1,0.844,46
06067,234,1.41,89.4,1.1,20
06069,492,1.6,172,1.23,10
06071,240,1.25,112,0.97,33
06073,153,0.838,85.3,0.733,40
06075,492,1.6,172,1.23,10
06077,301,1.15,120,0.944,30
06079,492,1.6,172,1.23,10
06081,492,1.6,172,1.23,10
06083,235,1.2,115,0.981,25
06085,321,1.24,162,1.17,30
06087,492,1.6,172,1.23,10
06089,391,1.4,135,1.05,37
06091,563,1.68,187,1.3,25
06093,513,1.74,170,1.27,20
06095,492,1.6,172,1.23,10
06097,491,1.6,172,1.22,11
06099,301,1.17,125,0.982,30
06101,492,1.6,172,1.23,10
06103,492,1.6,172,1.23,10
06105,492,1.6,172,1.23,10
06107,237,1.18,115,0.981,20
06109,227,1.16,112,0.961,30
06111,149,1.04,95.6,0.894,10
06113,492,1.6,172,1.23,10
06115,492,1.6,172,1.23,10
08001,146,1.02,92.7,0.896,38
08003,173,1.12,104,0.961,20
08005,159,1.03,94.2,0.863,40
08007,163,1.22,95.9,0.978,20
08009,173,1.14,112,0.993,15
08011,172,1.13,111,0.986,16
08013,133,0.961,73.7,0.786,38
08014,88,0.889,68.5,0.861,8
08015,166,1.09,98.3,0.921,25
08017,695,,594,,5
08019,159,1.06,94.9,0.91,20
08021,173,1.12,104,0.961,20
08023,335,1.2,110,0.98,30
08025,174,1.37,96.3,1.02,35
08027,289,1.51,103,1.1,35
08029,143,1.14,96,0.993,21
08031,165,1.14,104,0.993,10
08033,160,1.15,109,1.02,20
08035,156,1.03,91.4,0.863,30
08037,153,1.21,104,1.06,30
08039,156,1.03,91.4,0.863,30
08041,105,0.927,59.8,0.785,56
08043,255,1.36,97.3,1.02,45
08045,134,1.13,94.2,1,50
08047,137,1.06,93.8,0.96,18
08049,184,1.26,115,1.09,25
08051,141,1.15,97.7,1.02,26
08053,173,1.22,102,0.996,35
08055,338,1.23,110,1.01,20
08057,266,1.17,88.6,0.858,5
08059,142,1.02,89.9,0.896,28
08061,173,1.14,112,0.993,15
08065,175,1.18,109,1.01,15
08067,163,1.22,95.9,0.978,20
08069,74.4,0.572,43.9,0.495,45
08071,346,1.23,118,1.01,25
08073,177,0.815,101,0.593,15
08075,170,1.14,108,0.993,20
08077,129,1.11,89.3,0.982,30
08079,170,1.19,96.4,0.955,30
08081,185,1.28,123,1.12,40
08083,160,1.15,109,1.02,20
08085,160,1.14,102,0.993,11
08087,170,1.14,108,0.993,20
08089,295,1.5,105,1.1,35
08091,160,1.14,102,0.993,11
08093,159,1.06,94.9,0.91,20
08097,138,1.11,92.5,0.982,20
08099,172,1.13,111,0.986,16
08101,274,1.41,101,1.03,45
08103,185,1.28,123,1.12,40
08105,173,1.12,104,0.961,20
08107,184,1.26,115,1.09,25
08109,185,1.19,115,1.02,30
08111,159,1.42,73.1,0.933,10
08113,160,1.15,109,1.02,20
08117,170,1.14,102,0.979,15
08119,103,0.94,58.4,0.799,40
08121,171,1.07,103,0.906,40
08123,135,0.961,75.9,0.786,48
08125,173,1.14,106,0.993,20
09110,553,1.08,78,0.708,20
09120,385,0.931,60.7,0.617,20
09130,546,1.09,78.4,0.718,50
09140,396,0.928,61.6,0.612,70
09150,548,1.09,78.3,0.715,60
09160,553,1.08,78,0.709,20
09170,368,0.898,58.5,0.593,30
09180,483,1.16,81.7,0.802,50
09190,394,0.939,61.6,0.622,30
10001,136,1.16,80.2,0.976,22
10003,140,0.932,76.2,0.784,20
10005,136,1.16,80.2,0.973,27
11001,70.5,0.508,56,0.471,10
12001,521,1.32,69.7,0.954,50
12003,665,1.23,68.7,0.834,30
12005,573,1.3,85.7,0.945,26
12007,650,1.16,63.7,0.78,25
12009,560,1.09,65.2,0.764,33
12011,1010,1.25,58.6,0.732,20
12013,2140,3.26,207,1.94,22
12015,1010,1.25,58.6,0.732,20
12017,448,1.63,97.3,1.32,30
12019,568,1.16,63.9,0.842,24
12021,1010,1.25,58.6,0.732,20
12023,664,1.34,77.5,0.943,40
12027,666,0.993,55.6,0.638,20
12029,660,1.68,119,1.29,30
12031,518,1.1,63.9,0.842,34
12033,721,1.18,68.9,0.746,10
12035,615,1.23,72.2,0.872,30
12037,467,1.4,95,1.12,10
12039,1930,4.47,256,3.35,15
12041,529,1.87,118,1.47,30
12043,718,1.01,59.4,0.654,20
12045,474,1.51,108,1.21,16
12047,642,1.76,111,1.33,20
12049,570,1.01,59.8,0.689,24
12051,1040,1.3,63.8,0.765,35
12053,448,1.63,97.3,1.32,30
12055,662,1.16,71.1,0.802,40
12057,571,1.61,83.6,1.15,30
12059,643,1.25,73.3,0.814,24
12061,666,0.993,55.6,0.638,20
12063,894,1.53,90.5,0.938,30
12065,623,1.59,112,1.22,20
12067,676,1.84,117,1.39,30
12069,454,1.69,101,1.35,30
12071,1010,1.25,58.6,0.732,20
12073,390,1.94,127,1.56,30
12075,487,1.75,106,1.4,40
12077,2130,4.2,230,2.82,20
12079,623,1.59,112,1.22,20
12081,666,0.993,55.6,0.638,20
12083,458,1.72,106,1.33,50
12085,661,0.941,52.6,0.607,10
12086,630,0.926,56.1,0.62,16
12087,845,1.05,51.2,0.664,27
12089,660,1.15,63.7,0.786,34
12091,640,1.2,69.2,0.769,20
12093,718,1.01,59.4,0.654,20
12095,442,0.984,58.7,0.735,31
12097,365,0.972,56,0.759,50
12099,645,1.19,57.4,0.763,15
12101,535,1.64,86.2,1.22,40
12103,570,1.59,82.5,1.15,20
12105,587,1.52,80.3,1.15,63
12107,656,1.16,63.7,0.78,20
12109,521,0.903,55.4,0.707,24
12111,613,1,53.7,0.676,20
12113,640,1.2,69.2,0.769,20
12115,666,0.993,55.6,0.638,20
12117,618,1.08,64.8,0.754,20
12119,448,1.63,97.3,1.32,30
12121,664,1.34,77.5,0.943,40
12123,623,1.59,112,1.22,20
12125,656,1.16,63.7,0.78,20
12127,634,1.24,72.2,0.878,32
12129,784,2.01,127,1.56,20
12131,646,1.27,78.2,0.835,26
12133,729,1.33,83.9,0.872,20
13001,503,1.68,133,1.25,10
13003,503,1.68,133,1.25,10
13005,503,1.68,133,1.25,10
13007,987,2.1,201,1.63,27
13009,570,1.74,155,1.3,30
13011,385,1.55,95,1.1,30
13013,355,1.62,103,1.18,30
13015,316,1.44,99.1,1.12,41
13017,503,1.68,133,1.25,10
13019,503,1.68,133,1.25,10
13021,427,1.93,126,1.33,50
13023,503,1.68,133,1.25,10
13025,600,2.1,148,1.53,20
13027,496,1.95,151,1.39,17
13029,720,2.01,205,1.4,30
13031,639,1.68,192,1.25,20
13033,622,1.68,127,1.24,20
13035,360,1.48,107,1.13,30
13037,383,1.24,86,0.939,39
13039,600,2.1,148,1.53,20
13043,639,1.68,192,1.25,20
13045,381,1.71,112,1.32,30
13047,385,1.91,145,1.49,20
13049,600,2.1,148,1.53,20
13053,428,1.85,120,1.2,24
13055,385,1.91,145,1.49,20
13057,271,1.28,83.7,0.986,40
13059,371,1.67,106,1.22,40
13061,746,1.9,169,1.44,27
13063,400,1.66,123,1.24,30
13065,503,1.68,133,1.25,10
13067,219,1.45,82.3,1.18,40
13069,503,1.68,133,1.25,10
13071,691,2.11,177,1.55,27
13073,622,1.68,127,1.24,20
13075,503,1.68,133,1.25,10
13077,320,1.62,106,1.27,60
13079,451,1.98,132,1.33,30
13081,503,1.68,133,1.25,10
13083,503,1.68,133,1.25,10
13085,408,1.68,122,1.27,30
13087,914,2.28,214,1.71,37
13089,344,1.58,112,1.21,30
13091,503,1.68,133,1.25,10
13093,436,1.85,119,1.2,20
13095,638,1.84,156,1.42,30
13097,404,1.72,112,1.31,20
13099,905,2.05,195,1.58,40
13101,503,1.68,133,1.25,10
13103,639,1.68,192,1.25,20
13105,475,1.63,117,1.18,20
13107,901,1.72,368,1.24,50
13109,639,1.68,192,1.25,20
13111,1190,4.39,445,3.32,14
13113,367,1.7,112,1.29,40
13115,364,1.87,139,1.46,30
13117,408,1.68,122,1.27,30
13119,385,1.55,95,1.1,30
13121,227,1.24,70,0.958,50
13123,678,2.68,233,2.01,24
13125,684,1.68,147,1.24,30
13127,600,2.1,148,1.53,20
13129,462,2.08,171,1.6,40
13131,738,2.75,175,2.03,37
13133,427,1.8,130,1.36,30
13135,289,1.45,82.7,1.07,40
13137,726,2.05,143,1.39,20
13139,382,1.52,84.1,1.07,40
13141,606,1.81,161,1.35,30
13143,432,1.68,127,1.28,20
13145,419,1.82,118,1.21,30
13147,475,1.63,117,1.18,20
13149,381,1.69,125,1.27,40
13151,360,1.48,107,1.13,30
13153,436,1.85,119,1.2,20
13155,503,1.68,133,1.25,10
13157,383,1.56,98.2,1.12,20
13159,368,1.53,110,1.17,40
13161,503,1.68,133,1.25,10
13163,684,1.68,147,1.24,30
13165,723,1.68,179,1.24,30
13167,841,1.72,349,1.24,40
13169,457,1.7,125,1.27,30
13171,470,1.8,136,1.35,30
13173,503,1.68,133,1.25,10
13175,780,1.73,388,1.25,30
13177,652,1.85,159,1.44,26
13179,629,2.01,160,1.4,20
13181,533,1.81,140,1.35,20
13183,629,2.01,160,1.4,20
13185,503,1.68,133,1.25,10
13187,450,1.73,112,1.24,50
13189,622,1.68,127,1.24,20
13191,629,2.01,160,1.4,20
13193,436,1.85,119,1.2,20
13195,402,1.6,99.7,1.15,40
13197,428,1.85,120,1.2,24
13199,421,1.8,136,1.34,40
13201,983,2.1,206,1.63,30
13205,691,2.11,177,1.55,27
13207,424,1.91,124,1.3,40
13209,725,1.73,386,1.25,20
13211,361,1.65,115,1.26,60
13213,516,2.26,188,1.75,34
13215,419,1.82,118,1.21,30
13217,337,1.57,110,1.2,40
13219,371,1.67,106,1.22,40
13221,403,1.62,103,1.17,30
13223,244,1.26,75.4,0.989,40
13225,436,1.85,119,1.2,20
13227,707,2.35,215,1.78,20
13229,503,1.68,133,1.25,10
13231,470,1.8,136,1.35,30
13233,432,1.68,127,1.28,20
13235,503,1.68,133,1.25,10
13237,457,1.7,125,1.27,30
13239,462,1.68,130,1.24,24
13241,726,2.05,143,1.39,20
13243,462,1.68,130,1.24,24
13245,622,1.68,127,1.24,20
13247,344,1.58,112,1.21,30
13249,428,1.85,120,1.2,24
13251,503,1.68,133,1.25,10
13253,815,1.94,184,1.47,20
13255,413,1.77,132,1.33,40
13257,655,1.93,129,1.3,30
13259,462,1.68,130,1.24,24
13261,428,1.85,120,1.2,24
13263,436,1.85,119,1.2,20
13265,533,1.81,140,1.35,20
13267,813,1.73,404,1.25,30
13269,436,1.85,119,1.2,20
13271,503,1.68,133,1.25,10
13273,462,1.68,130,1.24,24
13275,738,2.75,175,2.03,37
13277,728,1.88,164,1.44,20
13279,725,1.73,386,1.25,20
13281,511,4.59,329,3.34,4
13283,725,1.73,386,1.25,20
13285,381,1.69,125,1.27,40
13287,728,1.88,164,1.44,20
13289,439,1.88,122,1.25,30
13291,511,4.59,329,3.34,4
13293,451,1.98,132,1.33,30
13295,385,1.91,145,1.49,20
13297,344,1.58,112,1.21,30
13299,600,2.1,148,1.53,20
13301,684,1.68,147,1.24,30
13303,684,1.68,147,1.24,30
13305,600,2.1,148,1.53,20
13307,490,1.68,134,1.25,14
13309,503,1.68,133,1.25,10
13311,517,1.77,108,1.21,30
13313,385,1.91,145,1.49,20
13315,503,1.68,133,1.25,10
13317,533,1.81,140,1.35,20
13319,570,1.74,155,1.3,30
13321,728,1.88,164,1.44,20
15001,302,3.13,187,2.51,10
15003,135,1.26,102,1.07,10
15005,618,2.66,180,1.78,10
15007,197,3.99,110,1.2,10
15009,618,2.66,180,1.78,10
16001,173,1.28,149,1.18,10
16003,173,1.28,149,1.18,10
16005,190,1.44,149,1.25,20
16007,255,2.07,149,1.53,10
16009,804,1.82,236,1.3,24
16011,190,1.44,149,1.25,20
16013,175,1.29,151,1.19,12
16015,173,1.28,149,1.18,10
16017,908,1.79,401,1.24,29
16019,207,1.71,116,1.17,18
16021,1410,,956,,10
16023,255,2.07,149,1.53,10
16025,173,1.28,149,1.18,10
16027,173,1.28,149,1.18,10
16029,255,2.07,149,1.53,10
16031,174,1.29,147,1.17,12
16033,227,1.86,140,1.37,17
16035,471,1.7,302,1.4,14
16037,366,2.27,366,2.27,2
16039,173,1.28,149,1.18,10
16041,255,2.07,149,1.53,10
16043,227,1.86,140,1.37,17
16045,173,1.28,149,1.18,10
16047,173,1.28,149,1.18,10
16049,255,1.39,173,1.2,24
16051,227,1.86,140,1.37,17
16053,173,1.28,149,1.18,10
16055,908,1.79,401,1.24,29
16057,471,1.7,302,1.4,14
16059,175,1.29,151,1.19,12
16061,471,1.7,302,1.4,14
16063,173,1.28,149,1.18,10
16065,227,1.86,140,1.37,17
16067,174,1.29,147,1.17,12
16069,471,1.7,302,1.4,14
16071,190,1.44,149,1.25,20
16073,173,1.28,149,1.18,10
16075,173,1.28,149,1.18,10
16077,190,1.44,149,1.25,20
16079,471,1.7,302,1.4,14
16081,227,1.86,140,1.37,17
16083,173,1.28,149,1.18,10
16085,173,1.28,149,1.18,10
16087,173,1.28,149,1.18,10
17001,256,1.21,118,0.942,20
17003,255,1.17,120,0.918,15
17005,271,1.27,133,1.02,23
17007,123,0.774,49.1,0.619,15
17009,256,1.21,118,0.942,20
17011,138,0.852,56.4,0.682,30
17013,252,1.17,117,0.918,15
17015,124,0.775,49.2,0.616,20
17017,252,1.24,122,0.984,25
17019,271,1.61,129,1.3,30
17021,255,1.19,117,0.926,15
17023,257,1.18,119,0.928,11
17025,261,1.33,128,1.02,31
17027,257,1.32,126,1.01,32
17029,257,1.18,119,0.928,11
17031,123,0.776,49.1,0.62,15
17033,257,1.17,118,0.918,10
17035,257,1.17,118,0.918,10
17037,124,0.777,49.1,0.62,10
17039,271,1.58,128,1.3,20
17041,258,1.25,120,0.966,21
17043,106,0.725,48.7,0.627,30
17045,258,1.25,120,0.966,21
17047,257,1.17,118,0.918,10
17049,264,1.29,133,1.03,21
17051,276,1.29,135,1.03,22
17053,139,0.86,57,0.687,40
17055,254,1.32,117,0.975,32
17057,257,1.17,118,0.918,10
17059,259,1.27,121,0.98,20
17061,265,1.17,119,0.918,16
17063,124,0.777,49.1,0.62,10
17065,260,1.86,112,1.19,20
17067,256,1.17,119,0.925,13
17069,278,1.87,134,1.37,10
17071,257,1.17,118,0.918,10
17073,337,1.47,111,1.12,40
17075,258,1.24,120,0.957,20
17077,251,1.17,120,0.918,17
17079,258,1.17,118,0.918,11
17081,254,1.24,114,0.918,20
17083,265,1.17,119,0.918,16
17085,124,0.775,49.2,0.616,20
17087,254,1.27,122,0.98,27
17089,117,0.773,48.2,0.619,31
17091,124,0.777,49.1,0.62,10
17093,138,0.852,56.4,0.682,30
17095,271,1.58,128,1.3,20
17097,124,0.777,49.1,0.62,10
17099,138,0.852,56.4,0.682,30
17101,257,1.17,118,0.918,10
17103,123,0.776,49.1,0.62,16
17105,139,0.86,57,0.687,40
17107,270,1.61,132,1.33,30
17109,256,1.17,119,0.925,13
17111,123,0.774,49.1,0.619,15
17113,271,1.61,129,1.3,30
17115,270,1.61,132,1.33,30
17117,268,1.3,132,1.04,31
17119,271,1.27,133,1.02,23
17121,261,1.33,128,1.02,31
17123,138,0.852,56.4,0.682,30
17125,256,1.24,123,0.984,20
17127,258,1.27,122,0.98,25
17129,256,1.24,123,0.984,20
17131,363,1.41,114,1.05,20
17133,255,1.14,129,0.899,17
17135,273,1.3,134,1.04,26
17137,251,1.25,121,0.989,30
17139,258,1.24,120,0.957,20
17141,123,0.776,49.1,0.62,16
17143,257,1.17,118,0.918,10
17145,251,1.24,114,0.918,22
17147,271,1.61,129,1.3,30
17149,251,1.17,118,0.925,18
17151,259,1.87,137,1.37,15
17153,255,1.17,120,0.918,15
17155,271,1.58,128,1.3,20
17157,255,1.14,129,0.899,17
17159,258,1.17,118,0.918,11
17161,420,1.54,111,1.12,10
17163,257,1.29,134,0.992,39
17165,259,1.27,121,0.98,20
17167,117,1.08,119,1,35
17169,261,1.21,119,0.942,15
17171,252,1.17,117,0.918,15
17173,262,1.29,133,1.03,20
17175,271,1.58,128,1.3,20
17177,123,0.774,49.1,0.619,15
17179,270,1.61,132,1.33,30
17181,251,1.17,120,0.918,17
17183,258,1.25,120,0.966,21
17185,238,1.51,113,1.17,20
17187,257,1.17,118,0.918,10
17189,251,1.24,114,0.918,22
17191,256,1.23,114,0.918,21
17193,259,1.27,121,0.98,20
17195,124,0.775,49.2,0.616,20
17197,109,0.718,49.1,0.62,20
17199,254,1.27,122,0.98,27
17201,123,0.774,49.1,0.619,15
17203,138,0.852,56.4,0.682,30
18001,288,1.1,146,0.925,10
18003,258,1.15,128,0.943,30
18005,248,1.42,109,1.07,60
18007,345,1.39,158,1.04,37
18009,288,1.1,146,0.925,10
18011,198,1.17,98.8,1.01,50
18013,352,1.93,147,1.41,40
18015,344,1.39,157,1.04,36
18017,276,1.16,143,0.909,27
18019,288,1.63,133,1.19,40
18021,497,2.31,214,1.82,45
18023,275,1.33,147,1.07,40
18025,290,1.52,130,1.14,30
18027,270,1.39,113,1.09,40
18029,312,1.5,170,1.23,30
18031,300,1.55,142,1.1,40
18033,337,1.24,156,0.983,31
18035,293,1.2,141,0.968,22
18037,208,1.1,87.6,0.836,50
18039,325,1.24,149,0.978,31
18041,290,1.43,151,1.09,32
18043,288,1.54,126,1.1,30
18045,293,1.5,149,1.18,25
18047,321,1.61,183,1.31,48
18049,332,1.39,137,1.01,26
18051,249,1.29,94,0.968,40
18053,292,1.18,141,0.959,20
18055,287,1.45,119,1.13,50
18057,243,1.26,113,1.01,50
18059,196,1.2,87.8,0.901,51
18061,313,1.56,133,1.13,20
18063,209,1.25,90.7,0.973,40
18065,293,1.24,146,0.974,32
18067,307,1.18,152,0.959,30
18069,273,1.18,129,0.948,30
18071,295,1.57,135,1.15,30
18073,443,1.43,252,1.01,24
18075,288,1.1,146,0.925,10
18077,299,1.62,160,1.27,38
18079,323,1.73,169,1.34,48
18081,283,1.57,113,1.16,50
18083,274,1.4,112,1.09,40
18085,301,1.36,126,1.01,46
18087,316,1.3,156,1.03,33
18089,434,1.43,158,1.02,7
18091,339,1.23,154,0.979,17
18093,355,1.72,173,1.38,40
18095,254,1.35,123,1.05,52
18097,238,1.26,95.2,0.98,20
18099,339,1.23,154,0.979,17
18101,336,1.57,162,1.27,40
18103,267,1.13,133,0.917,27
18105,320,1.69,133,1.33,50
18107,183,1.17,101,0.92,52
18109,259,1.51,103,1.11,50
18111,342,1.43,134,1.01,14
18113,302,1.22,137,0.963,41
18115,333,1.53,172,1.24,18
18117,270,1.3,127,1.03,20
18119,322,1.65,130,1.3,40
18121,318,1.48,154,1.17,15
18123,189,1.42,140,1.3,20
18125,244,1.29,94.4,0.975,50
18127,344,1.46,136,1.05,15
18129,277,1.33,105,0.969,30
18131,445,1.46,254,1.05,25
18133,295,1.63,126,1.27,55
18135,289,1.21,144,0.992,32
18137,334,1.58,177,1.29,28
18139,277,1.59,146,1.22,42
18141,339,1.23,154,0.979,17
18143,272,1.49,132,1.12,30
18145,222,1.29,90.5,0.915,40
18147,233,1.25,87.6,0.909,20
18149,344,1.46,136,1.05,15
18151,331,1.24,153,0.978,36
18153,274,1.4,112,1.09,40
18155,257,1.35,114,1.07,28
18157,310,1.37,157,1.06,31
18159,292,1.18,141,0.959,20
18161,290,1.33,140,1.06,20
18163,231,1.21,78.2,0.85,10
18165,304,1.31,137,1.01,11
18167,392,1.77,181,1.39,35
18169,273,1.23,127,0.965,40
18171,349,1.35,145,1,17
18173,255,1.27,102,0.943,30
18175,288,1.63,133,1.19,40
18177,158,1.14,142,1.08,32
18179,292,1.18,141,0.959,20
18181,343,1.45,160,1.05,44
18183,271,1.25,127,0.98,50
19001,278,1.04,85.3,0.854,35
19003,279,1.06,87.1,0.868,25
19005,372,0.994,86.8,0.841,24
19007,425,1.04,89.5,0.876,20
19009,215,1.07,86.7,0.865,30
19011,416,1.28,101,1.15,35
19013,210,0.889,85.8,0.865,45
19015,405,1.04,92.4,0.903,20
19017,268,1.04,85.2,0.854,50
19019,228,0.956,73.6,0.776,50
19021,269,1.04,85.3,0.854,35
19023,210,0.89,86.6,0.863,50
19025,222,1.11,91.3,0.896,30
19027,278,1.05,86,0.861,30
19029,279,1.05,86.5,0.859,40
19031,363,1.27,97.3,1.1,40
19033,268,1.06,86.9,0.869,55
19035,261,1.04,85.8,0.864,45
19037,262,1.05,86.4,0.857,54
19039,421,1.01,86.5,0.858,15
19041,323,0.889,75.2,0.785,33
19043,331,1.01,80.2,0.852,35
19045,259,1.08,86.2,0.881,40
19047,205,1.05,86,0.858,40
19049,278,1.06,88,0.869,35
19051,387,1.06,91.7,0.903,30
19053,421,1.02,86.7,0.87,20
19055,331,1.01,80.2,0.852,35
19057,340,1.09,92.1,0.931,30
19059,371,0.998,82.9,0.868,25
19061,351,1.02,82.4,0.848,25
19063,369,0.952,82,0.822,20
19065,328,0.999,83.2,0.849,44
19067,270,1.05,86.3,0.862,45
19069,272,1.07,89.2,0.886,55
19071,217,1.09,87.5,0.874,15
19073,409,1.06,94,0.913,30
19075,213,0.725,92.1,0.902,35
19077,403,1.04,89.8,0.902,30
19079,278,1.07,89.7,0.887,40
19081,383,1.01,87,0.873,30
19083,277,1.07,89.7,0.886,50
19085,214,1.06,86.6,0.854,25
19087,340,1.09,92.1,0.931,30
19089,352,0.989,83.5,0.838,29
19091,220,1.11,91.3,0.902,30
19093,197,1.05,84.4,0.863,45
19095,416,1.28,100,1.15,40
19097,316,1.08,84.5,0.898,30
19099,285,1.08,87.5,0.877,27
19101,384,1.05,90.9,0.916,25
19103,302,1.19,94.2,1.01,60
19105,363,1.27,97.3,1.1,40
19107,384,1.05,90.9,0.916,25
19109,263,1.04,87.9,0.874,61
19111,383,1.02,88.8,0.885,20
19113,352,1.26,95.3,1.09,50
19115,336,1.07,89.7,0.907,35
19117,424,1.03,87.9,0.868,20
19119,270,1.06,86.3,0.877,40
19121,278,1.04,85.4,0.851,35
19123,280,1.06,87.8,0.875,25
19125,281,1.06,87.5,0.866,25
19127,395,1.09,92,0.927,32
19129,217,1.09,87.5,0.874,15
19131,352,0.989,83.5,0.838,29
19133,214,1.07,85.3,0.861,25
19135,281,1.06,87.5,0.866,25
19137,279,1.06,87.1,0.868,25
19139,182,0.817,61,0.639,45
19141,261,1.04,85.8,0.869,45
19143,335,0.978,81.3,0.864,40
19145,217,1.09,87.5,0.874,15
19147,269,1.04,85.6,0.852,30
19149,199,1.06,85.7,0.868,35
19151,271,1.05,88.5,0.87,45
19153,283,1.08,88.3,0.882,42
19155,214,1.05,86.1,0.846,25
19157,280,1.06,87.8,0.875,25
19159,421,1.02,86.7,0.87,20
19161,199,1.04,85.1,0.853,45
19163,271,1.08,88.6,0.885,30
19165,213,1.05,85.3,0.84,26
19167,269,1.04,86,0.862,35
19169,297,0.911,47.7,0.56,37
19171,380,1.07,85.8,0.917,37
19173,279,1.06,87.1,0.868,25
19175,420,1.02,85.2,0.864,25
19177,385,1.04,90.7,0.896,25
19179,387,1.08,94.6,0.934,37
19181,275,1.04,83.4,0.848,27
19183,264,1.08,88.6,0.892,55
19185,424,1.03,87.9,0.868,20
19187,280,1.08,90.6,0.888,45
19189,383,1.01,87,0.873,30
19191,372,0.994,86.8,0.841,24
19193,206,1.07,86.5,0.876,30
19195,383,1.01,87,0.873,30
19197,278,1.07,89.8,0.886,45
20001,161,1.27,107,1.08,15
20003,217,1.12,83.6,0.848,25
20005,228,1.38,142,1.09,20
20007,161,0.692,109,0.564,18
20009,369,1.85,134,1.36,20
20011,217,1.12,83.6,0.848,25
20013,200,1.38,105,1.09,10
20015,234,1.34,110,1.1,30
20017,336,1.44,114,1.13,20
20019,165,1.31,109,1.1,15
20021,160,1.4,102,1.14,30
20023,528,2.19,173,1.62,17
20025,388,,219,,18
20027,200,1.38,109,1.09,17
20029,196,1.36,107,1.07,22
20031,214,1.17,87.7,0.893,35
20033,183,,129,,9
20035,250,1.31,112,1.11,20
20037,161,1.27,107,1.08,15
20039,528,2.19,173,1.62,17
20041,205,1.41,106,1.1,20
20043,200,1.38,105,1.09,10
20045,244,1.12,94.6,0.814,32
20047,582,2.19,238,1.62,19
20049,179,1.34,107,1.09,25
20051,678,2.19,191,1.62,10
20053,265,1.47,115,1.14,25
20055,331,1.54,158,1.11,31
20057,531,,281,,9
20059,233,1.21,79.2,0.814,23
20061,205,1.41,106,1.1,20
20063,678,2.19,191,1.62,10
20065,528,2.19,173,1.62,17
20067,439,0.96,159,0.87,10
20069,361,1.61,171,1.19,29
20071,369,1.85,134,1.36,20
20073,231,1.31,107,1.08,25
20075,292,1.61,124,1.19,20
20077,186,1.53,105,1.14,28
20079,650,1.38,125,1.12,24
20081,390,0.96,196,0.87,28
20083,582,2.19,238,1.62,19
20085,233,1.4,150,1.11,27
20087,228,1.38,142,1.09,20
20089,210,,143,,7
20091,235,1.12,79.2,0.814,20
20093,292,1.61,124,1.19,20
20095,171,1.32,107,1.09,34
20097,388,,219,,18
20099,159,1.2,96.5,0.991,41
20101,678,2.19,191,1.62,10
20103,242,1.12,92.1,0.814,30
20105,270,1.5,117,1.16,20
20107,217,1.12,83.6,0.848,25
20109,369,1.85,134,1.36,20
20111,209,1.44,108,1.12,15
20113,173,1.12,86.7,0.974,53
20115,230,1.32,108,1.08,35
20117,202,1.4,109,1.11,15
20119,388,,219,,18
20121,250,1.05,72,0.732,15
20123,210,,143,,7
20125,142,1.14,92.8,0.958,30
20127,205,1.41,106,1.1,20
20129,439,0.96,159,0.87,10
20131,202,1.4,109,1.11,15
20133,164,1.23,99,1,37
20135,678,2.19,191,1.62,10
20137,528,2.19,173,1.62,17
20139,243,1.12,93.3,0.814,30
20141,528,2.19,173,1.62,17
20143,197,1.36,103,1.07,15
20145,678,2.19,191,1.62,10
20147,528,2.19,173,1.62,17
20149,232,1.4,148,1.11,25
20151,437,2.19,161,1.62,19
20153,528,2.19,173,1.62,17
20155,207,1.36,111,1.1,44
20157,210,,143,,7
20159,265,1.47,115,1.14,25
20161,209,1.44,108,1.12,15
20163,528,2.19,173,1.62,17
20165,678,2.19,191,1.62,10
20167,660,2.28,175,1.52,11
20169,265,1.47,115,1.14,25
20171,369,1.85,134,1.36,20
20173,246,1.27,109,1.07,20
20175,317,0.96,146,0.87,19
20177,232,1.38,146,1.09,20
20179,528,2.19,173,1.62,17
20181,528,2.19,173,1.62,17
20183,210,,143,,7
20185,678,2.19,191,1.62,10
20187,439,0.96,159,0.87,10
20189,439,0.96,159,0.87,10
20191,162,1.26,105,1.06,15
20193,528,2.19,173,1.62,17
20195,678,2.19,191,1.62,10
20197,239,1.44,148,1.12,25
20199,369,1.85,134,1.36,20
20201,201,1.4,112,1.11,22
20203,201,1.66,103,1.22,10
20205,177,1.32,107,1.08,25
20207,177,1.32,107,1.08,25
20209,374,2.1,178,1.69,30
21001,402,1.99,166,1.56,51
21003,359,3.22,237,2.85,10
21005,285,1.38,106,1.04,40
21007,286,1.39,100,1.04,20
21009,285,1.89,133,1.49,50
21011,375,1.42,123,1.05,30
21013,407,1.72,139,1.27,19
21015,184,1.11,95.8,0.859,20
21017,378,1.43,121,1.08,30
21019,1170,2.61,433,2.19,10
21021,282,1.3,92.5,0.924,20
21023,305,1.23,111,0.94,36
21025,1020,2.73,356,2.15,40
21027,259,1.71,88.6,1.15,30
21029,285,1.23,79.7,0.912,40
21031,652,3.01,173,2.03,20
21033,269,1.35,81.9,0.93,25
21035,1030,2.44,181,1.64,5
21037,202,1.11,93.9,0.855,30
21039,411,1.58,115,1.15,25
21041,244,1.34,98.7,1.02,30
21043,1330,2.77,427,2.31,18
21045,392,1.75,151,1.35,40
21047,645,2.4,158,1.68,20
21049,383,1.39,113,1.02,20
21051,762,2.23,271,1.76,39
21053,546,2.75,257,2.33,20
21055,291,1.52,93.7,1.06,20
21057,467,2.43,216,2.02,30
21059,142,1.21,74.3,1.02,30
21061,346,1.82,117,1.28,30
21063,1180,2.65,374,2.13,28
21065,471,1.73,150,1.31,38
21067,378,1.43,121,1.08,30
21069,537,1.56,181,1.23,25
21071,1220,2.87,446,2.37,20
21073,227,1.09,87,0.815,36
21075,285,1.11,86.8,0.848,10
21077,195,1.12,93.9,0.877,28
21079,410,1.67,137,1.24,40
21081,321,1.5,116,1.11,50
21083,515,1.98,135,1.38,15
21085,311,1.71,105,1.2,50
21087,282,1.37,94.9,0.99,40
21089,1330,2.77,427,2.31,18
21091,270,1.84,99.7,1.26,20
21093,290,1.24,81.3,0.92,44
21095,398,2.07,162,1.64,29
21097,306,1.24,104,0.961,20
21099,282,1.37,94.9,0.99,40
21101,187,1.18,72.8,0.888,26
21103,295,1.21,83.7,0.919,40
21105,439,1.43,112,1.06,15
21107,304,1.86,122,1.42,30
21109,603,2.23,205,1.71,20
21111,288,1.24,81.7,0.931,30
21113,306,1.24,104,0.961,20
21115,1220,2.87,446,2.37,20
21117,184,1.11,95.8,0.859,20
21119,1220,2.87,446,2.37,20
21121,407,1.72,139,1.27,19
21123,280,1.45,98.2,1.03,50
21125,549,2.17,200,1.69,39
21127,1350,2.95,437,2.44,28
21129,473,1.75,143,1.28,30
21131,1000,2.8,363,2.21,29
21133,1070,2.82,403,2.26,19
21135,1100,2.47,361,2.03,28
21137,489,1.97,178,1.52,40
21139,533,2.22,143,1.55,45
21141,652,3.01,173,2.03,20
21143,291,1.52,93.7,1.06,20
21145,154,1.29,70,1.07,28
21147,498,2.05,190,1.61,29
21149,291,1.52,93.7,1.06,20
21151,444,1.74,144,1.28,50
21153,1090,2.73,387,2.17,30
21155,263,1.4,94.6,1.01,40
21157,515,1.98,135,1.38,15
21159,1220,2.87,446,2.37,20
21161,306,1.23,107,0.937,20
21163,285,1.24,78.2,0.92,30
21165,615,2.21,175,1.47,20
21167,283,1.41,104,1.04,40
21169,328,2.16,163,1.76,30
21171,425,2.99,234,2.57,14
21173,383,1.39,113,1.02,20
21175,1020,2.64,354,2.07,40
21177,561,2.36,145,1.62,30
21179,283,1.41,103,1.04,38
21181,317,1.3,116,1,30
21183,312,1.83,105,1.26,40
21185,292,1.2,80.6,0.902,30
21187,244,1.34,98.7,1.02,30
21189,1060,2.65,377,2.15,20
21191,212,1.14,97.8,0.883,40
21193,1170,2.61,433,2.19,10
21195,1170,2.61,433,2.19,10
21197,734,2.51,222,1.84,20
21199,518,1.98,187,1.57,30
21201,317,1.3,116,1,30
21203,489,1.97,178,1.52,40
21205,800,2.02,258,1.61,48
21207,408,1.73,157,1.37,30
21209,258,1.34,103,1.04,30
21211,272,1.19,80.8,0.891,56
21213,377,2.4,125,1.6,10
21215,291,1.24,85.1,0.935,50
21217,261,1.35,85.2,0.942,40
21219,1080,3.92,241,2.66,10
21221,1080,3.92,241,2.66,10
21223,292,1.2,80.6,0.902,30
21225,291,1.52,93.7,1.06,20
21227,149,1.25,62.2,0.909,24
21229,283,1.41,104,1.04,40
21231,628,2.54,266,2.1,10
21233,291,1.52,93.7,1.06,20
21235,407,1.72,139,1.27,19
21237,694,2.51,210,1.78,20
21239,219,1.01,81.6,0.769,26
22001,949,2.42,174,1.75,31
22003,998,2.81,212,1.84,41
22005,1420,3.14,210,2.24,21
22007,1770,2.3,201,1.68,21
22009,941,2.44,175,1.77,30
22011,1030,2.76,212,1.85,31
22013,1460,2.59,294,1.88,20
22015,1460,2.59,294,1.88,20
22017,1160,2.61,375,2.2,20
22019,998,2.81,212,1.84,41
22021,1540,2.16,202,1.53,10
22023,1180,2.59,189,1.73,31
22025,1020,2.16,177,1.63,20
22027,1540,2.16,202,1.53,10
22029,1540,2.16,202,1.53,10
22031,840,2.47,287,2.04,30
22033,1420,3.14,210,2.24,21
22035,1370,2.11,194,1.55,20
22037,1420,3.14,210,2.24,21
22039,596,3.29,202,2.16,30
22041,1370,2.11,194,1.55,20
22043,1160,2.49,257,1.86,30
22045,949,2.42,174,1.75,31
22047,1340,1.96,198,1.49,21
22049,1540,2.16,202,1.53,10
22051,1540,2.16,202,1.53,10
22053,998,2.81,212,1.84,41
22055,500,1.46,79.5,0.983,31
22057,1780,2.28,203,1.68,20
22059,1020,2.16,177,1.63,20
22061,1040,2.17,202,1.53,20
22063,1420,3.14,210,2.24,21
22065,1370,2.11,194,1.55,20
22067,1370,2.11,194,1.55,20
22069,1160,2.49,257,1.86,30
22071,1190,1.95,165,1.52,17
22073,1540,2.16,202,1.53,10
22075,1540,2.16,202,1.53,10
22077,942,1.98,178,1.59,30
22079,1020,2.79,213,1.87,30
22081,1160,2.49,257,1.86,30
22083,1370,2.11,194,1.55,20
22085,1160,2.49,257,1.86,30
22087,1540,2.15,199,1.53,11
22089,1540,2.16,202,1.53,10
22091,1420,3.14,210,2.24,21
22093,1540,2.16,202,1.53,10
22095,1540,2.16,202,1.53,10
22097,949,2.42,174,1.75,31
22099,1120,2.45,177,1.79,41
22101,915,2.32,156,1.91,20
22103,1120,2.77,237,2.07,31
22105,1370,3.38,255,2.46,31
22107,1370,2.11,194,1.55,20
22109,1780,2.28,203,1.68,20
22111,1540,2.16,202,1.53,10
22113,925,2.48,176,1.74,41
22115,1150,2.86,271,1.99,40
22117,1120,2.77,237,2.07,31
22119,1460,2.59,294,1.88,20
22121,1340,1.96,198,1.49,21
22123,1370,2.11,194,1.55,20
22125,1420,3.14,210,2.24,21
22127,1460,2.59,294,1.88,20
23001,1130,2.69,202,1.8,10
23003,1210,3.91,398,2.87,20
23005,1130,2.69,202,1.8,10
23007,1130,2.69,202,1.8,10
23009,1160,2.95,257,2.05,20
23011,1130,2.69,202,1.8,10
23013,1130,2.69,202,1.8,10
23015,1130,2.69,202,1.8,10
23017,1130,2.69,202,1.8,10
23019,1160,3.19,282,2.24,30
23021,1160,2.95,257,2.05,20
23023,1130,2.69,202,1.8,10
23025,1130,2.69,202,1.8,10
23027,1160,2.95,257,2.05,20
23029,1210,3.91,398,2.87,20
23031,1130,2.69,202,1.8,10
24001,199,1.09,134,0.953,10
24003,177,1.01,80.9,0.809,10
24005,177,1.01,80.9,0.809,10
24009,193,1.14,92.6,0.924,20
24011,146,1.17,88.7,0.999,20
24013,182,1.03,92.3,0.84,20
24015,146,1.17,88.7,0.999,20
24017,246,1.6,133,1.32,10
24019,146,1.17,88.7,0.999,20
24021,199,1.09,134,0.953,10
24023,199,1.09,134,0.953,10
24025,173,1.02,80.7,0.822,20
24027,182,1.03,92.3,0.84,20
24029,146,1.17,88.7,0.999,20
24031,132,0.908,76.2,0.776,30
24033,137,0.954,76.5,0.81,30
24035,146,1.17,88.7,0.999,20
24037,246,1.6,133,1.32,10
24039,145,1.16,88,0.99,29
24041,111,0.956,85.6,0.968,30
24043,199,1.09,134,0.953,10
24045,146,1.17,88.7,0.999,20
24047,146,1.18,88.9,1.01,21
24510,177,1.01,80.9,0.809,10
25001,316,1.12,96.3,0.792,24
25003,311,1.09,102,0.845,20
25005,272,1.3,95.2,1.01,49
25007,306,1.06,75.4,0.681,10
25009,301,1.11,122,0.914,23
25011,311,1.09,102,0.845,20
25013,264,1.09,97.3,0.891,50
25015,306,1.08,100,0.835,24
25017,269,1.07,87.9,0.762,56
25019,266,0.986,50.7,0.446,10
25021,281,1.03,93.9,0.761,44
25023,305,1.09,97.2,0.787,28
25025,314,1.11,99.3,0.801,20
25027,290,1.22,116,0.935,35
26001,553,1.44,187,1.02,30
26003,433,1.7,171,1.22,30
26005,461,1.36,186,1.04,40
26007,448,1.6,173,1.08,24
26009,578,1.49,192,1.08,20
26011,573,1.34,192,0.99,10
26013,460,1.83,184,1.32,21
26015,567,1.49,190,1.09,30
26017,550,1.25,161,0.918,26
26019,501,1.27,172,0.944,20
26021,521,1.8,284,1.48,21
26023,539,1.32,180,0.944,22
26025,573,1.34,192,0.99,10
26027,529,1.83,289,1.5,20
26029,578,1.49,192,1.08,20
26031,601,1.56,198,1.11,30
26033,803,3.11,288,2.25,10
26035,567,1.49,190,1.09,30
26037,345,1.21,131,0.936,30
26039,578,1.49,192,1.08,20
26041,626,1.75,192,1.39,49
26043,433,1.7,171,1.22,30
26045,345,1.21,131,0.936,30
26047,601,1.56,198,1.11,30
26049,625,1.32,173,0.975,20
26051,573,1.34,192,0.99,10
26053,408,1.67,188,1.3,21
26055,459,1.3,161,0.967,38
26057,621,1.33,173,0.979,30
26059,545,1.38,189,0.99,14
26061,460,1.83,184,1.32,21
26063,642,1.32,168,0.971,11
26065,527,1.28,155,0.958,40
26067,560,1.36,190,1.01,20
26069,573,1.34,192,0.99,10
26071,457,1.82,182,1.31,20
26073,620,1.37,180,0.997,24
26075,560,1.36,190,1.01,20
26077,553,1.57,237,1.23,30
26079,514,1.41,175,1.03,30
26081,574,1.48,190,1.07,21
26083,414,1.87,173,1.34,11
26085,578,1.49,192,1.08,20
26087,625,1.32,173,0.975,20
26089,441,1.17,157,0.889,28
26091,620,1.35,178,1,30
26093,625,1.32,173,0.975,20
26095,803,3.11,288,2.25,10
26097,804,2.84,279,1.99,20
26099,642,1.32,168,0.97,10
26101,514,1.41,175,1.03,30
26103,221,1.19,91.7,0.784,40
26105,578,1.49,192,1.08,20
26107,567,1.49,190,1.09,30
26109,419,1.63,165,1.17,32
26111,638,1.34,173,0.981,19
26113,578,1.49,192,1.08,20
26115,620,1.35,178,1,30
26117,637,1.39,173,1.01,39
26119,560,1.55,187,1.09,40
26121,578,1.49,192,1.08,20
26123,578,1.49,192,1.08,20
26125,625,1.32,173,0.975,20
26127,578,1.49,192,1.08,20
26129,573,1.34,192,0.99,10
26131,409,1.75,180,1.31,31
26133,567,1.49,190,1.09,30
26135,601,1.56,198,1.11,30
26137,601,1.56,198,1.11,30
26139,343,1.2,111,0.745,50
26141,553,1.44,187,1.02,30
26143,573,1.34,192,0.99,10
26145,621,1.33,173,0.979,30
26147,640,1.32,169,0.97,11
26149,539,1.55,232,1.2,33
26151,642,1.32,168,0.971,11
26153,615,2.46,229,1.77,30
26155,625,1.32,173,0.975,20
26157,625,1.33,174,0.976,21
26159,553,1.57,237,1.23,30
26161,625,1.32,173,0.975,20
26163,577,1.2,168,0.97,20
26165,514,1.41,175,1.03,30
27001,381,1.92,128,1.27,40
27003,116,0.825,60.3,0.625,27
27005,217,1.67,109,1.21,50
27007,231,1.52,121,1.21,32
27009,198,1.14,92.3,0.928,30
27011,170,1.32,96.3,1.18,21
27013,160,1.04,85.3,0.854,50
27015,156,0.97,88.1,0.862,32
27017,489,1.99,150,1.43,20
27019,113,0.82,76.1,0.781,44
27021,370,1.6,114,1.16,60
27023,199,1.1,89.3,0.899,47
27025,126,0.851,63.6,0.661,30
27027,135,1.25,101,0.992,60
27029,232,1.86,139,1.54,45
27031,326,1.57,120,1.24,11
27033,193,1.67,103,1.09,36
27035,335,1.52,102,1.02,31
27037,97.5,0.754,53.4,0.595,34
27039,178,1.08,85.2,0.845,46
27041,143,0.971,88.9,0.897,65
27043,172,1.05,88.9,0.861,55
27045,178,1.16,74.6,0.798,30
27047,175,1.05,86.8,0.843,35
27049,101,0.739,53.3,0.579,35
27051,227,1.67,95.9,1.09,30
27053,101,0.775,54.6,0.59,56
27055,167,1.04,88.8,0.856,20
27057,273,1.67,115,1.3,41
27059,81.6,0.662,37.6,0.457,20
27061,393,1.81,144,1.37,35
27063,308,1.44,110,1.15,25
27065,133,0.997,64,0.756,10
27067,138,0.999,78.1,0.826,72
27069,127,1.61,95.8,1.36,15
27071,447,1.95,151,1.41,34
27073,193,1.06,89.5,0.894,30
27075,472,2,158,1.44,26
27077,164,1.35,158,1.28,6
27079,150,0.986,83.8,0.834,51
27081,205,1.1,91.2,0.923,50
27083,165,0.892,74.6,0.749,52
27085,137,0.93,76.3,0.778,38
27087,228,1.68,151,1.52,25
27089,131,1.44,102,1.25,22
27091,221,1.42,103,1.15,20
27093,145,0.969,79.6,0.804,35
27095,235,1.53,89.8,0.99,25
27097,255,1.15,85.5,0.873,45
27099,132,0.842,81.8,0.811,54
27101,187,1.11,92.7,0.916,52
27103,167,1.02,90.7,0.865,31
27105,156,0.926,92.2,0.907,46
27107,165,1.06,89.9,0.89,25
27109,111,0.962,54.1,0.719,55
27111,272,1.57,107,1.15,47
27113,124,1.28,94.9,1.17,15
27115,267,1.34,106,1.03,40
27117,186,1.09,92,0.901,30
27119,172,1.16,97.2,0.97,55
27121,170,1.08,89.7,0.904,50
27123,121,0.807,61.5,0.627,25
27125,178,1.31,97.9,1.14,20
27127,202,1.07,89.9,0.894,57
27129,192,1.06,90.4,0.9,49
27131,99.3,0.758,53.7,0.596,44
27133,179,1.07,89.3,0.888,31
27135,131,1.26,109,1.23,20
27137,455,2.01,157,1.48,30
27139,77,0.634,44.3,0.516,44
27141,111,0.774,56.8,0.599,54
27143,157,1.04,87.5,0.871,45
27145,175,1.07,83.8,0.863,70
27147,152,0.985,66.5,0.704,42
27149,194,1.31,88.6,1.09,30
27151,384,1.47,89.4,1.15,35
27153,230,1.19,91.3,0.908,72
27155,116,1.3,89.5,1.2,10
27157,175,1.07,87.3,0.86,26
27159,303,1.78,116,1.27,37
27161,150,1.03,81.6,0.846,35
27163,123,0.829,61.8,0.641,35
27165,173,1.07,90.5,0.885,35
27167,182,1.19,92.8,0.92,30
27169,171,1.06,87.2,0.859,30
27171,125,0.845,73.5,0.744,50
27173,193,1.07,90,0.901,35
28001,1180,2.18,507,1.59,20
28003,221,1.24,64.2,1.12,10
28005,1240,2.18,507,1.59,30
28007,720,3.11,283,2.43,40
28011,819,2.89,300,2.26,20
28013,659,2.57,243,1.68,18
28015,673,2.56,300,2.26,27
28017,524,3.75,180,1.93,8
28019,615,2.63,240,2.07,30
28021,1180,2.18,507,1.59,20
28023,358,1.78,135,1.39,30
28025,531,2.18,211,1.65,20
28027,722,2.18,264,1.59,10
28029,1100,2.85,444,2.07,30
28031,567,2.33,207,1.77,50
28033,468,2.33,213,1.87,20
28035,503,2.39,183,1.83,40
28037,1240,2.18,507,1.59,30
28039,481,1.72,125,1.37,30
28041,510,1.31,115,0.951,20
28043,819,2.89,300,2.26,20
28045,567,1.75,72.2,1.16,20
28047,585,1.75,88.4,1.16,30
28049,1180,2.18,507,1.59,20
28051,819,2.89,300,2.26,20
28053,859,2.89,300,2.26,25
28055,774,2.18,266,1.59,15
28059,481,1.72,125,1.37,30
28061,522,2.39,187,1.79,40
28063,1180,2.18,507,1.59,20
28065,597,2.35,208,1.76,40
28067,363,1.68,128,1.3,20
28069,304,2.88,209,2.36,10
28071,289,1.67,162,1.43,15
28073,337,1.72,110,1.37,20
28075,327,1.52,94.9,1.14,20
28077,844,2.78,260,2.09,40
28079,562,2.1,202,1.55,30
28083,709,2.56,300,2.26,32
28085,1240,2.18,507,1.59,30
28087,218,1.59,84.3,1.11,19
28089,722,2.18,264,1.59,10
28091,337,1.72,110,1.37,20
28093,292,1.96,165,1.68,20
28095,256,2.17,135,1.73,10
28097,819,2.89,300,2.26,20
28099,327,1.52,94.9,1.14,20
28101,575,2.71,205,1.99,40
28103,263,2.28,146,1.82,20
28105,131,1.43,82.9,1.08,20
28107,677,2.44,280,1.87,14
28109,544,1.88,82.6,1.4,30
28111,468,1.87,140,1.5,40
28113,952,2.18,264,1.59,20
28115,229,1.24,126,1.04,10
28119,722,2.18,264,1.59,10
28121,745,3.06,278,2.26,30
28123,634,2.52,224,1.85,40
28125,774,2.18,266,1.59,15
28127,797,2.85,283,2.07,20
28129,640,2.32,214,1.68,30
28131,481,1.72,125,1.37,30
28133,859,2.89,300,2.26,25
28135,766,2.99,307,2.38,24
28137,664,2.66,279,2.04,24
28143,722,2.18,264,1.59,10
28145,229,1.24,126,1.04,10
28147,821,2.28,237,1.77,30
28149,774,2.18,266,1.59,15
28151,859,2.89,300,2.26,25
28153,479,1.78,138,1.39,40
28155,595,2.79,230,2.03,38
28157,1180,2.18,507,1.59,20
28159,304,2.88,209,2.36,10
28161,677,2.44,280,1.87,14
28163,722,2.18,264,1.59,10
29001,212,0.978,90.5,0.733,21
29003,236,1.48,109,1.1,10
29005,236,1.48,109,1.1,10
29007,191,0.953,84.3,0.714,30
29009,157,1.23,101,1.06,29
29011,201,1.36,115,1.11,24
29013,304,1.46,102,1.05,30
29015,215,1.34,119,1.06,50
29017,287,1.15,141,0.903,40
29019,295,0.835,56.2,0.653,40
29021,204,1.4,96.6,1.03,20
29023,166,0.891,91.9,0.728,25
29025,198,0.986,86.6,0.737,30
29027,183,0.94,78.4,0.676,35
29029,212,1.23,105,0.983,38
29031,267,1.17,141,0.903,45
29033,297,1.41,95.7,1.02,30
29037,282,1.38,95.9,0.999,42
29039,199,1.32,117,1.09,32
29041,274,1.2,90.7,0.862,36
29043,138,1.25,95.9,1.08,24
29045,219,0.976,91.5,0.73,12
29047,262,1.26,92.5,0.911,40
29049,210,1.14,93.4,0.849,40
29051,203,0.984,95.4,0.764,30
29053,211,0.985,91.7,0.743,20
29055,262,1.23,123,0.962,30
29057,199,1.32,117,1.09,32
29059,177,1.48,122,1.32,37
29061,220,1.13,96.6,0.851,35
29063,210,1.14,93.4,0.849,40
29065,474,1.99,271,1.67,30
29067,114,1.23,89.9,1.12,9
29069,220,0.972,91.9,0.727,10
29071,245,1.11,118,0.877,30
29073,249,1.19,122,0.949,41
29075,224,1.15,97.3,0.86,25
29077,108,0.738,81.6,0.895,37
29079,217,1.42,107,1.1,18
29081,231,1.46,106,1.08,18
29083,247,1.51,125,1.14,22
29085,169,1.2,124,1.09,20
29087,236,1.48,109,1.1,10
29089,260,1.17,86.7,0.843,30
29093,279,0.972,132,0.727,20
29095,225,1.05,53.1,0.587,37
29097,121,1.24,82.6,1.04,22
29099,247,1.13,112,0.882,30
29101,298,1.44,101,1.05,37
29103,214,0.976,91.5,0.73,18
29105,192,1.7,127,1.49,27
29107,295,1.43,95,1.03,28
29109,143,1.13,102,1.01,19
29111,220,0.972,91.9,0.727,10
29113,208,1.08,102,0.841,30
29115,206,0.967,89.7,0.727,32
29117,258,1.24,91.1,0.892,50
29119,175,1.34,113,1.16,20
29121,201,1.02,85.8,0.778,26
29123,279,0.972,132,0.727,20
29125,220,1.09,105,0.856,30
29127,217,1.06,83.8,0.786,20
29129,232,1.48,107,1.1,15
29131,203,0.984,95.4,0.764,30
29133,256,1.14,117,0.89,20
29135,203,0.984,95.4,0.764,30
29137,188,0.953,84.4,0.714,36
29139,208,1.08,102,0.841,30
29141,211,0.985,91.7,0.743,20
29143,230,1.02,117,0.89,28
29145,161,1.24,117,1.13,10
29147,236,1.48,109,1.1,10
29149,175,2.12,171,1.98,5
29151,210,0.973,96.1,0.753,20
29155,220,0.972,91.9,0.727,10
29157,214,0.992,90.9,0.751,20
29159,258,1.25,95.3,0.915,57
29161,204,1.2,110,0.911,40
29163,208,1.08,102,0.841,30
29165,285,1.42,92.8,1.01,30
29167,169,1.2,124,1.09,20
29169,229,1.34,110,1.07,31
29171,73.2,1.41,38.9,1.18,11
29173,216,1.06,84.5,0.786,30
29175,257,1.17,86.7,0.843,36
29177,210,1.14,93.4,0.849,40
29179,279,0.972,132,0.727,20
29181,175,2.12,171,1.98,5
29183,209,1.08,102,0.842,20
29185,206,1.35,123,1.11,40
29186,214,0.992,90.9,0.751,20
29187,214,0.992,90.9,0.751,20
29189,220,0.972,91.9,0.727,10
29195,251,1.16,89.5,0.858,45
29197,217,0.978,90.6,0.733,15
29199,217,0.978,90.6,0.733,15
29201,230,1.02,117,0.89,28
29203,457,1.85,265,1.53,20
29205,83.5,,91.9,,6
29207,256,1.14,117,0.89,20
29209,175,1.34,113,1.16,20
29211,209,0.987,89.2,0.739,27
29213,175,1.34,113,1.16,20
29215,285,1.85,161,1.53,10
29217,247,1.51,125,1.14,24
29219,209,1.08,102,0.842,20
29221,259,1.13,117,0.874,20
29223,647,,380,,10
29225,191,1.69,127,1.48,28
29227,236,1.48,109,1.1,10
29229,218,1.89,135,1.63,29
29510,185,0.88,82.8,0.67,15
30001,156,1.23,117,1.11,10
30003,158,1.25,120,1.14,15
30005,169,1.23,125,1.11,19
30007,156,1.23,117,1.11,10
30009,319,1.71,153,1.36,20
30011,316,2.04,176,1.26,11
30013,168,1.23,124,1.11,25
30015,168,1.23,124,1.11,25
30017,240,1.94,284,2.49,16
30019,228,1.88,177,1.39,10
30021,347,1.73,173,1.12,17
30023,156,1.23,117,1.11,10
30025,234,1.88,310,1.39,11
30027,168,1.23,125,1.11,20
30029,500,2.13,200,1.57,15
30031,149,1.16,112,1.05,17
30035,166,1.13,120,1.02,1
30037,168,1.23,125,1.11,20
30039,223,1.39,150,1.24,20
30041,156,1.23,117,1.11,10
30043,156,1.23,117,1.11,10
30045,168,1.23,124,1.11,25
30047,438,2.06,197,1.6,21
30049,157,1.23,116,1.11,15
30051,157,1.23,116,1.11,15
30053,475,2.13,204,1.57,22
30055,228,1.88,177,1.39,10
30057,156,1.23,117,1.11,10
30059,168,1.23,125,1.11,20
30061,223,1.39,150,1.24,20
30063,235,1.54,165,1.38,25
30065,168,1.23,125,1.11,20
30067,319,1.71,153,1.36,20
30069,422,,293,,10
30071,156,1.23,117,1.11,10
30073,157,1.23,116,1.11,15
30075,316,2.04,176,1.26,11
30077,223,1.39,150,1.24,20
30079,228,1.88,177,1.39,10
30081,235,1.54,165,1.38,25
30083,347,1.73,173,1.12,17
30085,347,1.73,173,1.12,17
30087,172,1.38,121,1.15,25
30089,317,1.71,157,1.36,27
30091,228,1.88,177,1.39,10
30093,156,1.23,117,1.11,10
30095,168,1.23,125,1.11,20
30097,168,1.23,125,1.11,20
30099,157,1.23,116,1.11,15
30101,174,,84.1,,5
30103,408,2.44,291,2.43,16
30105,156,1.23,117,1.11,10
30107,168,1.23,125,1.11,20
30109,228,1.88,177,1.39,10
30111,207,1.84,172,1.77,21
31001,88.6,0.473,27.2,0.187,11
31003,119,0.858,65.7,0.624,25
31007,340,1.92,179,1.02,5
31009,86.1,0.79,77.1,0.63,2
31011,94.1,0.635,58.9,0.343,30
31013,154,1.03,100,0.878,15
31015,107,0.806,65.1,0.673,10
31017,108,0.812,65.3,0.671,12
31019,132,0.812,71.7,0.671,22
31021,296,0.929,72.4,0.623,20
31023,141,1.41,91.1,0.734,5
31025,296,0.929,72.4,0.623,20
31027,107,0.806,65.1,0.673,10
31029,185,0.933,85,0.67,19
31031,154,1.03,100,0.876,17
31035,84.6,0.458,38.3,0.271,21
31037,270,0.88,69.9,0.534,35
31039,66.8,0.796,58,0.739,5
31041,134,0.79,90.7,0.63,9
31043,107,0.806,65.1,0.673,10
31045,154,1.03,100,0.878,15
31047,144,0.79,83.4,0.63,12
31049,107,0.806,65.1,0.673,10
31053,225,0.855,48.1,0.42,20
31055,312,0.94,75.3,0.619,10
31057,201,1.15,87.8,0.766,9
31059,124,0.767,81.3,0.66,25
31063,163,1.15,77.6,0.766,24
31065,251,,,,5
31067,197,1.39,152,1.29,20
31069,107,0.806,65.1,0.673,10
31071,86.1,0.79,77.1,0.63,2
31073,153,,84.1,,15
31075,86.1,0.79,77.1,0.63,2
31077,198,,156,,10
31079,43.1,0.819,19.7,0.471,20
31081,129,0.804,84.3,0.671,30
31083,251,,,,5
31085,185,0.933,85,0.67,19
31087,201,1.15,87.8,0.766,9
31089,119,0.858,65.7,0.624,25
31091,86.1,0.79,77.1,0.63,2
31093,107,0.806,65.1,0.673,10
31095,246,1.7,200,1.63,10
31097,296,0.927,72.4,0.623,21
31101,135,0.819,71.9,0.652,20
31107,102,0.754,65.1,0.673,15
31109,101,0.588,32.9,0.4,40
31111,142,0.825,75.3,0.653,32
31113,86.1,0.79,77.1,0.63,2
31115,86.1,0.79,77.1,0.63,2
31117,86.1,0.79,77.1,0.63,2
31119,75.4,0.693,40.2,0.453,35
31121,34.8,0.818,14.1,0.436,15
31123,107,0.806,65.1,0.673,10
31125,83.8,0.542,60.5,0.31,25
31127,296,0.927,72.4,0.623,21
31129,116,0.656,61.2,0.513,5
31131,296,0.929,72.4,0.623,20
31133,296,0.929,72.4,0.623,20
31135,135,0.819,71.9,0.652,20
31137,251,,,,5
31139,119,0.858,65.7,0.624,25
31141,94.1,0.635,58.9,0.343,30
31143,141,1.41,91.1,0.734,5
31145,149,0.883,70.9,0.693,24
31147,296,0.927,72.4,0.623,21
31149,107,0.806,65.1,0.673,10
31151,246,1.7,200,1.63,10
31153,312,0.94,75.3,0.619,10
31155,312,0.94,75.3,0.619,10
31157,116,0.83,69.3,0.681,15
31159,168,1.15,127,1.07,28
31161,154,1.03,100,0.878,15
31163,114,0.812,75.3,0.671,19
31165,158,1.04,102,0.877,20
31167,149,1.07,66.4,0.566,15
31169,233,1.64,189,1.57,15
31171,86.1,0.79,77.1,0.63,2
31173,107,0.806,65.1,0.673,10
31175,86.1,0.79,77.1,0.63,2
31177,312,0.94,75.3,0.619,10
31179,66.8,0.796,58,0.739,5
31181,116,0.656,61.2,0.513,5
31183,183,1.1,118,0.535,20
31185,125,0.804,83.5,0.669,25
32001,261,1.7,148,1.34,10
32003,72.4,0.597,44.2,0.475,31
32005,261,1.7,148,1.34,10
32007,261,1.7,148,1.34,10
32009,230,1.62,125,1.21,20
32011,261,1.7,148,1.34,10
32013,261,1.7,148,1.34,10
32015,261,1.7,148,1.34,10
32019,261,1.7,148,1.34,10
32021,261,1.7,148,1.34,10
32023,75.8,0.638,50.1,0.523,30
32027,261,1.7,148,1.34,10
32029,261,1.7,148,1.34,10
32031,261,1.7,148,1.34,10
32510,261,1.7,148,1.34,10
33001,566,1.83,139,1.16,20
33003,566,1.83,139,1.16,20
33005,534,1.77,136,1.14,30
33007,566,1.83,139,1.16,20
33009,534,1.77,136,1.14,30
33011,434,1.45,103,0.925,20
33013,475,1.76,124,1.15,30
33015,461,1.72,124,1.14,40
33017,566,1.83,139,1.16,20
33019,534,1.77,136,1.14,30
34001,303,1.13,68.8,0.831,10
34003,152,0.805,52.5,0.683,20
34005,293,1.16,86,0.925,30
34007,175,0.879,51.4,0.705,20
34009,303,1.13,68.8,0.831,10
34011,303,1.13,68.8,0.831,10
34013,290,1.16,90.8,0.951,20
34015,175,0.879,51.4,0.705,20
34017,112,0.76,43.1,0.645,10
34019,347,1.44,128,1.18,17
34021,290,1.16,90.8,0.951,20
34023,290,1.16,90.8,0.951,20
34025,290,1.16,90.8,0.951,20
34027,287,1.16,90.8,0.951,23
34029,463,1.54,128,1.2,20
34031,300,1.16,92.7,0.948,30
34033,175,0.879,51.4,0.705,20
34035,290,1.16,90.8,0.951,20
34037,345,1.37,123,1.13,27
34039,290,1.16,90.8,0.951,20
34041,347,1.44,128,1.18,17
35001,159,1.11,108,0.906,30
35003,127,0.968,94.7,0.841,14
35005,210,1.7,146,1.42,40
35006,139,1.01,100,0.868,20
35007,503,1.79,153,1.19,6
35009,166,1.28,117,1.09,23
35011,369,2.42,208,1.67,20
35013,121,1.05,98.9,0.96,20
35015,188,1.62,138,1.41,32
35017,127,0.968,95,0.841,10
35019,371,2.42,243,1.67,25
35021,190,1.92,143,1.73,10
35023,127,0.968,95,0.841,10
35025,187,1.62,137,1.41,30
35027,151,1.08,105,0.883,20
35028,98.1,0.946,85.5,0.848,16
35029,121,1.05,98.8,0.96,24
35031,230,1.65,167,1.39,40
35033,351,,307,,5
35035,133,1.11,105,0.996,32
35037,165,1.31,120,1.13,20
35039,258,1.49,353,2.04,27
35041,165,1.31,120,1.13,20
35043,238,1.46,167,1.19,40
35045,181,1.38,171,1.39,40
35047,162,1.13,115,0.932,35
35049,247,1.45,176,1.18,35
35051,114,1.14,104,1.1,14
35053,392,2.29,185,1.39,17
35055,503,1.79,153,1.19,6
35057,151,1.08,105,0.883,20
35059,127,0.968,95,0.841,10
35061,159,1.11,108,0.906,30
36001,406,1.57,158,1.18,20
36003,338,1.32,116,0.978,30
36005,77,0.164,19.6,0.129,10
36007,519,1.96,163,1.33,10
36009,388,1.58,147,1.16,25
36011,380,1.57,146,1.15,20
36013,372,1.54,147,1.16,27
36015,519,1.96,163,1.33,10
36017,381,1.57,147,1.15,22
36019,380,1.57,146,1.15,20
36021,428,1.64,159,1.21,30
36023,380,1.57,146,1.15,20
36025,524,1.96,167,1.33,11
36027,444,1.69,161,1.23,27
36029,380,1.57,146,1.15,20
36031,380,1.57,146,1.15,20
36033,380,1.57,146,1.15,20
36035,312,1.38,138,1.06,10
36037,299,1.18,106,0.902,20
36039,444,1.69,161,1.23,27
36041,380,1.57,146,1.15,20
36043,380,1.57,146,1.15,20
36045,312,1.38,138,1.06,10
36047,77,0.164,19.6,0.129,10
36049,380,1.57,146,1.15,20
36051,338,1.32,116,0.978,30
36053,380,1.57,146,1.15,20
36055,261,1.08,93.1,0.81,30
36057,312,1.38,138,1.06,10
36059,97.3,0.915,61.7,0.792,25
36061,77,0.164,19.6,0.129,10
36063,380,1.57,146,1.15,20
36065,380,1.57,146,1.15,20
36067,380,1.57,146,1.15,20
36069,338,1.32,116,0.978,30
36071,403,1.57,139,1.16,30
36073,380,1.57,146,1.15,20
36075,312,1.38,138,1.06,10
36077,382,1.57,147,1.15,21
36079,501,1.81,173,1.3,20
36081,86.2,0.465,36.6,0.395,20
36083,380,1.57,146,1.15,20
36085,77,0.164,19.6,0.129,10
36087,321,1.36,110,1.04,10
36089,262,1.3,118,1.02,20
36091,380,1.57,146,1.15,20
36093,312,1.38,138,1.06,10
36095,382,1.57,147,1.15,21
36097,535,1.96,167,1.35,15
36099,421,1.72,148,1.21,17
36101,535,1.96,167,1.35,15
36103,100,0.929,62.8,0.805,10
36105,362,1.49,121,1.1,20
36107,519,1.96,163,1.33,10
36109,519,1.96,163,1.33,10
36111,501,1.81,173,1.3,20
36113,312,1.38,138,1.06,10
36115,380,1.57,146,1.15,20
36117,327,1.31,111,0.964,27
36119,91.9,0.224,24.4,0.17,20
36121,338,1.32,116,0.978,30
36123,519,1.96,163,1.33,10
37001,652,1.74,161,1.24,40
37003,548,1.54,152,1.13,30
37005,747,1.55,76,1.04,10
37007,689,1.73,165,1.24,30
37009,747,1.55,76,1.04,10
37011,833,1.77,139,1.26,29
37013,827,1.96,153,1.38,40
37015,247,1.45,129,1.16,30
37017,771,1.61,89.3,0.944,40
37019,739,1.59,93.1,0.95,27
37021,705,1.79,184,1.34,37
37023,486,1.46,155,1.07,39
37025,324,1.35,118,1.01,47
37027,563,1.52,147,1.1,41
37029,235,1.36,114,1.06,20
37031,914,1.89,142,1.27,12
37033,680,1.68,163,1.2,30
37035,522,1.49,155,1.11,35
37037,649,1.74,165,1.24,50
37039,539,1.54,176,1.16,10
37041,242,1.42,122,1.11,30
37043,539,1.54,176,1.16,10
37045,540,1.49,158,1.1,25
37047,810,1.61,92,0.944,30
37049,724,1.75,119,1.15,42
37051,586,1.55,82.3,0.914,45
37053,235,1.36,114,1.06,20
37055,644,2.74,206,1.66,25
37057,391,1.57,137,1.08,40
37059,509,1.54,167,1.15,20
37061,712,1.6,135,1.27,37
37063,639,1.68,156,1.2,40
37065,546,1.7,108,1.21,50
37067,467,1.61,157,1.16,40
37069,803,1.86,132,1.27,20
37071,429,1.38,148,1.07,40
37073,256,1.44,126,1.13,20
37075,539,1.54,176,1.16,10
37077,617,1.66,154,1.2,50
37079,811,1.74,127,1.17,20
37081,607,1.67,154,1.2,40
37083,755,1.79,144,1.27,44
37085,821,1.91,140,1.29,30
37087,1080,2.31,195,1.63,20
37089,692,1.67,165,1.2,20
37091,256,1.44,126,1.13,20
37093,943,1.93,134,1.28,20
37095,547,2.19,175,1.68,20
37097,416,1.39,166,1.14,30
37099,758,1.84,184,1.34,30
37101,667,1.72,111,1.18,48
37103,698,1.63,108,1.02,39
37105,907,1.91,159,1.29,20
37107,584,1.43,131,1.19,36
37109,532,1.51,160,1.11,30
37111,665,1.62,159,1.17,36
37113,653,1.81,203,1.37,20
37115,914,2.13,195,1.63,27
37117,234,1.43,133,1.17,24
37119,395,1.41,142,1.05,41
37121,769,1.68,136,1.19,27
37123,732,2.01,140,1.36,40
37125,817,2.08,145,1.37,50
37127,498,1.7,107,1.21,64
37129,961,1.91,145,1.29,10
37131,256,1.44,126,1.13,20
37133,703,1.61,132,1.26,32
37135,680,1.68,163,1.2,30
37137,960,2.09,160,1.45,20
37139,235,1.36,114,1.06,20
37141,720,1.61,134,1.27,30
37143,242,1.42,122,1.11,30
37145,653,1.66,160,1.2,40
37147,276,0.885,66.3,0.688,50
37149,560,1.51,166,1.11,20
37151,588,1.73,156,1.23,60
37153,927,2.04,147,1.37,20
37155,682,1.49,95.3,1,39
37157,509,1.54,167,1.15,20
37159,427,1.44,142,1.05,30
37161,692,1.63,159,1.17,30
37163,868,1.87,125,1.28,37
37165,920,2.02,136,1.33,30
37167,547,1.56,135,1.08,49
37169,511,1.58,166,1.15,30
37171,538,1.59,173,1.15,20
37173,539,1.54,176,1.16,10
37175,653,1.81,203,1.37,20
37177,252,1.37,117,1.07,10
37179,391,1.39,128,0.983,40
37181,803,1.86,132,1.27,20
37183,572,1.58,148,1.13,38
37185,812,1.81,143,1.26,24
37187,547,2.19,175,1.68,20
37189,468,1.2,92.2,0.904,29
37191,792,1.72,128,1.17,27
37193,546,1.57,152,1.13,40
37195,767,1.71,129,1.18,37
37197,511,1.58,166,1.15,30
37199,794,1.78,145,1.29,17
38001,94.7,0.803,78.5,0.949,10
38003,131,1.29,81.1,1.11,37
38005,191,1.89,165,1.81,30
38007,442,1.49,173,1.29,9
38009,111,1.23,90.4,1.56,34
38011,94.7,0.803,78.5,0.949,10
38013,426,0.923,121,1.08,13
38015,85,1.17,72.6,1.63,30
38017,97.8,0.886,62.9,0.753,40
38019,163,1.89,140,1.81,20
38021,131,1.1,60.3,1.01,40
38023,426,0.923,121,1.08,13
38025,213,1.06,173,1.29,18
38027,191,1.89,165,1.81,30
38029,72.5,0.773,51.8,0.689,20
38031,193,2.26,169,2.19,20
38033,213,1.06,173,1.29,18
38035,98.2,0.908,72.3,0.809,30
38037,94.7,0.803,78.5,0.949,10
38039,191,1.89,165,1.81,30
38041,94.7,0.803,78.5,0.949,10
38043,104,1.23,96.8,1.55,40
38045,131,1.1,60.3,1.01,40
38047,169,1.4,128,2.04,30
38049,93.8,0.885,66.3,0.789,34
38051,179,0.966,137,1.27,20
38053,207,1.03,157,1.15,25
38055,289,1.4,75,1.29,33
38057,213,1.06,173,1.29,18
38059,94.7,0.803,78.5,0.949,10
38061,318,1.3,95.4,1.57,33
38063,163,1.89,140,1.81,20
38065,94.7,0.803,78.5,0.949,10
38067,163,1.89,140,1.81,20
38069,153,1.67,119,1.61,34
38071,191,1.89,165,1.81,30
38073,145,1.23,59.7,1.01,30
38075,111,1.23,90.4,1.56,34
38077,146,1.24,60.3,1.01,31
38079,182,2.26,160,2.19,24
38081,145,1.23,59.7,1.01,30
38083,88,1.31,69.2,1.26,30
38085,94.7,0.803,78.5,0.949,10
38087,94.7,0.803,78.5,0.949,10
38089,94.7,0.803,78.5,0.949,10
38091,163,1.89,140,1.81,20
38093,277,2.13,164,1.99,30
38095,193,2.26,169,2.19,20
38097,97.8,0.886,62.9,0.753,40
38099,163,1.89,140,1.81,20
38101,172,0.906,67.9,0.806,43
38103,157,1.67,121,1.61,30
38105,408,0.9,78.5,0.557,20
39001,287,1.42,163,1.19,28
39003,277,1.43,169,1.2,36
39005,291,1.46,150,1.19,54
39007,429,1.38,124,1.05,20
39009,392,1.55,218,1.34,20
39011,262,1.25,137,1.04,53
39013,320,1.59,195,1.35,20
39015,279,1.33,140,1.08,38
39017,198,1.22,106,1.03,40
39019,299,1.47,155,1.2,35
39021,248,1.25,106,0.98,40
39023,244,1.21,110,0.968,38
39025,285,1.41,140,1.12,20
39027,274,1.3,129,1.03,30
39029,285,1.38,146,1.14,25
39031,303,1.46,171,1.23,52
39033,267,1.38,139,1.14,35
39035,310,1.24,138,1.15,30
39037,266,1.33,142,1.06,42
39039,207,1.13,121,0.95,28
39041,247,1.27,120,1.02,77
39043,243,1.34,107,1.05,30
39045,287,1.42,163,1.19,28
39047,281,1.37,136,1.11,38
39049,253,1.43,143,1.2,77
39051,142,0.893,74.4,0.725,23
39053,392,1.55,218,1.34,20
39055,429,1.38,124,1.05,20
39057,245,1.2,110,0.965,30
39059,312,1.52,199,1.33,25
39061,255,1.33,121,1.03,20
39063,273,1.42,170,1.22,35
39065,260,1.27,139,1.05,50
39067,355,1.65,215,1.42,35
39069,204,1.13,119,0.939,38
39071,279,1.33,140,1.08,38
39073,320,1.59,195,1.35,20
39075,292,1.45,151,1.2,35
39077,263,1.38,141,1.14,45
39079,392,1.55,218,1.34,20
39081,341,1.59,201,1.35,25
39083,298,1.49,148,1.2,54
39085,443,1.34,123,0.991,20
39087,392,1.55,218,1.34,20
39089,300,1.5,168,1.24,62
39091,260,1.28,140,1.06,50
39093,422,1.38,126,1.05,35
39095,140,0.897,72.8,0.726,10
39097,267,1.32,131,1.07,56
39099,256,1.34,106,1.06,10
39101,271,1.42,137,1.14,45
39103,400,1.33,123,1.03,40
39105,392,1.55,218,1.34,20
39107,240,1.14,108,0.896,31
39109,210,1.12,99.6,0.935,44
39111,320,1.59,195,1.35,20
39113,253,1.25,117,0.98,40
39115,314,1.51,200,1.32,20
39117,274,1.4,139,1.14,35
39119,299,1.48,170,1.24,52
39121,336,1.65,209,1.42,30
39123,195,1.11,88.6,0.886,31
39125,289,1.43,181,1.23,16
39127,340,1.67,203,1.4,39
39129,276,1.31,143,1.08,37
39131,332,1.49,183,1.25,37
39133,429,1.38,124,1.05,20
39135,256,1.25,118,0.976,31
39137,207,1.15,119,0.953,41
39139,276,1.42,139,1.15,54
39141,309,1.36,157,1.12,46
39143,221,1.2,115,0.987,50
39145,333,1.48,181,1.24,38
39147,222,1.2,116,0.987,53
39149,243,1.14,104,0.893,41
39151,292,1.4,148,1.19,46
39153,372,1.26,120,0.971,55
39155,428,1.39,124,1.05,21
39157,289,1.38,150,1.14,59
39159,262,1.32,128,1.06,65
39161,268,1.27,143,1.05,31
39163,509,1.94,292,1.62,28
39165,258,1.2,118,0.959,20
39167,293,1.42,182,1.24,10
39169,276,1.4,144,1.19,50
39171,141,0.915,73.3,0.734,30
39173,168,0.972,96.5,0.771,50
39175,263,1.37,137,1.13,45
40001,287,1.47,135,1.05,39
40003,866,1.35,133,0.916,19
40005,453,2,196,1.44,50
40007,721,1.98,189,1.56,16
40009,347,1.44,116,1.12,19
40011,847,1.75,161,1.26,40
40013,845,1.81,158,0.999,28
40015,504,2.02,150,1.5,44
40017,887,1.96,162,1.32,40
40019,779,1.78,160,1.26,38
40021,625,1.47,126,1.04,46
40023,425,1.85,134,1.18,32
40025,692,2.25,234,1.87,10
40027,709,1.62,126,1.09,30
40029,661,1.63,142,1.13,38
40031,627,2.3,198,1.77,40
40033,395,1.72,127,1.34,20
40035,375,1.51,110,1.21,21
40037,612,1.46,138,1.11,53
40039,682,2,178,1.47,38
40041,363,1.56,109,1.15,37
40043,787,1.7,141,1.23,44
40045,926,1.38,140,0.931,10
40047,846,1.45,135,0.955,39
40049,825,1.63,152,1.15,28
40051,691,1.96,156,1.42,60
40053,866,1.35,133,0.916,19
40055,403,1.48,113,1.18,15
40057,403,1.48,113,1.18,15
40059,926,1.38,140,0.931,10
40061,682,1.42,129,1.05,29
40063,669,1.5,134,1.11,38
40065,391,1.48,108,1.18,10
40067,682,1.55,134,1.13,30
40069,661,1.63,142,1.13,38
40071,591,1.45,118,1.05,39
40073,957,1.42,131,0.895,20
40075,690,2.14,195,1.69,20
40077,436,1.75,193,1.46,29
40079,668,1.7,168,1.23,55
40081,734,1.56,163,1.14,43
40083,886,1.47,140,0.969,30
40085,926,1.38,140,0.931,10
40087,601,1.68,124,1.2,48
40089,459,1.76,108,1.18,18
40091,643,1.49,141,1.13,40
40093,907,1.4,126,0.885,29
40095,926,1.38,140,0.931,10
40097,381,1.48,111,1.16,27
40099,864,1.49,147,1.04,18
40101,705,1.47,152,1.1,40
40103,784,1.38,142,0.981,29
40105,364,1.81,166,1.57,21
40107,643,1.49,141,1.13,40
40109,455,1.52,85.5,0.925,60
40111,643,1.49,141,1.13,40
40113,338,1.66,139,1.33,43
40115,375,1.51,110,1.21,20
40117,784,1.38,142,0.981,29
40119,512,1.44,92.8,0.817,39
40121,402,1.73,187,1.42,41
40123,683,1.49,131,1.1,28
40125,709,1.62,126,1.09,30
40127,494,1.96,197,1.5,28
40129,316,1.44,115,1.14,18
40131,363,1.89,148,1.63,40
40133,734,1.56,163,1.17,38
40135,766,1.47,139,0.979,34
40137,669,1.72,138,1.19,46
40139,692,2.25,234,1.87,10
40141,395,1.72,127,1.34,20
40143,570,1.6,157,1.3,49
40145,626,1.48,136,1.12,40
40147,364,1.81,166,1.57,21
40149,621,2.06,192,1.6,27
40151,866,1.35,133,0.916,19
40153,926,1.38,140,0.931,10
41001,199,1.62,142,1.26,20
41003,358,1.64,131,1.11,16
41005,514,0.926,103,0.609,15
41007,316,1.58,116,1.06,20
41009,497,0.953,103,0.622,30
41011,302,1.48,115,1.03,30
41013,299,1.53,112,1.03,10
41015,252,1.52,127,0.985,10
41017,275,1.53,118,1.03,19
41019,302,1.48,115,1.03,30
41021,299,1.53,112,1.03,10
41023,198,1.62,143,1.26,25
41025,199,1.62,142,1.26,20
41027,299,1.53,112,1.03,10
41029,299,1.53,112,1.03,10
41031,299,1.53,112,1.03,10
41033,299,1.53,112,1.03,10
41035,275,1.53,118,1.03,19
41037,275,1.53,118,1.03,19
41039,271,0.841,110,0.635,66
41041,352,1.55,131,1.11,26
41043,358,1.64,131,1.11,16
41045,225,1.3,212,1.27,10
41047,464,1.02,104,0.675,36
41049,293,1.54,117,1.06,20
41051,467,1.02,103,0.677,30
41053,464,1.02,104,0.675,36
41055,299,1.53,112,1.03,10
41057,299,1.53,112,1.03,10
41059,288,1.58,124,1.11,30
41061,217,1.69,120,1.24,20
41063,289,1.5,126,1.06,20
41065,229,1.2,88.2,0.821,20
41067,480,0.897,105,0.613,20
41069,159,,159,,5
41071,465,0.896,101,0.591,20
42001,364,1.52,172,1.23,19
42003,175,1.03,115,0.905,29
42005,327,1.62,186,1.33,19
42007,158,0.984,109,0.879,20
42009,327,1.62,186,1.33,19
42011,290,1.23,124,0.966,20
42013,327,1.62,186,1.33,19
42015,233,1.21,120,0.963,21
42017,263,1.11,88.8,0.837,31
42019,314,1.52,165,1.24,28
42021,340,1.93,213,1.63,10
42023,320,1.43,170,1.16,10
42025,191,0.895,79.6,0.673,10
42027,262,1.27,134,1.01,29
42029,263,1.11,88.9,0.838,30
42031,327,1.62,186,1.33,19
42033,340,1.93,213,1.63,10
42035,246,1.09,111,0.839,19
42037,191,0.895,79.6,0.673,10
42039,310,1.58,162,1.29,19
42041,299,1.34,139,1.07,29
42043,290,1.23,124,0.966,20
42045,254,1.07,78.2,0.8,10
42047,321,1.45,171,1.18,12
42049,340,1.93,213,1.63,10
42051,320,1.43,170,1.16,10
42053,340,1.93,213,1.63,10
42055,267,1.39,153,1.16,29
42057,320,1.43,170,1.16,10
42059,320,1.43,170,1.16,10
42061,327,1.62,186,1.33,19
42063,327,1.62,186,1.33,19
42065,327,1.62,186,1.33,19
42067,233,1.2,120,0.963,20
42069,191,0.895,79.6,0.673,10
42071,281,1.2,122,0.957,25
42073,290,1.36,129,1.08,10
42075,297,1.33,136,1.06,27
42077,290,1.23,124,0.966,20
42079,169,0.875,89.7,0.708,20
42081,263,1.27,134,1.01,30
42083,327,1.62,186,1.33,19
42085,290,1.36,129,1.08,10
42087,233,1.2,120,0.963,20
42089,290,1.23,124,0.966,20
42091,263,1.11,88.9,0.838,30
42093,191,0.895,79.6,0.673,10
42095,290,1.23,124,0.966,20
42097,185,0.903,76.3,0.645,20
42099,233,1.2,120,0.963,20
42101,254,1.07,78.2,0.8,10
42103,295,1.25,124,0.949,30
42105,327,1.62,186,1.33,19
42107,191,0.895,79.6,0.673,10
42109,191,0.895,79.6,0.673,10
42111,327,1.62,186,1.33,19
42113,233,1.21,120,0.963,21
42115,233,1.2,120,0.963,20
42117,349,2.12,192,1.51,20
42119,185,0.903,76.3,0.645,20
42121,340,1.93,213,1.63,10
42123,340,1.93,213,1.63,10
42125,320,1.43,170,1.16,10
42127,233,1.2,120,0.963,20
42129,174,1.06,121,0.94,29
42131,202,1.09,115,0.894,30
42133,263,1.11,88.9,0.838,30
44001,336,1.26,64,0.884,10
44003,336,1.26,64,0.884,10
44005,336,1.26,64,0.884,10
44007,336,1.26,64,0.884,10
44009,336,1.26,64,0.884,10
45001,1130,1.78,144,1.22,27
45003,547,1.95,91.8,1.28,28
45005,412,1.64,71.4,0.964,29
45007,1060,1.68,161,1.19,30
45009,660,1.85,160,1.26,23
45011,939,1.78,115,1.2,27
45013,497,1.65,69.5,1,20
45015,460,1.47,70.9,0.881,40
45017,577,2.34,104,1.48,28
45019,548,1.93,107,1.32,20
45021,770,1.42,137,1.05,38
45023,793,1.57,151,1.13,28
45025,806,2.03,150,1.41,30
45027,827,1.88,143,1.31,30
45029,528,1.9,95.5,1.25,25
45031,816,1.93,127,1.28,25
45033,914,1.92,148,1.34,28
45035,552,1.95,111,1.33,35
45037,1130,1.8,147,1.23,27
45039,705,1.78,130,1.19,40
45041,919,1.94,151,1.34,30
45043,519,1.14,64.6,0.587,30
45045,843,1.44,161,1.19,40
45047,960,1.74,144,1.21,28
45049,412,1.64,71.4,0.964,29
45051,497,1.34,72.4,0.858,30
45053,497,1.65,69.5,1,20
45055,853,1.92,145,1.3,67
45057,840,1.61,158,1.19,28
45059,1090,1.59,159,1.17,40
45061,531,1.79,111,1.22,37
45063,582,2.06,97.7,1.35,48
45065,1130,1.8,147,1.23,27
45067,857,1.94,145,1.34,20
45069,992,2.07,158,1.45,20
45071,1010,1.85,135,1.28,55
45073,1060,1.66,172,1.2,23
45075,539,2.11,116,1.42,43
45077,848,1.59,152,1.21,30
45079,518,2.03,95.5,1.32,38
45081,1030,1.87,141,1.29,35
45083,836,1.44,156,1.19,50
45085,734,2.07,138,1.43,30
45087,1100,1.78,140,1.22,37
45089,973,2.11,160,1.47,20
45091,545,1.51,122,1.14,48
46003,119,1.27,88.5,1.06,10
46005,124,1.21,89.6,1.03,20
46007,127,1.11,127,1.11,3
46009,126,1.15,83.9,1.03,22
46011,376,1.78,229,1.32,29
46013,128,1.29,91.2,1.04,30
46015,119,1.27,88.5,1.06,10
46019,92.2,1.06,61.7,0.837,15
46021,146,1.55,148,1.41,10
46023,119,1.27,88.5,1.06,10
46025,139,1.28,87.4,1.03,25
46027,123,,81.8,,8
46029,128,1.01,53,0.644,39
46031,146,1.55,148,1.41,10
46033,110,1.1,69,0.867,20
46035,119,1.27,88.5,1.06,10
46037,189,1.52,121,1.32,31
46039,235,1.76,105,1.4,38
46043,120,1.27,86.3,1.06,18
46045,159,1.33,96.9,1.11,35
46047,110,1.1,69,0.867,20
46049,159,1.33,96.9,1.11,35
46051,494,1.83,129,1.51,21
46053,112,0.84,95,0.76,1
46055,246,0.902,128,0.752,11
46057,245,1.8,108,1.42,35
46059,124,1.21,89.6,1.03,20
46061,138,0.95,72,0.738,28
46063,146,1.55,148,1.41,10
46065,119,1.27,88.5,1.06,10
46067,138,0.95,72,0.738,28
46069,119,1.27,88.5,1.06,10
46071,242,0.895,133,0.745,14
46073,119,1.27,88.5,1.06,10
46075,455,1.27,220,0.971,5
46077,245,1.79,111,1.45,30
46079,186,1.2,82.3,0.931,38
46081,108,1.07,66.8,0.827,25
46083,139,0.896,66,0.652,28
46085,397,1.2,199,0.936,6
46087,171,1.1,73.1,0.828,28
46089,201,1.39,111,1.12,25
46091,188,1.51,119,1.31,30
46093,99.9,1.01,64.6,0.804,31
46095,392,1.2,207,0.939,9
46097,171,1.1,73.1,0.828,28
46099,171,1.1,73.1,0.828,28
46101,193,1.2,82.1,0.931,30
46102,131,0.871,80.6,0.699,19
46103,102,1.04,66.7,0.841,26
46105,146,1.55,148,1.41,10
46107,146,1.55,148,1.41,10
46109,556,1.82,143,1.59,16
46111,141,0.95,70.7,0.738,20
46115,124,1.21,89.6,1.03,20
46117,455,1.27,220,0.971,5
46121,127,1.11,127,1.11,3
46123,112,0.84,95,0.76,1
46125,163,1.13,75.2,0.864,38
46127,120,0.956,62.5,0.598,23
46129,146,1.55,148,1.41,10
46135,126,1.15,83.9,1.03,22
46137,45.4,0.611,45.4,0.611,6
47001,236,1.88,129,1.45,20
47003,197,1.7,81.7,1.07,17
47007,291,1.72,110,1.2,25
47009,466,2.46,205,1.84,35
47011,201,1.49,76.5,0.977,25
47013,333,3.5,194,2.76,20
47015,123,1.33,82,1.17,20
47017,137,1.54,,,10
47019,172,1.24,126,1.11,29
47021,480,2.37,133,1.74,30
47023,340,2.75,121,2.36,19
47025,388,4.15,244,3.64,19
47027,350,3.76,197,3.34,19
47031,284,2.2,138,1.64,40
47033,297,2.63,149,2.13,27
47035,611,4.92,328,4.23,5
47037,526,2.08,111,1.47,10
47041,149,1.33,86.4,1.17,29
47043,370,3.06,190,2.4,20
47045,151,1.51,60.8,1.11,28
47047,338,2.58,166,2.04,27
47049,611,4.92,328,4.23,5
47051,208,1.99,101,1.48,32
47053,305,5.52,155,5.64,28
47055,293,2.44,129,1.7,30
47057,289,2.45,160,1.97,29
47059,166,1.69,73.5,1.11,19
47061,331,2.2,166,1.8,30
47063,254,2.4,134,1.74,30
47065,291,1.72,110,1.2,25
47067,263,3.29,183,2.91,9
47069,346,2.58,149,2.04,37
47071,376,,93.1,,13
47073,356,2.36,199,1.93,29
47075,354,2.9,207,2.39,35
47077,304,2.75,186,2.36,9
47079,640,4.89,278,3.84,10
47081,365,2.74,183,2.23,20
47083,365,2.74,183,2.23,20
47085,259,2.09,140,1.73,10
47087,350,3.76,197,3.34,19
47089,292,2.36,158,1.87,20
47091,378,2.69,378,2.69,10
47093,233,1.87,132,1.47,22
47095,315,2.43,138,2.21,8
47097,240,2.32,127,1.79,35
47099,284,2.04,132,1.64,10
47101,271,2.03,137,1.66,20
47103,293,2.44,129,1.7,30
47105,596,3.21,331,2.67,12
47107,611,4.92,328,4.23,5
47109,404,,114,,10
47111,350,3.76,197,3.34,19
47113,150,1.42,103,1.41,36
47115,272,1.5,94.4,1,30
47117,182,1.64,95,1.24,28
47119,166,1.71,121,1.41,28
47121,611,4.92,328,4.23,5
47123,624,3.37,357,2.84,10
47125,350,2.54,153,1.94,25
47127,211,2.13,90.5,1.49,20
47129,671,3.4,324,2.89,19
47131,352,6.78,155,5.64,18
47133,396,4.12,224,3.63,24
47135,259,2.09,140,1.73,10
47137,403,4.92,201,4.23,14
47139,611,4.92,328,4.23,5
47141,410,3.82,198,3.28,24
47143,291,1.72,110,1.2,25
47145,514,2.89,218,2.22,35
47147,482,2.28,125,1.66,20
47149,327,1.61,97,1.39,35
47151,550,4.74,290,4.07,6
47153,270,1.42,88.6,0.903,20
47155,477,2.6,205,1.98,30
47157,789,2.19,266,1.8,10
47159,142,1.61,98.8,1.64,29
47161,331,2.94,176,2.36,10
47163,197,1.36,102,1.07,29
47165,394,2.12,112,1.51,40
47167,304,2.75,186,2.36,9
47169,115,1.61,106,1.64,20
47171,274,2.32,273,2.28,20
47173,273,2.57,155,2.04,39
47175,361,2.46,188,2.01,20
47177,160,0.367,73.1,0.272,20
47179,259,1.25,139,1.05,29
47181,131,,10.4,,3
47183,352,6.78,155,5.64,18
47185,410,3.82,198,3.28,24
47187,344,1.9,118,1.45,38
47189,354,1.81,95.1,1.38,20
48001,419,2.24,145,1.47,33
48003,338,1.82,117,1.1,32
48005,623,2.37,204,1.48,40
48007,626,2.11,170,1.59,20
48009,320,1.71,110,1.11,40
48011,251,1.43,110,1.06,12
48013,224,1.55,78.9,1.02,40
48015,853,2.29,142,1.4,30
48017,193,1.33,103,1.06,20
48019,147,1.5,57.8,0.879,20
48021,328,1.82,110,1.11,20
48023,320,1.71,110,1.11,40
48025,589,2.03,167,1.55,30
48027,280,1.7,106,1.06,40
48029,141,1.42,60.8,0.888,50
48031,284,1.09,141,0.981,20
48033,342,1.82,117,1.1,42
48035,312,1.72,110,1.1,40
48037,903,2.92,335,2.2,19
48039,868,2.29,142,1.4,20
48041,350,1.3,112,0.964,53
48043,287,1.55,143,1.24,17
48045,259,1.48,111,1.13,22
48047,501,2.23,155,1.57,40
48049,334,1.87,110,1.12,22
48051,456,1.59,217,1.62,40
48053,267,1.61,97.5,1.04,20
48055,353,1.55,117,1.23,40
48057,769,2.2,218,1.69,20
48059,315,1.81,140,1.43,16
48061,258,1.32,91,1.02,30
48063,1100,3.97,475,3.07,29
48065,243,1.33,110,1.06,10
48067,1140,4.28,486,3.5,29
48069,283,1.96,203,1.63,32
48071,888,2.34,152,1.45,20
48073,481,2.48,145,1.34,29
48075,697,2.39,208,1.78,19
48077,327,1.84,110,1.12,30
48079,193,1.74,118,1.42,30
48081,337,1.94,123,1.22,33
48083,335,1.89,112,1.14,25
48085,256,1.34,96.6,0.891,54
48087,889,2.83,271,2.15,9
48089,836,2.28,144,1.41,40
48091,126,1.29,58,0.882,40
48093,314,1.72,105,1.08,30
48095,377,2.08,130,1.3,29
48097,260,1.37,96.5,0.886,60
48099,312,1.72,110,1.1,40
48101,254,1.42,111,1.13,20
48103,328,1.85,110,1.11,20
48105,293,1.33,112,1.07,27
48107,243,1.33,110,1.06,10
48109,144,1.12,83.1,0.903,27
48111,332,1.58,114,1.05,20
48113,178,1.06,76.3,0.866,60
48115,338,1.82,117,1.1,32
48117,330,1.91,213,1.63,20
48119,323,1.89,111,1.14,23
48121,213,1.18,64.1,0.799,70
48123,603,1.96,185,1.53,40
48125,269,1.55,113,1.24,10
48127,615,2.17,179,1.61,27
48129,569,2.12,192,1.61,19
48131,610,2.23,173,1.57,30
48133,312,1.72,108,1.11,43
48135,327,1.82,110,1.1,22
48137,400,1.66,133,1.31,47
48139,311,1.76,110,1.11,30
48141,81.3,0.87,74.8,0.841,17
48143,314,1.72,105,1.08,30
48145,655,2.18,174,1.41,40
48147,334,1.83,140,1.15,47
48149,234,1.43,97.6,1.14,28
48151,340,1.89,112,1.14,35
48153,243,1.33,110,1.06,10
48155,278,1.41,119,1.19,30
48157,884,2.32,143,1.41,10
48159,577,2.18,218,1.57,52
48161,591,2.2,141,1.28,30
48163,582,2.09,171,1.57,30
48165,328,1.86,119,1.16,40
48167,874,2.31,151,1.43,30
48169,345,1.33,153,1.06,30
48171,283,1.17,137,1.03,30
48173,347,1.97,122,1.2,22
48175,602,1.98,185,1.54,50
48177,458,1.83,138,1.38,30
48179,569,2.12,192,1.61,19
48181,259,1.32,97,0.877,52
48183,1320,4.27,514,3.53,29
48185,748,2.62,212,1.64,30
48187,182,1.33,70,0.937,70
48189,201,1.43,103,1.06,22
48191,697,2.39,208,1.78,19
48193,262,1.33,112,1.12,30
48195,614,1.58,173,1.05,30
48197,269,1.55,113,1.24,10
48199,984,2.59,285,1.89,20
48201,879,2.33,152,1.44,30
48203,965,3.52,550,3.53,26
48205,332,1.58,114,1.05,20
48207,332,1.63,139,1.36,33
48209,117,0.867,79.6,0.949,30
48211,574,1.33,174,1.06,20
48213,381,2.09,134,1.4,20
48215,464,2.04,130,1.3,29
48217,486,1.86,124,1.14,40
48219,265,1.33,144,1.06,30
48221,312,1.68,108,1.1,40
48223,421,2.09,143,1.3,39
48225,565,2.24,168,1.42,30
48227,338,1.9,110,1.1,13
48229,81.3,0.87,74.8,0.841,17
48231,319,1.74,113,1.21,54
48233,614,1.58,173,1.05,30
48235,377,2.08,130,1.3,29
48237,323,1.78,113,1.14,40
48239,629,2.01,188,1.55,30
48241,1100,3.05,387,2.29,40
48243,287,1.55,143,1.24,17
48245,947,2.59,268,1.89,10
48247,617,2.17,174,1.61,20
48249,618,2.18,169,1.56,30
48251,309,1.69,108,1.08,40
48253,336,1.81,140,1.43,26
48255,430,1.78,139,1.33,39
48257,364,2.03,129,1.37,30
48259,167,1.44,69.8,0.893,40
48261,502,2.16,151,1.54,30
48263,334,1.85,110,1.11,30
48265,279,1.46,73.4,0.65,40
48267,283,1.17,137,1.03,30
48269,295,1.44,124,1.24,20
48271,414,1.67,135,1.32,37
48273,621,2.16,168,1.54,20
48275,323,1.63,139,1.36,23
48277,331,1.85,115,1.15,25
48279,193,1.33,103,1.06,20
48281,267,1.61,97.5,1.04,20
48283,582,2.09,171,1.57,30
48285,208,1.48,93.7,1.15,20
48287,343,3.35,129,1.2,23
48289,699,2.32,180,1.46,40
48291,894,2.34,158,1.45,30
48293,676,2.2,173,1.41,30
48295,574,1.33,174,1.06,20
48297,586,2.11,167,1.52,40
48299,284,1.09,141,0.981,20
48301,334,1.88,109,1.1,10
48303,320,1.33,153,1.06,20
48305,333,1.81,117,1.09,30
48307,393,1.8,127,1.14,29
48309,474,1.85,128,1.16,50
48311,579,2.18,172,1.56,50
48313,1120,3.08,256,1.86,40
48315,1260,4.27,550,3.53,19
48317,351,1.9,118,1.1,22
48319,304,1.51,108,0.998,39
48321,850,2.27,144,1.41,30
48323,627,2.08,173,1.57,17
48325,223,1.6,77.6,0.999,50
48327,304,1.51,108,0.998,39
48329,327,1.82,110,1.1,22
48331,496,2.09,158,1.33,50
48333,340,1.9,110,1.1,12
48335,353,1.99,124,1.22,35
48337,330,1.82,110,1.11,40
48339,873,2.35,156,1.43,48
48341,332,1.58,114,1.05,20
48343,1140,4.28,486,3.5,29
48345,254,1.42,111,1.13,20
48347,590,2.33,219,1.25,39
48349,334,1.88,109,1.1,10
48351,1110,3.05,406,2.29,30
48353,346,1.95,123,1.22,45
48355,618,2.18,169,1.56,30
48357,574,1.33,174,1.06,20
48359,380,2.02,207,1.58,30
48361,1120,3.05,353,2.29,20
48363,312,1.68,108,1.1,40
48365,806,2.16,400,2,39
48367,288,1.75,102,1.1,36
48369,330,1.91,213,1.63,20
48371,325,1.76,110,1.09,37
48373,984,2.59,285,1.89,20
48375,332,1.58,114,1.05,20
48377,287,1.55,143,1.24,17
48379,497,2.14,178,1.54,42
48381,251,1.43,110,1.06,12
48383,340,1.93,121,1.2,32
48385,437,1.81,147,1.23,50
48387,466,1.99,162,1.27,42
48389,325,1.76,110,1.09,37
48391,759,2.22,217,1.71,30
48393,574,1.33,174,1.06,20
48395,624,1.63,239,1.76,43
48397,319,1.84,106,1.1,20
48399,357,2.25,207,1.93,23
48401,716,2.74,276,1.74,58
48403,1390,4.84,652,3.84,20
48405,1050,,628,,10
48407,984,2.59,285,1.89,20
48409,626,2.11,170,1.59,20
48411,305,1.49,107,0.964,29
48413,135,1.05,76,0.946,20
48415,345,1.9,110,1.1,22
48417,335,1.87,112,1.14,33
48419,1110,2.83,444,2.15,29
48421,332,1.58,114,1.05,20
48423,625,2.78,228,1.77,48
48425,314,1.72,105,1.08,30
48427,498,2.17,155,1.61,30
48429,311,1.71,106,1.09,40
48431,340,1.93,121,1.2,32
48433,316,1.44,124,1.24,30
48435,135,1.05,76,0.946,20
48437,251,1.43,110,1.06,12
48439,235,1.33,76.4,0.902,40
48441,315,1.81,140,1.43,16
48443,302,1.18,111,0.936,17
48445,333,1.81,117,1.09,30
48447,332,1.63,139,1.36,33
48449,665,2.37,252,1.73,42
48451,340,1.93,121,1.2,32
48453,547,1.15,70.2,0.828,40
48455,628,2.24,188,1.42,40
48457,984,2.59,285,1.89,20
48459,1100,3.97,475,3.07,29
48461,334,1.87,110,1.12,22
48463,535,2.29,153,1.38,37
48465,627,2.08,173,1.57,17
48467,427,2.11,149,1.45,59
48469,629,2.01,188,1.55,30
48471,906,2.98,258,1.8,40
48473,868,2.36,151,1.44,40
48475,328,1.78,107,1.07,20
48477,748,2.3,222,1.68,20
48479,615,2.17,179,1.61,27
48481,864,2.3,145,1.42,20
48483,704,2.12,219,1.61,29
48485,328,1.85,110,1.11,20
48487,316,1.73,113,1.13,40
48489,498,2.08,151,1.57,20
48491,531,1.3,68.8,0.871,60
48493,217,1.52,78.8,1.01,49
48495,328,1.78,107,1.07,20
48497,244,1.4,78,0.915,50
48499,533,2.42,203,1.63,49
48501,298,1.74,157,1.42,30
48503,314,1.72,105,1.08,30
48505,617,2.17,174,1.61,20
48507,615,2.17,179,1.61,27
49001,201,1.14,120,1.01,10
49003,201,1.14,120,1.01,10
49005,148,0.928,83.1,0.75,20
49007,201,1.14,120,1.01,10
49009,256,1.4,255,1.4,10
49011,189,1.05,116,0.97,15
49013,207,1.17,134,1.05,20
49015,201,1.14,120,1.01,10
49017,219,1.14,134,1.01,20
49019,201,1.14,120,1.01,10
49021,185,1.01,117,0.904,29
49023,201,1.14,120,1.01,10
49025,540,,381,,10
49027,195,1.1,115,0.971,14
49029,201,1.14,120,1.01,10
49031,219,1.14,134,1.01,20
49033,201,1.14,120,1.01,10
49035,154,1.1,120,1.01,20
49037,215,1.19,123,1.04,20
49039,201,1.14,120,1.01,10
49041,219,1.14,134,1.01,20
49043,201,1.14,120,1.01,10
49045,201,1.14,120,1.01,10
49047,207,1.17,134,1.05,20
49049,106,0.748,66.7,0.639,50
49051,209,1.29,128,1.11,24
49053,131,0.979,75,0.867,44
49055,540,,381,,10
49057,201,1.14,120,1.01,10
50001,580,2.3,242,1.8,20
50003,573,2.29,249,1.81,10
50005,578,2.33,242,1.8,25
50007,580,1.6,242,1.8,30
50009,580,2.3,242,1.8,21
50011,580,2.3,242,1.8,21
50013,611,2.32,215,1.74,10
50015,563,2.27,237,1.76,36
50017,573,2.29,249,1.81,10
50019,578,2.32,242,1.8,27
50021,573,2.29,249,1.81,10
50023,570,2.27,249,1.81,19
50025,573,2.3,249,1.81,11
50027,573,2.29,249,1.81,10
51001,224,1.59,127,1.33,16
51003,462,1.8,215,1.46,40
51005,287,1.63,149,1.29,20
51007,357,1.66,148,1.33,20
51009,436,1.74,224,1.43,30
51011,489,1.83,226,1.5,40
51013,250,1.49,134,1.21,10
51015,314,1.76,157,1.4,27
51017,269,1.57,140,1.25,15
51019,388,1.63,185,1.33,49
51021,694,1.9,356,1.61,10
51023,432,1.69,224,1.39,25
51025,381,1.74,155,1.39,30
51027,558,1.79,308,1.53,13
51029,489,1.83,226,1.5,40
51031,489,1.83,226,1.5,40
51033,334,1.64,141,1.3,20
51035,459,1.7,253,1.43,17
51036,250,1.49,134,1.21,10
51037,381,1.74,155,1.39,30
51041,357,1.66,148,1.33,20
51043,247,1.41,114,1.15,40
51045,713,1.99,365,1.67,15
51047,334,1.64,141,1.3,20
51049,384,1.79,160,1.44,30
51051,620,1.85,300,1.5,20
51053,355,1.66,148,1.33,30
51057,334,1.64,141,1.3,20
51059,183,1.19,95.7,0.977,20
51061,240,1.32,105,1.06,30
51063,694,1.9,356,1.61,10
51065,436,1.74,224,1.43,30
51067,421,1.65,219,1.36,20
51069,443,2.08,172,1.69,20
51071,713,1.99,365,1.67,15
51073,250,1.49,134,1.21,10
51075,359,1.76,152,1.39,30
51077,694,1.9,356,1.61,10
51079,347,1.81,157,1.47,40
51081,290,1.6,143,1.29,20
51083,291,1.6,144,1.29,21
51085,334,1.64,141,1.3,20
51087,250,1.49,134,1.21,10
51089,496,1.72,260,1.42,18
51091,336,2.17,191,1.82,15
51093,259,1.51,137,1.22,25
51095,250,1.49,134,1.21,10
51097,334,1.64,141,1.3,20
51099,255,1.52,135,1.23,13
51101,334,1.64,141,1.3,20
51103,255,1.52,135,1.23,13
51105,304,1.78,109,1.32,19
51107,183,1.19,95.7,0.977,20
51109,359,1.76,152,1.39,30
51111,381,1.74,155,1.39,30
51113,334,1.64,141,1.3,20
51115,250,1.49,134,1.21,10
51117,381,1.74,155,1.39,30
51119,250,1.49,134,1.21,10
51121,517,1.53,365,1.67,25
51125,414,1.79,216,1.49,40
51127,250,1.49,134,1.21,10
51131,168,1.6,101,1.41,9
51133,255,1.52,135,1.23,13
51135,357,1.66,148,1.33,20
51137,359,1.76,152,1.39,30
51139,326,1.72,149,1.4,30
51141,694,1.9,356,1.61,10
51143,485,1.79,222,1.46,40
51145,357,1.66,148,1.33,20
51147,384,1.79,160,1.44,30
51149,355,1.66,148,1.33,30
51153,183,1.19,95.7,0.977,20
51155,694,1.9,356,1.61,10
51157,599,2.09,159,1.56,11
51159,255,1.52,135,1.23,13
51161,512,1.49,264,1.25,25
51163,276,1.68,150,1.37,25
51165,219,1.2,102,0.981,40
51167,620,1.85,300,1.5,20
51169,478,1.72,230,1.3,39
51171,326,1.72,149,1.4,30
51173,694,1.9,356,1.61,10
51175,294,1.61,146,1.3,35
51177,334,1.64,141,1.3,20
51179,242,1.33,106,1.07,33
51181,259,1.51,137,1.22,25
51183,378,1.74,156,1.4,45
51185,538,1.78,285,1.49,15
51187,326,1.72,149,1.4,30
51191,542,1.7,274,1.3,20
51193,255,1.52,135,1.23,13
51195,566,1.86,275,1.52,29
51197,694,1.9,356,1.61,10
51199,250,1.49,134,1.21,10
51510,250,1.49,134,1.21,10
51520,105,0.807,53.3,0.578,13
51530,250,1.49,134,1.21,10
51540,250,1.49,134,1.21,10
51550,250,1.49,134,1.21,10
51570,250,1.49,134,1.21,10
51580,250,1.49,134,1.21,10
51595,250,1.49,134,1.21,10
51600,250,1.49,134,1.21,10
51610,250,1.49,134,1.21,10
51630,250,1.49,134,1.21,10
51640,694,1.9,356,1.61,10
51650,250,1.49,134,1.21,10
51660,250,1.49,134,1.21,10
51670,250,1.49,134,1.21,10
51678,250,1.49,134,1.21,10
51680,694,1.9,356,1.61,10
51683,177,1.43,105,1.18,20
51685,145,1,70.9,0.831,14
51690,106,0.643,9.4,0.093,2
51700,250,1.49,134,1.21,10
51710,250,1.49,134,1.21,10
51720,458,1.81,126,1.17,8
51730,250,1.49,134,1.21,10
51735,250,1.49,134,1.21,10
51740,250,1.49,134,1.21,10
51760,250,1.49,134,1.21,10
51770,694,1.9,356,1.61,10
51775,22,0.241,17.7,0.207,10
51790,250,1.49,134,1.21,10
51800,253,1.51,136,1.22,15
51810,250,1.49,134,1.21,10
51820,250,1.49,134,1.21,10
51830,250,1.49,134,1.21,10
51840,298,2.02,179,1.77,10
53001,370,1.17,146,0.946,39
53003,900,1.63,148,0.965,19
53005,107,0.796,56.8,0.519,49
53007,131,0.546,95.2,0.743,10
53009,512,1.37,161,0.86,10
53011,98.7,0.877,41.7,0.611,10
53013,290,1.31,123,0.853,30
53015,196,1.18,122,0.875,30
53017,102,0.748,,,11
53019,206,1.06,124,0.849,10
53021,164,0.642,70.5,0.563,30
53023,296,1.28,116,0.798,20
53025,174,0.987,126,0.847,29
53027,445,1.9,218,1.28,30
53029,517,1.78,140,1.09,20
53031,555,1.93,258,1.43,30
53033,252,0.992,98.9,0.673,40
53035,529,1.75,162,1.03,30
53037,511,1.63,171,1.08,31
53039,281,1.23,274,1.26,11
53041,220,1.21,103,0.784,50
53043,370,1.17,146,0.946,39
53045,177,0.975,83.6,0.635,20
53047,189,1.01,129,0.964,26
53049,456,2.07,235,1.47,20
53051,206,1.06,124,0.849,16
53053,450,1.6,147,0.969,50
53055,885,4.29,632,3.46,10
53057,572,1.78,172,1.08,10
53059,318,1.6,231,1.12,15
53061,472,1.79,115,1.09,10
53063,578,1.4,129,0.852,24
53065,900,1.63,148,0.965,19
53067,562,1.81,177,1.12,30
53071,290,1.31,123,0.853,30
53073,572,1.78,172,1.08,10
53075,690,1.47,146,0.946,29
53077,202,1.15,103,0.722,31
54001,645,2.47,393,2.12,11
54003,298,1.37,183,1.21,10
54005,1200,3,616,2.54,10
54007,645,2.44,391,2.09,10
54009,772,2.49,513,2.21,20
54011,1200,3,616,2.54,10
54013,645,2.44,391,2.09,10
54015,996,2.8,534,2.38,20
54017,645,2.47,393,2.12,11
54019,1200,3,616,2.54,10
54021,645,2.44,391,2.09,10
54023,433,1.79,264,1.55,20
54025,996,2.8,534,2.38,20
54027,298,1.37,183,1.21,10
54029,645,2.44,391,2.09,10
54031,298,1.37,183,1.21,10
54033,645,2.47,393,2.12,11
54035,996,2.8,534,2.38,20
54037,298,1.37,183,1.21,10
54039,1200,3,616,2.54,10
54041,645,2.47,393,2.12,11
54043,1200,3,616,2.54,10
54045,1200,3,616,2.54,10
54047,1200,3,616,2.54,10
54049,645,2.47,393,2.12,11
54051,912,2.54,647,2.34,10
54053,1200,3,616,2.54,10
54055,1200,3,616,2.54,10
54057,433,1.79,264,1.55,20
54059,1200,3,616,2.54,10
54061,645,2.44,391,2.09,10
54063,996,2.81,534,2.38,25
54065,298,1.37,183,1.21,10
54067,996,2.8,534,2.38,20
54069,912,2.54,647,2.34,10
54071,433,1.79,264,1.55,20
54073,645,2.44,391,2.09,10
54075,645,2.44,391,2.09,10
54077,645,2.44,391,2.09,10
54079,1200,3,616,2.54,10
54081,1200,3,616,2.54,10
54083,645,2.44,391,2.09,10
54085,645,2.44,391,2.09,10
54087,996,2.8,534,2.38,20
54089,996,2.8,534,2.38,20
54091,645,2.47,393,2.12,11
54093,645,2.44,391,2.09,10
54095,645,2.44,391,2.09,10
54097,645,2.47,393,2.12,11
54099,1200,3,616,2.54,10
54101,645,2.44,391,2.09,10
54103,772,2.49,513,2.21,20
54105,645,2.44,391,2.09,10
54107,645,2.44,391,2.09,10
54109,1200,3,616,2.54,10
55001,138,0.842,89.5,0.748,20
55003,222,1.19,118,0.955,15
55005,210,1.11,87.4,0.831,44
55007,205,1.01,97.3,0.762,10
55009,267,1.11,89.9,0.794,20
55011,194,1.04,97.4,0.8,29
55013,305,1.53,88.4,0.933,20
55015,242,1.03,83.9,0.754,41
55017,239,1.17,106,0.871,35
55019,150,0.818,68.3,0.576,30
55021,186,0.964,85.1,0.75,30
55023,181,1.01,98.2,0.835,29
55025,105,0.567,45,0.431,71
55027,171,0.895,80.3,0.712,50
55029,266,0.924,88.5,0.761,20
55031,81.3,0.642,26,0.251,10
55033,220,1.17,92.2,0.814,50
55035,193,1.03,97.6,0.799,25
55037,263,1.1,89.2,0.789,27
55039,227,1.01,84.3,0.753,43
55041,267,1.11,89.9,0.794,20
55043,184,0.976,84.4,0.763,36
55045,130,0.875,88.6,0.79,25
55047,138,0.842,89.5,0.748,20
55049,130,0.873,88.5,0.791,26
55051,326,1.24,107,0.901,25
55053,182,1.03,93.8,0.817,41
55055,186,0.964,85.1,0.75,30
55057,140,0.908,85.9,0.785,23
55059,207,0.998,85.7,0.753,16
55061,375,1.26,102,0.876,10
55063,195,1.01,99.8,0.796,26
55065,131,0.881,89.2,0.798,20
55067,307,1.15,96.5,0.842,16
55069,323,1.24,106,0.901,30
55071,199,0.905,70.9,0.642,46
55073,268,1.06,87.1,0.752,46
55075,273,1.12,89.9,0.794,22
55077,138,0.842,89.5,0.748,20
55078,179,0.935,85.5,0.768,8
55079,212,1.03,83.6,0.752,10
55081,158,0.929,89.3,0.776,36
55083,259,1.08,90.1,0.789,28
55085,326,1.24,107,0.901,25
55087,229,1.07,77.1,0.701,30
55089,188,0.92,79.3,0.721,20
55091,188,1.05,96.6,0.803,39
55093,156,0.849,80.1,0.638,39
55095,233,1.18,92.9,0.812,35
55097,238,0.946,96.3,0.814,45
55099,222,1.19,118,0.955,15
55101,212,1.03,83.6,0.752,10
55103,118,0.815,87.5,0.775,39
55105,178,0.95,78.8,0.724,35
55107,271,1.32,126,1.03,25
55109,142,0.879,67.1,0.62,55
55111,149,0.914,92.7,0.79,33
55113,271,1.32,126,1.03,25
55115,238,1.04,86.2,0.771,41
55117,201,0.981,83.3,0.735,19
55119,218,1.19,115,0.955,20
55121,193,1.03,97.6,0.799,25
55123,155,0.919,92,0.784,33
55125,261,1.12,93.9,0.816,35
55127,203,0.993,85.3,0.75,21
55129,245,1.21,93.7,0.83,30
55131,189,0.927,78.4,0.714,30
55133,172,0.843,75.3,0.692,20
55135,244,1.05,89.7,0.782,45
55137,235,1.04,89.7,0.782,40
55139,225,1.01,84.3,0.757,40
55141,99.3,0.629,81.5,0.662,46
56001,138,1.27,76.4,0.944,25
56003,192,1.31,155,1.19,25
56005,234,1.8,196,1.66,20
56007,218,1.44,169,1.33,27
56009,171,1.31,132,1.19,11
56011,234,1.8,196,1.66,20
56013,191,1.31,155,1.19,20
56015,262,1.48,103,1,6
56017,191,1.31,155,1.19,20
56019,210,1.55,175,1.43,45
56021,104,1.15,37.2,0.718,15
56023,167,1.31,130,1.19,10
56025,191,1.31,155,1.19,20
56027,1020,,603,,1
56029,157,1.11,155,1.19,30
56031,176,1.31,126,1.18,16
56033,224,1.71,214,1.81,25
56035,167,1.31,130,1.19,10
56037,167,1.31,130,1.19,10
56039,164,0.68,162,0.664,10
56041,167,1.31,130,1.19,10
56043,192,1.31,155,1.19,25
56045,240,1.8,199,1.66,21
60010,227,2.86,,,10
60020,227,2.86,,,10
60050,227,2.86,,,10
66010,2980,29.2,383,9.34,10
69100,957,9.13,,,2
69110,957,9.13,,,2
69120,957,9.13,,,2
72001,4960,14.2,1640,11.7,4
72003,4960,14.2,1640,11.7,4
72005,4960,14.2,1640,11.7,4
72007,4960,14.2,1640,11.7,4
72009,4960,14.2,1640,11.7,4
72011,4960,14.2,1640,11.7,4
72013,4960,14.2,1640,11.7,4
72015,4960,14.2,1640,11.7,4
72017,4960,14.2,1640,11.7,4
72019,4960,14.2,1640,11.7,4
72021,4960,14.2,1640,11.7,4
72023,4960,14.2,1640,11.7,4
72025,4960,14.2,1640,11.7,4
72027,4960,14.2,1640,11.7,4
72029,4960,14.2,1640,11.7,4
72031,4960,14.2,1640,11.7,4
72033,4960,14.2,1640,11.7,4
72035,4960,14.2,1640,11.7,4
72037,4960,14.2,1640,11.7,4
72039,4960,14.2,1640,11.7,4
72041,4960,14.2,1640,11.7,4
72043,4960,14.2,1640,11.7,4
72045,4960,14.2,1640,11.7,4
72047,4960,14.2,1640,11.7,4
72049,4960,14.2,1640,11.7,4
72051,4960,14.2,1640,11.7,4
72053,4960,14.2,1640,11.7,4
72054,4960,14.2,1640,11.7,4
72055,4960,14.2,1640,11.7,4
72057,4960,14.2,1640,11.7,4
72059,4960,14.2,1640,11.7,4
72061,4960,14.2,1640,11.7,4
72063,4960,14.2,1640,11.7,4
72065,4960,14.2,1640,11.7,4
72067,4960,14.2,1640,11.7,4
72069,4960,14.2,1640,11.7,4
72071,4960,14.2,1640,11.7,4
72073,4960,14.2,1640,11.7,4
72075,4960,14.2,1640,11.7,4
72077,4960,14.2,1640,11.7,4
72079,4960,14.2,1640,11.7,4
72081,4960,14.2,1640,11.7,4
72083,4960,14.2,1640,11.7,4
72085,4960,14.2,1640,11.7,4
72087,4960,14.2,1640,11.7,4
72089,4960,14.2,1640,11.7,4
72091,4960,14.2,1640,11.7,4
72093,4960,14.2,1640,11.7,4
72095,4960,14.2,1640,11.7,4
72097,4960,14.2,1640,11.7,4
72099,4960,14.2,1640,11.7,4
72101,4960,14.2,1640,11.7,4
72103,4960,14.2,1640,11.7,4
72105,4960,14.2,1640,11.7,4
72107,4960,14.2,1640,11.7,4
72109,4960,14.2,1640,11.7,4
72111,4960,14.2,1640,11.7,4
72113,4960,14.2,1640,11.7,4
72115,4960,14.2,1640,11.7,4
72117,4960,14.2,1640,11.7,4
72119,4960,14.2,1640,11.7,4
72121,4960,14.2,1640,11.7,4
72123,4960,14.2,1640,11.7,4
72125,4960,14.2,1640,11.7,4
72127,4960,14.2,1640,11.7,4
72129,4960,14.2,1640,11.7,4
72131,4960,14.2,1640,11.7,4
72133,4960,14.2,1640,11.7,4
72135,4960,14.2,1640,11.7,4
72137,4960,14.2,1640,11.7,4
72139,4960,14.2,1640,11.7,4
72141,4960,14.2,1640,11.7,4
72143,4960,14.2,1640,11.7,4
72145,4960,14.2,1640,11.7,4
72147,4960,14.2,1640,11.7,4
72149,4960,14.2,1640,11.7,4
72151,4960,14.2,1640,11.7,4
72153,4960,14.2,1640,11.7,4
