fips,strategic_class,strategic_site_ids,strategic_km,strategic_bearing,uasi_share,uasi_area
01001,E,,,,0,
01003,E,,,,0,
01005,E,,,,0,
01007,C2,metro_13820,,,0,
01009,C2,metro_13820,,,0,
01011,E,,,,0,
01013,E,,,,0,
01015,E,,,,0,
01017,E,,,,0,
01019,E,,,,0,
01021,C2,metro_13820,,,0,
01023,E,,,,0,
01025,E,,,,0,
01027,E,,,,0,
01029,E,,,,0,
01031,E,,,,0,
01033,E,,,,0,
01035,E,,,,0,
01037,E,,,,0,
01039,E,,,,0,
01041,E,,,,0,
01043,E,,,,0,
01045,E,,,,0,
01047,E,,,,0,
01049,E,,,,0,
01051,E,,,,0,
01053,E,,,,0,
01055,E,,,,0,
01057,E,,,,0,
01059,E,,,,0,
01061,E,,,,0,
01063,E,,,,0,
01065,E,,,,0,
01067,E,,,,0,
01069,E,,,,0,
01071,E,,,,0,
01073,C2,metro_13820,,,0,
01075,E,,,,0,
01077,E,,,,0,
01079,E,,,,0,
01081,E,,,,0,
01083,E,,,,0,
01085,E,,,,0,
01087,E,,,,0,
01089,E,,,,0,
01091,E,,,,0,
01093,E,,,,0,
01095,E,,,,0,
01097,E,,,,0,
01099,E,,,,0,
01101,E,,,,0,
01103,E,,,,0,
01105,E,,,,0,
01107,E,,,,0,
01109,E,,,,0,
01111,E,,,,0,
01113,E,,,,0,
01115,C2,metro_13820,,,0,
01117,C2,metro_13820,,,0,
01119,E,,,,0,
01121,E,,,,0,
01123,E,,,,0,
01125,E,,,,0,
01127,C2,metro_13820,,,0,
01129,E,,,,0,
01131,E,,,,0,
01133,E,,,,0,
02013,E,,,,0,
02016,A,eareckson_as,,,0,
02020,E,,,,0,
02050,E,,,,0,
02060,E,,,,0,
02063,E,,,,0,
02066,E,,,,0,
02068,A,clear_sfs,,,0,
02070,E,,,,0,
02090,D,clear_sfs,96.2,232,0,
02100,E,,,,0,
02105,E,,,,0,
02110,E,,,,0,
02122,E,,,,0,
02130,E,,,,0,
02150,E,,,,0,
02158,E,,,,0,
02164,E,,,,0,
02170,E,,,,0,
02180,E,,,,0,
02185,E,,,,0,
02188,E,,,,0,
02195,E,,,,0,
02198,E,,,,0,
02220,E,,,,0,
02230,E,,,,0,
02240,A,fort_greely,,,0,
02275,E,,,,0,
02282,E,,,,0,
02290,E,,,,0,
04001,E,,,,0,
04003,E,,,,0,
04005,E,,,,0,
04007,D,metro_38060,103.1,248,0,
04009,E,,,,0,
04011,E,,,,0,
04012,E,,,,0,
04013,C1,metro_38060,,,0.01798,14
04015,E,,,,0,
04017,E,,,,0,
04019,C2,metro_46060,,,0,
04021,C1,metro_38060,,,0.001725,14
04023,E,,,,0,
04025,E,,,,0,
04027,E,,,,0,
05001,E,,,,0,
05003,E,,,,0,
05005,E,,,,0,
05007,E,,,,0,
05009,E,,,,0,
05011,E,,,,0,
05013,E,,,,0,
05015,E,,,,0,
05017,E,,,,0,
05019,E,,,,0,
05021,E,,,,0,
05023,E,,,,0,
05025,E,,,,0,
05027,E,,,,0,
05029,E,,,,0,
05031,E,,,,0,
05033,E,,,,0,
05035,C2,metro_32820,,,0,
05037,E,,,,0,
05039,E,,,,0,
05041,E,,,,0,
05043,E,,,,0,
05045,E,,,,0,
05047,E,,,,0,
05049,E,,,,0,
05051,E,,,,0,
05053,E,,,,0,
05055,E,,,,0,
05057,E,,,,0,
05059,E,,,,0,
05061,E,,,,0,
05063,E,,,,0,
05065,E,,,,0,
05067,E,,,,0,
05069,E,,,,0,
05071,E,,,,0,
05073,E,,,,0,
05075,E,,,,0,
05077,E,,,,0,
05079,E,,,,0,
05081,E,,,,0,
05083,E,,,,0,
05085,E,,,,0,
05087,E,,,,0,
05089,E,,,,0,
05091,E,,,,0,
05093,E,,,,0,
05095,E,,,,0,
05097,E,,,,0,
05099,E,,,,0,
05101,E,,,,0,
05103,E,,,,0,
05105,E,,,,0,
05107,E,,,,0,
05109,E,,,,0,
05111,E,,,,0,
05113,E,,,,0,
05115,E,,,,0,
05117,E,,,,0,
05119,E,,,,0,
05121,E,,,,0,
05123,E,,,,0,
05125,E,,,,0,
05127,E,,,,0,
05129,E,,,,0,
05131,E,,,,0,
05133,E,,,,0,
05135,E,,,,0,
05137,E,,,,0,
05139,D,barksdale_afb,118.4,229,0,
05141,E,,,,0,
05143,E,,,,0,
05145,E,,,,0,
05147,E,,,,0,
05149,E,,,,0,
06001,C1,llnl;sandia_ca,,,0.01224,6
06003,D,beale_afb,140.8,289,0,
06005,D,llnl;sandia_ca,113.2,226,0,
06007,E,,,,0,
06009,D,llnl;sandia_ca,63.1,246,0,
06011,E,,,,0,
06013,C2,metro_41860;refinery_06013,,,0.008498,6
06015,E,,,,0,
06017,C2,metro_40900,,,0.0005448,33
06019,C2,metro_23420,,,0,
06021,E,,,,0,
06023,E,,,,0,
06025,E,,,,0,
06027,E,,,,0,
06029,E,,,,0,
06031,E,,,,0,
06033,E,,,,0,
06035,E,,,,0,
06037,C1,metro_31080,,,0.05813,2
06039,C2,metro_23420,,,0,
06041,C2,metro_41860,,,0.001913,6
06043,D,llnl,124.9,291,0,
06045,E,,,,0,
06047,D,sandia_ca;llnl,104.9,295,0,
06049,E,,,,0,
06051,E,,,,0,
06053,E,,,,0,
06055,E,,,,0,
06057,D,beale_afb,42.9,255,0,
06059,C1,metro_31080,,,0.01316,18
06061,C2,metro_40900,,,0.001154,33
06063,E,,,,0,
06065,C2,metro_40140,,,0.005877,23
06067,C2,metro_40900,,,0.004521,33
06069,C2,metro_41940,,,0.0004676,6
06071,C2,metro_40140,,,0.0053,23
06073,C2,metro_41740,,,0.02784,9
06075,C2,metro_41860,,,0.006374,6
06077,C1,llnl,,,0,
06079,E,,,,0,
06081,C2,metro_41860,,,0.005571,6
06083,A,vandenberg_sfb,,,0,
06085,C2,metro_41940,,,0.01411,6
06087,E,,,,0,
06089,E,,,,0,
06091,D,beale_afb,99.7,237,0,
06093,E,,,,0,
06095,E,,,,0,
06097,E,,,,0,
06099,D,sandia_ca;llnl,66.3,276,0,
06101,A,beale_afb,21.5,95,0,
06103,E,,,,0,
06105,E,,,,0,
06107,E,,,,0,
06109,D,llnl;sandia_ca,85.8,267,0,
06111,D,vandenberg_sfb,149.9,291,0,
06113,C2,metro_40900,,,0.0006173,33
06115,A,beale_afb,,,0,
08001,C2,metro_19740,,,0.001738,26
08003,E,,,,0,
08005,C2,metro_19740,,,0.002189,26
08007,E,,,,0,
08009,E,,,,0,
08011,D,schriever_sfb,143.4,305,0,
08013,E,,,,0,
08014,C2,metro_19740,,,0.0002478,26
08015,E,,,,0,
08017,E,,,,0,
08019,C2,metro_19740,,,0.00003143,26
08021,E,,,,0,
08023,E,,,,0,
08025,D,peterson_sfb;cheyenne_mountain,101.2,314,0,
08027,E,,,,0,
08029,E,,,,0,
08031,C2,metro_19740,,,0.002393,26
08033,E,,,,0,
08035,C2,metro_19740,,,0.001197,26
08037,E,,,,0,
08039,C2,metro_19740,,,0.00008714,26
08041,A,cheyenne_mountain;peterson_sfb;schriever_sfb,,,0.004566,43
08043,E,,,,0,
08045,E,,,,0,
08047,C2,metro_19740,,,0.00001942,26
08049,E,,,,0,
08051,E,,,,0,
08053,E,,,,0,
08055,E,,,,0,
08057,E,,,,0,
08059,C2,metro_19740,,,0.00195,26
08061,E,,,,0,
08063,B,warren_field,214.5,311,0,
08065,E,,,,0,
08067,E,,,,0,
08069,B,warren_field,59.9,84,0,
08071,E,,,,0,
08073,D,schriever_sfb;peterson_sfb;cheyenne_mountain,88.7,242,0,
08075,A,warren_field,,,0,
08077,E,,,,0,
08079,E,,,,0,
08081,E,,,,0,
08083,E,,,,0,
08085,E,,,,0,
08087,B,warren_field,60.5,304,0,
08089,D,peterson_sfb;cheyenne_mountain,127,315,0,
08091,E,,,,0,
08093,C2,metro_19740,,,0.00005789,26
08095,B,warren_field,61.1,284,0,
08097,E,,,,0,
08099,E,,,,0,
08101,E,,,,0,
08103,E,,,,0,
08105,E,,,,0,
08107,E,,,,0,
08109,E,,,,0,
08111,E,,,,0,
08113,E,,,,0,
08115,B,warren_field,64,296,0,
08117,E,,,,0,
08119,E,,,,0.0001543,43
08121,B,warren_field,70.3,5,0,
08123,A,warren_field,,,0,
08125,B,warren_field,170.3,289,0,
09110,C2,metro_25540,,,0,
09120,D,metro_35620,49.4,301,0,
09130,C2,metro_25540,,,0,
09140,D,metro_35620,53.9,257,0,
09150,E,,,,0,
09160,D,metro_35620,146.6,235,0,
09170,D,metro_35620,74.8,281,0,
09180,D,metro_35620,111.5,229,0,
09190,D,metro_35620,27,303,0,
10001,D,metro_47900;pentagon,117.4,259,0,
10003,C1,metro_37980,,,0.002596,8
10005,D,metro_47900,137.7,282,0,
11001,A,pentagon,5.7,219,0.006051,3
12001,E,,,,0,
12003,C2,metro_27260,,,0.0001258,30
12005,E,,,,0,
12007,E,,,,0,
12009,E,,,,0,
12011,C1,metro_33100,,,0.007426,12
12013,E,,,,0,
12015,E,,,,0,
12017,E,,,,0,
12019,C2,metro_27260,,,0.0009851,30
12021,E,,,,0,
12023,E,,,,0,
12027,E,,,,0,
12029,E,,,,0,
12031,C2,metro_27260,,,0.004493,30
12033,E,,,,0,
12035,E,,,,0,
12037,E,,,,0,
12039,E,,,,0,
12041,E,,,,0,
12043,E,,,,0,
12045,E,,,,0,
12047,E,,,,0,
12049,E,,,,0,
12051,E,,,,0,
12053,C2,metro_45300,,,0.0006952,22
12055,E,,,,0,
12057,C2,metro_45300,,,0.005214,22
12059,E,,,,0,
12061,E,,,,0,
12063,E,,,,0,
12065,E,,,,0,
12067,E,,,,0,
12069,C2,metro_36740,,,0.001485,25
12071,E,,,,0,
12073,E,,,,0,
12075,E,,,,0,
12077,E,,,,0,
12079,E,,,,0,
12081,E,,,,0,
12083,E,,,,0,
12085,E,,,,0,
12086,C1,metro_33100,,,0.01033,12
12087,E,,,,0,
12089,A,kings_bay,22.2,24,0.000407,30
12091,E,,,,0,
12093,E,,,,0,
12095,C2,metro_36740,,,0.005541,25
12097,C2,metro_36740,,,0.001504,25
12099,C1,metro_33100,,,0.005697,12
12101,C2,metro_45300,,,0.002008,22
12103,C2,metro_45300,,,0.003429,22
12105,E,,,,0,
12107,E,,,,0,
12109,C2,metro_27260,,,0.001234,30
12111,E,,,,0,
12113,E,,,,0,
12115,E,,,,0,
12117,C2,metro_36740,,,0.001825,25
12119,E,,,,0,
12121,E,,,,0,
12123,E,,,,0,
12125,E,,,,0,
12127,E,,,,0,
12129,E,,,,0,
12131,E,,,,0,
12133,E,,,,0,
13001,E,,,,0,
13003,E,,,,0,
13005,E,,,,0,
13007,E,,,,0,
13009,D,metro_12060,54.2,304,0,
13011,D,metro_12060,48.2,294,0,
13013,C1,metro_12060,,,0.0003077,13
13015,C1,metro_12060,,,0.0004016,13
13017,E,,,,0,
13019,E,,,,0,
13021,D,metro_12060,69.9,296,0,
13023,D,metro_12060,124.4,309,0,
13025,E,,,,0,
13027,E,,,,0,
13029,E,,,,0,
13031,E,,,,0,
13033,D,metro_12060,148.4,292,0,
13035,C1,metro_12060,,,0.00009396,13
13037,E,,,,0,
13039,A,kings_bay,,,0,
13043,E,,,,0,
13045,C1,metro_12060,,,0.00044,13
13047,E,,,,0,
13049,E,,,,0,
13051,E,,,,0,
13053,E,,,,0,
13055,E,,,,0,
13057,C1,metro_12060,,,0.0009843,13
13059,D,metro_12060,32.4,278,0,
13061,E,,,,0,
13063,C1,metro_12060,,,0.001099,13
13065,E,,,,0,
13067,C1,metro_12060,,,0.002826,13
13069,E,,,,0,
13071,E,,,,0,
13073,D,metro_12060,121.8,275,0,
13075,E,,,,0,
13077,C1,metro_12060,,,0.0005398,13
13079,D,metro_12060,77.7,297,0,
13081,E,,,,0,
13083,E,,,,0,
13085,C1,metro_12060,,,0.00009887,13
13087,E,,,,0,
13089,C1,metro_12060,,,0.002821,13
13091,D,metro_12060,149.4,312,0,
13093,E,,,,0,
13095,E,,,,0,
13097,C1,metro_12060,,,0.0005324,13
13099,E,,,,0,
13101,E,,,,0,
13103,E,,,,0,
13105,D,metro_12060,79.6,259,0,
13107,E,,,,0,
13109,E,,,,0,
13111,E,,,,0,
13113,C1,metro_12060,,,0.0004397,13
13115,E,,,,0,
13117,C1,metro_12060,,,0.0009281,13
13119,D,metro_12060,65.8,229,0,
13121,C1,metro_12060,,,0.003939,13
13123,E,,,,0,
13125,D,metro_12060,90.8,297,0,
13127,E,,,,0,
13129,E,,,,0,
13131,E,,,,0,
13133,D,metro_12060,29.3,284,0,
13135,C1,metro_12060,,,0.003534,13
13137,D,metro_12060,41.2,264,0,
13139,D,metro_12060,27.5,302,0,
13141,D,metro_12060,58.3,311,0,
13143,C1,metro_12060,,,0.0001105,13
13145,E,,,,0,
13147,D,metro_12060,81,240,0,
13149,C1,metro_12060,,,0.00004216,13
13151,C1,metro_12060,,,0.0008886,13
13153,D,metro_12060,88.9,313,0,
13155,E,,,,0,
13157,D,metro_12060,46.2,245,0,
13159,C1,metro_12060,,,0.0000538,13
13161,E,,,,0,
13163,D,metro_12060,116.2,301,0,
13165,E,,,,0,
13167,D,metro_12060,121.7,307,0,
13169,D,metro_12060,54.1,313,0,
13171,D,metro_12060,19.9,277,0,
13173,E,,,,0,
13175,D,metro_12060,130.5,312,0,
13177,E,,,,0,
13179,E,,,,0,
13181,D,metro_12060,98.3,259,0,
13183,E,,,,0,
13185,E,,,,0,
13187,C1,metro_12060,,,0.0001236,13
13189,D,metro_12060,95.6,280,0,
13191,E,,,,0,
13193,E,,,,0,
13195,D,metro_12060,46.6,255,0,
13197,E,,,,0,
13199,C1,metro_12060,,,0.00007604,13
13201,E,,,,0,
13205,E,,,,0,
13207,D,metro_12060,41.8,306,0,
13209,E,,,,0,
13211,C1,metro_12060,,,0.00007404,13
13213,E,,,,0,
13215,E,,,,0,
13217,C1,metro_12060,,,0.0004153,13
13219,D,metro_12060,27.6,298,0,
13221,D,metro_12060,54.2,279,0,
13223,C1,metro_12060,,,0.0006233,13
13225,D,metro_12060,92.8,301,0,
13227,C1,metro_12060,,,0.0001226,13
13229,E,,,,0,
13231,C1,metro_12060,,,0.00006979,13
13233,E,,,,0,
13235,D,metro_12060,139.2,307,0,
13237,D,metro_12060,36.6,277,0,
13239,E,,,,0,
13241,D,metro_12060,66.2,234,0,
13243,E,,,,0,
13245,D,metro_12060,134.3,279,0,
13247,C1,metro_12060,,,0.0003451,13
13249,E,,,,0,
13251,E,,,,0,
13253,E,,,,0,
13255,C1,metro_12060,,,0.0002485,13
13257,D,metro_12060,64.1,267,0,
13259,E,,,,0,
13261,E,,,,0,
13263,E,,,,0,
13265,D,metro_12060,55.7,274,0,
13267,E,,,,0,
13269,D,metro_12060,118.7,315,0,
13271,E,,,,0,
13273,E,,,,0,
13275,E,,,,0,
13277,E,,,,0,
13279,E,,,,0,
13281,D,metro_12060,80.4,228,0,
13283,E,,,,0,
13285,E,,,,0,
13287,E,,,,0,
13289,D,metro_12060,99.3,297,0,
13291,D,metro_12060,106,226,0,
13293,D,metro_12060,34.9,291,0,
13295,E,,,,0,
13297,C1,metro_12060,,,0.000357,13
13299,E,,,,0,
13301,D,metro_12060,79.4,286,0,
13303,D,metro_12060,98.8,297,0,
13305,E,,,,0,
13307,E,,,,0,
13309,E,,,,0,
13311,D,metro_12060,23.9,250,0,
13313,E,,,,0,
13315,E,,,,0,
13317,D,metro_12060,70,256,0,
13319,D,metro_12060,84.8,306,0,
13321,E,,,,0,
15001,E,,,,0,
15003,E,,,,0.009747,27
15005,E,,,,0,
15007,E,,,,0,
15009,E,,,,0,
16001,E,,,,0,
16003,E,,,,0,
16005,E,,,,0,
16007,E,,,,0,
16009,E,,,,0,
16011,E,,,,0,
16013,E,,,,0,
16015,E,,,,0,
16017,E,,,,0,
16019,E,,,,0,
16021,E,,,,0,
16023,E,,,,0,
16025,E,,,,0,
16027,E,,,,0,
16029,E,,,,0,
16031,E,,,,0,
16033,E,,,,0,
16035,E,,,,0,
16037,E,,,,0,
16039,E,,,,0,
16041,E,,,,0,
16043,E,,,,0,
16045,E,,,,0,
16047,E,,,,0,
16049,E,,,,0,
16051,E,,,,0,
16053,E,,,,0,
16055,E,,,,0,
16057,E,,,,0,
16059,E,,,,0,
16061,E,,,,0,
16063,E,,,,0,
16065,E,,,,0,
16067,E,,,,0,
16069,E,,,,0,
16071,E,,,,0,
16073,E,,,,0,
16075,E,,,,0,
16077,E,,,,0,
16079,E,,,,0,
16081,E,,,,0,
16083,E,,,,0,
16085,E,,,,0,
16087,E,,,,0,
17001,E,,,,0,
17003,E,,,,0,
17005,C2,metro_41180,,,0.0000562,29
17007,E,,,,0,
17009,E,,,,0,
17011,E,,,,0,
17013,C2,metro_41180,,,0.00001491,29
17015,E,,,,0,
17017,E,,,,0,
17019,E,,,,0,
17021,E,,,,0,
17023,E,,,,0,
17025,E,,,,0,
17027,C2,metro_41180,,,0.0001237,29
17029,E,,,,0,
17031,C1,metro_16980,,,0.02909,5
17033,C2,refinery_17033,,,0,
17035,E,,,,0,
17037,C1,metro_16980,,,0.000554,5
17039,E,,,,0,
17041,E,,,,0,
17043,C1,metro_16980,,,0.005145,5
17045,E,,,,0,
17047,E,,,,0,
17049,E,,,,0,
17051,E,,,,0,
17053,E,,,,0,
17055,E,,,,0,
17057,E,,,,0,
17059,E,,,,0,
17061,E,,,,0,
17063,C1,metro_16980,,,0.0002896,5
17065,E,,,,0,
17067,E,,,,0,
17069,E,,,,0,
17071,E,,,,0,
17073,E,,,,0,
17075,E,,,,0,
17077,E,,,,0,
17079,E,,,,0,
17081,E,,,,0,
17083,C2,metro_41180,,,0.00007227,29
17085,E,,,,0,
17087,E,,,,0,
17089,C1,metro_16980,,,0.002848,5
17091,D,metro_16980,46.8,298,0,
17093,C1,metro_16980,,,0.0007278,5
17095,E,,,,0,
17097,C1,metro_16980,,,0.003937,5
17099,E,,,,0,
17101,E,,,,0,
17103,E,,,,0,
17105,E,,,,0,
17107,E,,,,0,
17109,E,,,,0,
17111,C1,metro_16980,,,0.001712,5
17113,E,,,,0,
17115,E,,,,0,
17117,C2,metro_41180,,,0.0001511,29
17119,C2,metro_41180;refinery_17119,,,0.0008931,29
17121,E,,,,0,
17123,E,,,,0,
17125,E,,,,0,
17127,E,,,,0,
17129,E,,,,0,
17131,E,,,,0,
17133,C2,metro_41180,,,0.0001173,29
17135,E,,,,0,
17137,E,,,,0,
17139,E,,,,0,
17141,E,,,,0,
17143,E,,,,0,
17145,E,,,,0,
17147,E,,,,0,
17149,E,,,,0,
17151,E,,,,0,
17153,E,,,,0,
17155,E,,,,0,
17157,E,,,,0,
17159,E,,,,0,
17161,E,,,,0,
17163,C2,metro_41180,,,0.0008645,29
17165,E,,,,0,
17167,E,,,,0,
17169,E,,,,0,
17171,E,,,,0,
17173,E,,,,0,
17175,E,,,,0,
17177,E,,,,0,
17179,E,,,,0,
17181,E,,,,0,
17183,E,,,,0,
17185,E,,,,0,
17187,E,,,,0,
17189,E,,,,0,
17191,E,,,,0,
17193,E,,,,0,
17195,E,,,,0,
17197,C1,metro_16980,,,0.003841,5
17199,E,,,,0,
17201,E,,,,0,
17203,E,,,,0,
18001,E,,,,0,
18003,E,,,,0,
18005,E,,,,0,
18007,D,metro_16980,123.4,315,0,
18009,E,,,,0,
18011,C2,metro_26900,,,0.0001771,42
18013,C2,metro_26900,,,0.00003873,42
18015,D,metro_16980,80.5,306,0,
18017,D,metro_16980,77.7,299,0,
18019,C2,metro_31140,,,0,
18021,E,,,,0,
18023,E,,,,0,
18025,E,,,,0,
18027,E,,,,0,
18029,C2,metro_17140,,,0.0001413,38
18031,E,,,,0,
18033,E,,,,0,
18035,E,,,,0,
18037,E,,,,0,
18039,D,metro_16980,100.6,263,0,
18041,E,,,,0,
18043,C2,metro_31140,,,0,
18045,E,,,,0,
18047,C2,metro_17140,,,0.00006354,38
18049,D,metro_16980,78.3,272,0,
18051,E,,,,0,
18053,D,metro_16980,141.1,297,0,
18055,E,,,,0,
18057,C2,metro_26900,,,0.000869,42
18059,C2,metro_26900,,,0.0001996,42
18061,C2,metro_31140,,,0,
18063,C2,metro_26900,,,0.0004314,42
18065,E,,,,0,
18067,D,metro_16980,109.4,309,0,
18069,D,metro_16980,141.7,280,0,
18071,E,,,,0,
18073,C1,metro_16980,,,0.0001814,5
18075,E,,,,0,
18077,E,,,,0,
18079,E,,,,0,
18081,C2,metro_26900,,,0.0004046,42
18083,E,,,,0,
18085,D,metro_16980,109.7,285,0,
18087,D,metro_16980,136.8,265,0,
18089,C1,metro_16980,,,0.002751,5
18091,D,metro_16980,29.2,243,0,
18093,E,,,,0,
18095,C2,metro_26900,,,0.0003255,42
18097,C2,metro_26900,,,0.002445,42
18099,D,metro_16980,71.8,285,0,
18101,E,,,,0,
18103,D,metro_16980,98.5,294,0,
18105,E,,,,0,
18107,E,,,,0,
18109,C2,metro_26900,,,0.0001795,42
18111,C1,metro_16980,,,0.0000762,5
18113,D,metro_16980,143.3,275,0,
18115,C2,metro_17140,,,0.00001655,38
18117,E,,,,0,
18119,E,,,,0,
18121,E,,,,0,
18123,E,,,,0,
18125,E,,,,0,
18127,C1,metro_16980,,,0.0009557,5
18129,E,,,,0,
18131,D,metro_16980,39.2,275,0,
18133,E,,,,0,
18135,E,,,,0,
18137,E,,,,0,
18139,E,,,,0,
18141,D,metro_16980,75.2,256,0,
18143,E,,,,0,
18145,C2,metro_26900,,,0.0001127,42
18147,E,,,,0,
18149,D,metro_16980,47.1,303,0,
18151,E,,,,0,
18153,E,,,,0,
18155,E,,,,0,
18157,E,,,,0,
18159,C2,metro_26900,,,0.00003841,42
18161,E,,,,0,
18163,E,,,,0,
18165,E,,,,0,
18167,E,,,,0,
18169,D,metro_16980,115.8,283,0,
18171,E,,,,0,
18173,E,,,,0,
18175,C2,metro_31140,,,0,
18177,E,,,,0,
18179,E,,,,0,
18181,D,metro_16980,55.2,300,0,
18183,D,metro_16980,140.4,267,0,
19001,B,warren_field,712.9,272,0,
19003,B,warren_field,695.7,275,0,
19005,E,,,,0,
19007,E,,,,0,
19009,B,warren_field,675.7,268,0,
19011,E,,,,0,
19013,E,,,,0,
19015,B,warren_field,763.1,266,0,
19017,E,,,,0,
19019,E,,,,0,
19021,B,warren_field,667.2,259,0,
19023,E,,,,0,
19025,B,warren_field,707.3,262,0,
19027,B,warren_field,682.8,265,0,
19029,B,warren_field,671.2,271,0,
19031,E,,,,0,
19033,B,minot_field,741.6,314,0,
19035,B,warren_field,636.4,257,0,
19037,E,,,,0,
19039,B,warren_field,772.9,275,0,
19041,B,warren_field;minot_field,680.9,254,0,
19043,E,,,,0,
19045,E,,,,0,
19047,B,warren_field,642.4,264,0,
19049,B,warren_field,760.8,270,0,
19051,E,,,,0,
19053,B,warren_field,773.7,277,0,
19055,E,,,,0,
19057,E,,,,0,
19059,B,minot_field;warren_field,681.3,316,0,
19061,E,,,,0,
19063,B,minot_field;warren_field,636.3,319,0,
19065,E,,,,0,
19067,B,minot_field,775.3,313,0,
19069,B,minot_field,772.2,316,0,
19071,B,warren_field,622.7,277,0,
19073,B,warren_field,722.9,266,0,
19075,E,,,,0,
19077,B,warren_field,717,269,0,
19079,B,warren_field,777.2,263,0,
19081,B,minot_field;warren_field,718.9,316,0,
19083,B,minot_field,799.4,318,0,
19085,B,warren_field,602.7,268,0,
19087,E,,,,0,
19089,B,minot_field,786.2,309,0,
19091,B,warren_field;minot_field,746.3,260,0,
19093,B,warren_field,635.6,261,0,
19095,E,,,,0,
19097,E,,,,0,
19099,E,,,,0,
19101,E,,,,0,
19103,E,,,,0,
19105,E,,,,0,
19107,E,,,,0,
19109,B,minot_field;warren_field,686.2,318,0,
19111,E,,,,0,
19113,E,,,,0,
19115,E,,,,0,
19117,E,,,,0,
19119,B,warren_field,607.7,249,0,
19121,B,warren_field,754,272,0,
19123,E,,,,0,
19125,E,,,,0,
19127,E,,,,0,
19129,A,offutt_afb,20.6,296,0,
19131,B,minot_field,752.7,311,0,
19133,B,warren_field,591,263,0,
19135,E,,,,0,
19137,B,warren_field,657.2,275,0,
19139,E,,,,0,
19141,B,warren_field,639.2,253,0,
19143,B,warren_field;minot_field,649.2,251,0,
19145,B,warren_field,658.7,277,0,
19147,B,warren_field;minot_field,717.1,256,0,
19149,B,warren_field,587.9,255,0,
19151,B,warren_field;minot_field,706.9,259,0,
19153,B,warren_field,782.4,270,0,
19155,A,offutt_afb,19.3,212,0,
19157,E,,,,0,
19159,B,warren_field,738.2,277,0,
19161,B,warren_field,669.1,262,0,
19163,E,,,,0,
19165,B,warren_field,642.6,268,0,
19167,B,warren_field,601,252,0,
19169,B,warren_field,786.7,267,0,
19171,E,,,,0,
19173,B,warren_field,701,277,0,
19175,B,warren_field,728,274,0,
19177,E,,,,0,
19179,E,,,,0,
19181,B,warren_field,786.4,272,0,
19183,E,,,,0,
19185,E,,,,0,
19187,B,warren_field,744.7,262,0,
19189,B,minot_field,701.4,315,0,
19191,E,,,,0,
19193,B,warren_field,569.7,258,0,
19195,B,minot_field,723.5,313,0,
19197,B,minot_field;warren_field,745.4,319,0,
20001,B,warren_field,734.7,298,0,
20003,B,warren_field,725.6,295,0,
20005,B,warren_field,684.8,284,0,
20007,B,warren_field,553.4,316,0,
20009,B,warren_field,452.8,306,0,
20011,B,warren_field,785.7,297,0,
20013,B,warren_field,647.6,282,0,
20015,B,warren_field,621.7,304,0,
20017,B,warren_field,618.8,297,0,
20019,B,warren_field,716.4,306,0,
20021,E,,,,0,
20023,B,warren_field,156.6,313,0,
20025,B,warren_field,531.6,314,0,
20027,B,warren_field,530.4,289,0,
20029,B,warren_field,482.3,288,0,
20031,B,warren_field,688,296,0,
20033,B,warren_field,569.5,312,0,
20035,B,warren_field,658.3,309,0,
20037,E,,,,0,
20039,B,warren_field,243.8,296,0,
20041,B,warren_field,546.9,294,0,
20043,B,warren_field,688.2,281,0,
20045,B,warren_field,697.7,289,0,
20047,B,warren_field,448.6,315,0,
20049,B,warren_field,695.9,304,0,
20051,B,warren_field,381.1,304,0,
20053,B,warren_field,468.6,300,0,
20055,B,warren_field,417.2,315,0,
20057,B,warren_field,490.1,311,0,
20059,B,warren_field,710.3,292,0,
20061,B,warren_field,565.3,291,0,
20063,B,warren_field,297.5,310,0,
20065,B,warren_field,314.7,300,0,
20067,E,,,,0,
20069,B,warren_field,465.2,314,0,
20071,B,warren_field,322.2,316,0,
20073,B,warren_field,671,300,0,
20075,E,,,,0,
20077,B,warren_field,585,313,0,
20079,B,warren_field,573.6,303,0,
20081,E,,,,0,
20083,B,warren_field,476.2,307,0,
20085,B,warren_field,641.4,286,0,
20087,B,warren_field,676.7,287,0,
20089,B,warren_field,428.3,286,0,
20091,C1,kcnsc,17.7,112,0.001767,37
20093,E,,,,0,
20095,B,warren_field,552.5,310,0,
20097,B,warren_field,551.7,308,0,
20099,B,warren_field,778.3,302,0,
20101,B,warren_field,404.8,306,0,
20103,B,warren_field,712.1,286,0.0002372,37
20105,B,warren_field,458.8,296,0,
20107,B,warren_field,762.9,294,0.00002779,37
20109,B,warren_field,258.9,315,0,
20111,B,warren_field,645.5,296,0,
20113,B,warren_field,534.5,301,0,
20115,B,warren_field,576.9,299,0,
20117,B,warren_field,562.3,283,0,
20119,E,,,,0,
20121,B,warren_field,745.4,291,0.00009905,37
20123,B,warren_field,441.4,290,0,
20125,B,warren_field,753.4,304,0,
20127,B,warren_field,600.8,294,0,
20129,E,,,,0,
20131,B,warren_field,612.4,282,0,
20133,B,warren_field,747.3,300,0,
20135,B,warren_field,369.9,313,0,
20137,B,warren_field,290.6,291,0,
20139,B,warren_field,669.9,292,0,
20141,B,warren_field,400.2,293,0,
20143,B,warren_field,495.5,293,0,
20145,B,warren_field,441.4,311,0,
20147,B,warren_field,335.3,290,0,
20149,B,warren_field,598.5,288,0,
20151,B,warren_field,508.5,314,0,
20153,B,warren_field,201.1,301,0,
20155,B,warren_field,533.8,305,0,
20157,B,warren_field,471.7,284,0,
20159,B,warren_field,497.5,304,0,
20161,B,warren_field,576.2,289,0,
20163,B,warren_field,357.5,297,0,
20165,B,warren_field,407.7,308,0,
20167,B,warren_field,416.5,300,0,
20169,B,warren_field,514.7,296,0,
20171,B,warren_field,376.5,309,0,
20173,B,warren_field,599.8,306,0,
20175,E,,,,0,
20177,B,warren_field,657.4,289,0,
20179,B,warren_field,269.9,305,0,
20181,B,warren_field,263.2,301,0,
20183,B,warren_field,378.9,288,0,
20185,B,warren_field,481.5,310,0,
20187,E,,,,0,
20189,E,,,,0,
20191,B,warren_field,621.2,310,0,
20193,B,warren_field,229.1,311,0,
20195,B,warren_field,334.3,306,0,
20197,B,warren_field,620.6,290,0,
20199,B,warren_field,291.1,310,0,
20201,B,warren_field,523.3,284,0,
20203,B,warren_field,346.7,312,0,
20205,B,warren_field,727.7,302,0,
20207,B,warren_field,707.6,299,0,
20209,B,warren_field,736.6,287,0.0004903,37
21001,E,,,,0,
21003,E,,,,0,
21005,E,,,,0,
21007,E,,,,0,
21009,E,,,,0,
21011,E,,,,0,
21013,E,,,,0,
21015,C2,metro_17140,,,0.0003793,38
21017,E,,,,0,
21019,C2,refinery_21019,,,0,
21021,E,,,,0,
21023,C2,metro_17140,,,0.00002341,38
21025,E,,,,0,
21027,E,,,,0,
21029,C2,metro_31140,,,0,
21031,E,,,,0,
21033,E,,,,0,
21035,E,,,,0,
21037,C2,metro_17140,,,0.0002593,38
21039,E,,,,0,
21041,E,,,,0,
21043,E,,,,0,
21045,E,,,,0,
21047,E,,,,0,
21049,E,,,,0,
21051,E,,,,0,
21053,E,,,,0,
21055,E,,,,0,
21057,E,,,,0,
21059,E,,,,0,
21061,E,,,,0,
21063,E,,,,0,
21065,E,,,,0,
21067,E,,,,0,
21069,E,,,,0,
21071,E,,,,0,
21073,E,,,,0,
21075,E,,,,0,
21077,C2,metro_17140,,,0.00002423,38
21079,E,,,,0,
21081,C2,metro_17140,,,0.00006942,38
21083,E,,,,0,
21085,E,,,,0,
21087,E,,,,0,
21089,E,,,,0,
21091,E,,,,0,
21093,E,,,,0,
21095,E,,,,0,
21097,E,,,,0,
21099,E,,,,0,
21101,E,,,,0,
21103,C2,metro_31140,,,0,
21105,E,,,,0,
21107,E,,,,0,
21109,E,,,,0,
21111,C2,metro_31140,,,0,
21113,E,,,,0,
21115,E,,,,0,
21117,C2,metro_17140,,,0.0004714,38
21119,E,,,,0,
21121,E,,,,0,
21123,E,,,,0,
21125,E,,,,0,
21127,E,,,,0,
21129,E,,,,0,
21131,E,,,,0,
21133,E,,,,0,
21135,E,,,,0,
21137,E,,,,0,
21139,E,,,,0,
21141,E,,,,0,
21143,E,,,,0,
21145,E,,,,0,
21147,E,,,,0,
21149,E,,,,0,
21151,E,,,,0,
21153,E,,,,0,
21155,E,,,,0,
21157,E,,,,0,
21159,E,,,,0,
21161,E,,,,0,
21163,C2,metro_31140,,,0,
21165,E,,,,0,
21167,E,,,,0,
21169,E,,,,0,
21171,E,,,,0,
21173,E,,,,0,
21175,E,,,,0,
21177,E,,,,0,
21179,C2,metro_31140,,,0,
21181,E,,,,0,
21183,E,,,,0,
21185,C2,metro_31140,,,0,
21187,E,,,,0,
21189,E,,,,0,
21191,C2,metro_17140,,,0.00004078,38
21193,E,,,,0,
21195,E,,,,0,
21197,E,,,,0,
21199,E,,,,0,
21201,E,,,,0,
21203,E,,,,0,
21205,E,,,,0,
21207,E,,,,0,
21209,E,,,,0,
21211,C2,metro_31140,,,0,
21213,E,,,,0,
21215,C2,metro_31140,,,0,
21217,E,,,,0,
21219,E,,,,0,
21221,E,,,,0,
21223,E,,,,0,
21225,E,,,,0,
21227,E,,,,0,
21229,E,,,,0,
21231,E,,,,0,
21233,E,,,,0,
21235,E,,,,0,
21237,E,,,,0,
21239,E,,,,0,
22001,E,,,,0,
22003,E,,,,0,
22005,C2,port_8,,,0,
22007,E,,,,0,
22009,E,,,,0,
22011,E,,,,0,
22013,D,barksdale_afb,50.6,285,0,
22015,A,barksdale_afb,,,0,
22017,A,barksdale_afb,19,79,0,
22019,C2,port_10;refinery_22019,,,0,
22021,D,barksdale_afb,148.4,289,0,
22023,E,,,,0,
22025,E,,,,0,
22027,D,barksdale_afb,64.3,236,0,
22029,E,,,,0,
22031,E,,,,0,
22033,C2,port_8;refinery_22033,,,0,
22035,E,,,,0,
22037,E,,,,0,
22039,E,,,,0,
22041,E,,,,0,
22043,E,,,,0,
22045,E,,,,0,
22047,C2,port_8,,,0,
22049,D,barksdale_afb,93,285,0,
22051,C2,port_6,,,0.003055,32
22053,E,,,,0,
22055,E,,,,0,
22057,E,,,,0,
22059,E,,,,0,
22061,D,barksdale_afb,89.7,267,0,
22063,E,,,,0,
22065,E,,,,0,
22067,E,,,,0,
22069,E,,,,0,
22071,C2,port_6,,,0.00266,32
22073,D,barksdale_afb,137.7,270,0,
22075,E,,,,0.0001626,32
22077,E,,,,0,
22079,E,,,,0,
22081,E,,,,0,
22083,E,,,,0,
22085,E,,,,0,
22087,C2,port_6,,,0.0003031,32
22089,C2,port_2;refinery_22089,,,0.0003639,32
22091,E,,,,0,
22093,C2,port_2,,,0.0001398,32
22095,C2,port_2;refinery_22095,,,0.0002945,32
22097,E,,,,0,
22099,E,,,,0,
22101,E,,,,0,
22103,E,,,,0,
22105,E,,,,0,
22107,E,,,,0,
22109,E,,,,0,
22111,D,barksdale_afb,117,254,0,
22113,E,,,,0,
22115,E,,,,0,
22117,E,,,,0,
22119,D,barksdale_afb,33,228,0,
22121,C2,port_8,,,0,
22123,E,,,,0,
22125,E,,,,0,
22127,D,barksdale_afb,107.4,306,0,
23001,E,,,,0,
23003,E,,,,0,
23005,E,,,,0,
23007,E,,,,0,
23009,E,,,,0,
23011,E,,,,0,
23013,E,,,,0,
23015,E,,,,0,
23017,E,,,,0,
23019,E,,,,0,
23021,E,,,,0,
23023,E,,,,0,
23025,E,,,,0,
23027,E,,,,0,
23029,E,,,,0,
23031,E,,,,0,
24001,E,,,,0,
24003,C2,metro_12580,,,0.00244,21
24005,C2,metro_12580,,,0.003546,21
24009,D,metro_47900;pentagon;mount_weather,35.6,276,0,
24011,D,metro_47900;pentagon,91.7,273,0,
24013,C2,metro_12580,,,0.0007173,21
24015,C1,metro_37980,,,0.0004722,8
24017,C1,metro_47900,,,0.001462,3
24019,D,metro_47900;pentagon,81.7,271,0,
24021,C1,metro_47900,,,0.002384,3
24023,E,,,,0,
24025,C2,metro_12580,,,0.001082,21
24027,C2,metro_12580,,,0.001379,21
24029,D,metro_47900;pentagon;raven_rock,80.8,243,0,
24031,A,pentagon,24.8,166,0.009319,3
24033,A,pentagon,15.1,253,0.008484,3
24035,C2,metro_12580,,,0.0002069,21
24037,D,metro_47900;mount_weather,44.6,313,0,
24039,D,metro_47900;pentagon,116.6,296,0,
24041,D,metro_47900;pentagon,70.2,283,0,
24043,A,raven_rock,29.6,64,0,
24045,D,metro_47900;pentagon,120.5,282,0,
24047,E,,,,0,
24510,C2,metro_12580,,,0.002431,21
25001,A,cape_cod_sfs,,,0,
25003,E,,,,0,
25005,C2,metro_39300,,,0,
25007,E,,,,0,
25009,C2,metro_14460,,,0.004182,11
25011,E,,,,0,
25013,D,metro_35620,123.8,230,0,
25015,E,,,,0,
25017,C2,metro_14460,,,0.008427,11
25019,E,,,,0,
25021,C2,metro_14460,,,0.003751,11
25023,C2,metro_14460,,,0.002742,11
25025,C2,metro_14460,,,0.004117,11
25027,E,,,,0,
26001,E,,,,0,
26003,E,,,,0,
26005,E,,,,0,
26007,E,,,,0,
26009,E,,,,0,
26011,E,,,,0,
26013,E,,,,0,
26015,C2,metro_24340,,,0,
26017,E,,,,0,
26019,E,,,,0,
26021,D,metro_16980,78.1,228,0,
26023,E,,,,0,
26025,E,,,,0,
26027,D,metro_16980,97.8,245,0,
26029,E,,,,0,
26031,E,,,,0,
26033,E,,,,0,
26035,E,,,,0,
26037,E,,,,0,
26039,E,,,,0,
26041,E,,,,0,
26043,E,,,,0,
26045,E,,,,0,
26047,E,,,,0,
26049,E,,,,0,
26051,E,,,,0,
26053,B,minot_field,793.3,283,0,
26055,E,,,,0,
26057,E,,,,0,
26059,E,,,,0,
26061,E,,,,0,
26063,E,,,,0,
26065,E,,,,0,
26067,C2,metro_24340,,,0,
26069,E,,,,0,
26071,E,,,,0,
26073,E,,,,0,
26075,E,,,,0,
26077,E,,,,0,
26079,E,,,,0,
26081,C2,metro_24340,,,0,
26083,E,,,,0,
26085,E,,,,0,
26087,C2,metro_19820,,,0.0002489,20
26089,E,,,,0,
26091,E,,,,0,
26093,C2,metro_19820,,,0.0005439,20
26095,E,,,,0,
26097,E,,,,0,
26099,C2,metro_19820,,,0.002473,20
26101,E,,,,0,
26103,E,,,,0,
26105,E,,,,0,
26107,E,,,,0,
26109,E,,,,0,
26111,E,,,,0,
26113,E,,,,0,
26115,E,,,,0,
26117,C2,metro_24340,,,0,
26119,E,,,,0,
26121,E,,,,0,
26123,E,,,,0,
26125,C2,metro_19820,,,0.003579,20
26127,E,,,,0,
26129,E,,,,0,
26131,E,,,,0,
26133,E,,,,0,
26135,E,,,,0,
26137,E,,,,0,
26139,C2,metro_24340,,,0,
26141,E,,,,0,
26143,E,,,,0,
26145,E,,,,0,
26147,C2,metro_19820,,,0.0004506,20
26149,D,metro_16980,137.4,253,0,
26151,E,,,,0,
26153,E,,,,0,
26155,E,,,,0,
26157,E,,,,0,
26159,D,metro_16980,123.4,228,0,
26161,E,,,,0,
26163,C2,metro_19820,,,0.005037,20
26165,E,,,,0,
27001,B,minot_field,526.9,285,0,
27003,B,minot_field,602.8,299,0.001409,16
27005,B,minot_field,353.2,285,0,
27007,B,minot_field,410,272,0,
27009,B,minot_field,522.4,297,0,
27011,B,minot_field;warren_field,384,311,0,
27013,B,minot_field,622.4,310,0,
27015,B,minot_field;warren_field,575.4,312,0,
27017,B,minot_field,599,283,0,
27019,B,minot_field,595.6,303,0.0004139,16
27021,B,minot_field,454.6,283,0,
27023,B,minot_field;warren_field,464.7,310,0,
27025,B,minot_field,613.9,295,0.0002191,16
27027,B,minot_field,287.7,288,0,
27029,B,minot_field,370.7,272,0,
27031,B,minot_field,747.8,272,0,
27033,B,minot_field;warren_field,572,317,0,
27035,B,minot_field,484.8,288,0,
27037,B,minot_field,634.9,302,0.001703,16
27039,B,minot_field,703.9,307,0,
27041,B,minot_field,419.9,298,0,
27043,B,minot_field;warren_field,658.2,313,0,
27045,B,minot_field,772.6,307,0,
27047,B,minot_field,695,311,0,
27049,B,minot_field,686.4,303,0,
27051,B,minot_field;warren_field,381,300,0,
27053,B,minot_field,608.6,301,0.00496,16
27055,E,,,,0,
27057,B,minot_field,410.9,280,0,
27059,B,minot_field,585.9,295,0.0001592,16
27061,B,minot_field,512.8,276,0,
27063,B,minot_field;warren_field,660.9,314,0,
27065,B,minot_field,568,292,0,
27067,B,minot_field;warren_field,488.7,305,0,
27069,B,minot_field,289.5,260,0,
27071,B,minot_field,518.8,261,0,
27073,B,minot_field;warren_field,433.1,313,0,
27075,B,minot_field,661.4,277,0,
27077,B,minot_field,434.7,254,0,
27079,B,minot_field,621.4,307,0.0001109,16
27081,B,minot_field;warren_field,540.5,314,0,
27083,B,minot_field;warren_field,495.4,317,0,
27085,B,minot_field,556,305,0,
27087,B,minot_field,339.3,277,0,
27089,B,minot_field,294.3,256,0,
27091,B,minot_field;warren_field,627.8,316,0,
27093,B,minot_field,524.6,303,0,
27095,B,minot_field,548.8,294,0.0001022,16
27097,B,minot_field,490.1,293,0,
27099,B,minot_field,722.9,310,0,
27101,B,minot_field;warren_field,600.1,315,0,
27103,B,minot_field,609.1,309,0,
27105,B,minot_field;warren_field,632.1,317,0,
27107,B,minot_field,290.8,277,0,
27109,B,minot_field,725.5,306,0,
27111,B,minot_field,368.2,292,0,
27113,B,minot_field,317.5,261,0,
27115,B,minot_field,591.4,290,0,
27117,B,minot_field;warren_field,571,317,0,
27119,B,minot_field,283,267,0,
27121,B,minot_field;warren_field,432,302,0,
27123,B,minot_field,625,300,0.002138,16
27125,B,minot_field,315.7,266,0,
27127,B,minot_field;warren_field,528.6,313,0,
27129,B,minot_field;warren_field,522.7,309,0,
27131,B,minot_field,652.1,306,0,
27133,B,warren_field;minot_field,618.1,246,0,
27135,B,minot_field,373,262,0,
27137,B,minot_field,607,278,0,
27139,B,minot_field,617.1,304,0.0005842,16
27141,B,minot_field,560.9,298,0.0003761,16
27143,B,minot_field,580.5,307,0,
27145,B,minot_field,509,298,0,
27147,B,minot_field,675.5,308,0,
27149,B,minot_field;warren_field,403.9,305,0,
27151,B,minot_field;warren_field,441.8,307,0,
27153,B,minot_field,446.9,294,0,
27155,B,minot_field;warren_field,353.1,307,0,
27157,B,minot_field,725.2,303,0,
27159,B,minot_field,417.2,288,0,
27161,B,minot_field,654.7,309,0,
27163,B,minot_field,638,300,0.001036,16
27165,B,minot_field;warren_field,597.9,314,0,
27167,B,minot_field;warren_field,321.2,297,0,
27169,B,minot_field,775.4,304,0,
27171,B,minot_field,565.1,300,0.0005471,16
27173,B,minot_field;warren_field,469.1,314,0,
28001,E,,,,0,
28003,E,,,,0,
28005,E,,,,0,
28007,E,,,,0,
28009,C2,metro_32820,,,0,
28011,E,,,,0,
28013,E,,,,0,
28015,E,,,,0,
28017,E,,,,0,
28019,E,,,,0,
28021,E,,,,0,
28023,E,,,,0,
28025,E,,,,0,
28027,E,,,,0,
28029,E,,,,0,
28031,E,,,,0,
28033,C2,metro_32820,,,0,
28035,E,,,,0,
28037,E,,,,0,
28039,E,,,,0,
28041,E,,,,0,
28043,E,,,,0,
28045,E,,,,0,
28047,E,,,,0,
28049,E,,,,0,
28051,E,,,,0,
28053,E,,,,0,
28055,E,,,,0,
28057,E,,,,0,
28059,C2,refinery_28059,,,0,
28061,E,,,,0,
28063,E,,,,0,
28065,E,,,,0,
28067,E,,,,0,
28069,E,,,,0,
28071,E,,,,0,
28073,E,,,,0,
28075,E,,,,0,
28077,E,,,,0,
28079,E,,,,0,
28081,E,,,,0,
28083,E,,,,0,
28085,E,,,,0,
28087,E,,,,0,
28089,E,,,,0,
28091,E,,,,0,
28093,C2,metro_32820,,,0,
28095,E,,,,0,
28097,E,,,,0,
28099,E,,,,0,
28101,E,,,,0,
28103,E,,,,0,
28105,E,,,,0,
28107,E,,,,0,
28109,E,,,,0,
28111,E,,,,0,
28113,E,,,,0,
28115,E,,,,0,
28117,E,,,,0,
28119,E,,,,0,
28121,E,,,,0,
28123,E,,,,0,
28125,E,,,,0,
28127,E,,,,0,
28129,E,,,,0,
28131,E,,,,0,
28133,E,,,,0,
28135,E,,,,0,
28137,C2,metro_32820,,,0,
28139,E,,,,0,
28141,E,,,,0,
28143,C2,metro_32820,,,0,
28145,E,,,,0,
28147,E,,,,0,
28149,E,,,,0,
28151,E,,,,0,
28153,E,,,,0,
28155,E,,,,0,
28157,E,,,,0,
28159,E,,,,0,
28161,E,,,,0,
28163,E,,,,0,
29001,E,,,,0,
29003,B,warren_field,706.8,284,0,
29005,B,warren_field,643.4,280,0,
29007,E,,,,0,
29009,E,,,,0,
29011,E,,,,0,
29013,B,warren_field,796.3,293,0.0000464,37
29015,D,kcnsc,109.1,298,0,
29017,E,,,,0,
29019,D,whiteman_afb,109.5,257,0,
29021,B,warren_field,710.1,281,0,
29023,E,,,,0,
29025,B,warren_field,780.8,282,0.00002542,37
29027,D,whiteman_afb,135,267,0,
29029,E,,,,0,
29031,E,,,,0,
29033,D,kcnsc,92.9,242,0,
29035,E,,,,0,
29037,C1,kcnsc,16.8,320,0.0003121,37
29039,E,,,,0,
29041,D,kcnsc,140.6,248,0,
29043,E,,,,0,
29045,E,,,,0,
29047,B,warren_field,749.9,285,0.0007329,37
29049,B,warren_field,751.4,282,0.00006132,37
29051,D,whiteman_afb,117.3,280,0,
29053,D,whiteman_afb;kcnsc,70.4,254,0,
29055,E,,,,0,
29057,E,,,,0,
29059,E,,,,0,
29061,B,warren_field,775.5,283,0,
29063,B,warren_field,747.5,281,0,
29065,E,,,,0,
29067,E,,,,0,
29069,E,,,,0,
29071,C2,metro_41180,,,0.0003513,29
29073,E,,,,0,
29075,B,warren_field,731.5,282,0,
29077,E,,,,0,
29079,E,,,,0,
29081,B,warren_field,765.1,280,0,
29083,D,kcnsc,71.7,304,0,
29085,D,kcnsc,133.6,315,0,
29087,B,warren_field,671.8,283,0,
29089,D,whiteman_afb,86.4,238,0,
29091,E,,,,0,
29093,E,,,,0,
29095,C1,kcnsc,,,0.002077,37
29097,E,,,,0,
29099,C2,metro_41180,,,0.000762,29
29101,A,whiteman_afb,,,0,
29103,E,,,,0,
29105,E,,,,0,
29107,C2,metro_28140,,,0.0000954,37
29109,E,,,,0,
29111,E,,,,0,
29113,C2,metro_41180,,,0.0001999,29
29115,D,kcnsc,147.2,234,0,
29117,D,kcnsc,140.9,227,0,
29119,E,,,,0,
29121,E,,,,0,
29123,E,,,,0,
29125,E,,,,0,
29127,E,,,,0,
29129,B,warren_field,798.3,279,0,
29131,D,whiteman_afb,105.5,301,0,
29133,E,,,,0,
29135,D,whiteman_afb,82.5,278,0,
29137,E,,,,0,
29139,E,,,,0,
29141,D,whiteman_afb;kcnsc,72,302,0,
29143,E,,,,0,
29145,E,,,,0,
29147,B,warren_field,692.1,281,0,
29149,E,,,,0,
29151,D,whiteman_afb,148.1,282,0,
29153,E,,,,0,
29155,E,,,,0,
29157,E,,,,0,
29159,A,whiteman_afb,26.6,277,0,
29161,E,,,,0,
29163,E,,,,0,
29165,B,warren_field,734.2,286,0.0003086,37
29167,E,,,,0,
29169,E,,,,0,
29171,E,,,,0,
29173,E,,,,0,
29175,D,whiteman_afb,121.7,232,0,
29177,B,warren_field,783.7,284,0.00006706,37
29179,E,,,,0,
29181,E,,,,0,
29183,C2,metro_41180,,,0.001362,29
29185,E,,,,0,
29186,E,,,,0,
29187,E,,,,0,
29189,C2,metro_41180,,,0.003375,29
29195,D,kcnsc,107.8,264,0,
29197,E,,,,0,
29199,E,,,,0,
29201,E,,,,0,
29203,E,,,,0,
29205,E,,,,0,
29207,E,,,,0,
29209,E,,,,0,
29211,E,,,,0,
29213,E,,,,0,
29215,E,,,,0,
29217,E,,,,0,
29219,C2,metro_41180,,,0.0001192,29
29221,E,,,,0,
29223,E,,,,0,
29225,E,,,,0,
29227,B,warren_field,725.5,279,0,
29229,E,,,,0,
29510,C2,metro_41180,,,0.001013,29
30001,E,,,,0,
30003,B,malmstrom_field,209.3,300,0,
30005,B,malmstrom_field,131,243,0,
30007,B,malmstrom_field,58.4,54,0,
30009,B,malmstrom_field,199.7,315,0,
30011,B,malmstrom_field,398.9,297,0,
30013,A,malmstrom_afb;malmstrom_field,,,0,
30015,A,malmstrom_field,,,0,
30017,B,malmstrom_field,275.6,291,0,
30019,B,malmstrom_field,331.8,240,0,
30021,B,malmstrom_field,339,273,0,
30023,E,,,,0,
30025,B,malmstrom_field,386.3,286,0,
30027,A,malmstrom_field,,,0,
30029,E,,,,0,
30031,E,,,,0,
30033,B,malmstrom_field,172.8,268,0,
30035,E,,,,0,
30037,B,malmstrom_field,60.7,292,0,
30039,E,,,,0,
30041,B,malmstrom_field,201.8,249,0,
30043,E,,,,0,
30045,A,malmstrom_field,,,0,
30047,E,,,,0,
30049,A,malmstrom_field,,,0,
30051,B,malmstrom_field,125,231,0,
30053,E,,,,0,
30055,B,malmstrom_field,273.3,263,0,
30057,E,,,,0,
30059,A,malmstrom_field,,,0,
30061,E,,,,0,
30063,E,,,,0,
30065,B,malmstrom_field,105.6,275,0,
30067,E,,,,0,
30069,B,malmstrom_field,73.1,289,0,
30071,B,malmstrom_field,198.1,255,0,
30073,B,malmstrom_field,44.6,192,0,
30075,B,malmstrom_field,345.7,306,0,
30077,E,,,,0,
30079,B,malmstrom_field,303.4,280,0,
30081,E,,,,0,
30083,B,malmstrom_field,382,264,0,
30085,B,malmstrom_field,317.6,253,0,
30087,B,malmstrom_field,248.3,307,0,
30089,E,,,,0,
30091,B,malmstrom_field,390.7,246,0,
30093,E,,,,0,
30095,B,malmstrom_field,168.8,310,0,
30097,B,malmstrom_field,74.4,3,0,
30099,A,malmstrom_field,,,0,
30101,E,,,,0,
30103,B,malmstrom_field,186.1,306,0,
30105,B,malmstrom_field,230.7,242,0,
30107,A,malmstrom_field,,,0,
30109,B,malmstrom_field,382.6,276,0,
30111,B,malmstrom_field,128,308,0,
31001,B,warren_field,392.6,282,0,
31003,B,warren_field,424.3,258,0,
31005,B,warren_field,118,251,0,
31007,A,warren_field,,,0,
31009,B,warren_field,261.1,254,0,
31011,B,warren_field,419.7,265,0,
31013,B,warren_field;malmstrom_field,95,226,0,
31015,B,warren_field,398.7,244,0,
31017,B,warren_field,300.6,242,0,
31019,B,warren_field,334.9,280,0,
31021,B,warren_field,559,265,0,
31023,B,warren_field,490.8,272,0,
31025,A,offutt_afb,23.7,32,0,
31027,B,warren_field,500.2,254,0,
31029,B,warren_field,126.2,282,0,
31031,B,warren_field,256.1,228,0,
31033,A,warren_field,,,0,
31035,B,warren_field,425.5,282,0,
31037,B,warren_field,496.4,268,0,
31039,B,warren_field,525.7,264,0,
31041,B,warren_field,279.6,267,0,
31043,B,warren_field,561.4,258,0,
31045,B,warren_field;malmstrom_field,131,234,0,
31047,B,warren_field,268.2,280,0,
31049,B,warren_field,58.2,284,0,
31051,B,warren_field,530.1,257,0,
31053,B,warren_field,541.9,269,0,
31055,A,offutt_afb,19.4,138,0,
31057,B,warren_field,144.9,300,0,
31059,B,warren_field,462.7,281,0,
31061,B,warren_field,355.1,281,0,
31063,B,warren_field,227.4,274,0,
31065,B,warren_field,272.1,282,0,
31067,B,warren_field,540.5,283,0,
31069,B,warren_field,62.2,248,0,
31071,B,warren_field,331.9,260,0,
31073,B,warren_field,275.7,274,0,
31075,B,warren_field,135.4,232,0,
31077,B,warren_field,378.3,266,0,
31079,B,warren_field,389.9,276,0,
31081,B,warren_field,420,277,0,
31083,B,warren_field,318.4,283,0,
31085,B,warren_field,174.1,279,0,
31087,B,warren_field,185.6,289,0,
31089,B,warren_field,379.7,250,0,
31091,B,warren_field,185.5,242,0,
31093,B,warren_field,378.3,272,0,
31095,B,warren_field,507.2,279,0,
31097,B,warren_field,577.9,281,0,
31099,B,warren_field,346.8,275,0,
31101,B,warren_field,110.1,275,0,
31103,B,warren_field,328.4,237,0,
31105,A,warren_field,,,0,
31107,B,warren_field,460.1,252,0,
31109,B,warren_field,533.9,277,0,
31111,B,warren_field,186.3,274,0,
31113,B,warren_field,211.4,262,0,
31115,B,warren_field,307.1,258,0,
31117,B,warren_field,171.8,258,0,
31119,B,warren_field,469.7,261,0,
31121,B,warren_field,416.4,273,0,
31123,B,warren_field;malmstrom_field,50.5,248,0,
31125,B,warren_field,427.7,269,0,
31127,B,warren_field,610.2,281,0,
31129,B,warren_field,431.1,281,0,
31131,B,warren_field,588.8,278,0,
31133,B,warren_field,588.6,284,0,
31135,B,warren_field,119.4,291,0,
31137,B,warren_field,312.5,277,0,
31139,B,warren_field,464.4,257,0,
31141,B,warren_field,470.5,268,0,
31143,B,warren_field,456.4,272,0,
31145,B,warren_field,219.1,286,0,
31147,B,warren_field,631.4,284,0,
31149,B,warren_field,325.8,244,0,
31151,B,warren_field,508.7,280,0,
31153,A,offutt_afb,,,0,
31155,B,warren_field,539.6,272,0,
31157,B,warren_field;malmstrom_field,36.4,186,0,
31159,B,warren_field,496.9,276,0,
31161,B,warren_field;malmstrom_field,174.1,248,0,
31163,B,warren_field,338.1,271,0,
31165,B,warren_field;malmstrom_field,55.6,231,0,
31167,B,warren_field,486.2,262,0,
31169,B,warren_field,466.1,279,0,
31171,B,warren_field,220,248,0,
31173,B,warren_field,548.9,261,0,
31175,B,warren_field,341.2,265,0,
31177,B,warren_field,572.9,269,0,
31179,B,warren_field,506.8,259,0,
31181,B,warren_field,393.9,280,0,
31183,B,warren_field,379,260,0,
31185,B,warren_field,455.1,277,0,
32001,E,,,,0,
32003,C2,metro_29820,,,0.01313,19
32005,D,beale_afb,142.7,278,0,
32007,E,,,,0,
32009,E,,,,0,
32011,E,,,,0,
32013,E,,,,0,
32015,E,,,,0,
32017,D,nnss,142.9,242,0,
32019,E,,,,0,
32021,E,,,,0,
32023,C1,nnss,,,0,
32027,E,,,,0,
32029,E,,,,0,
32031,D,beale_afb,145.3,252,0,
32033,E,,,,0,
32510,D,beale_afb,141.7,268,0,
33001,E,,,,0,
33003,E,,,,0,
33005,E,,,,0,
33007,E,,,,0,
33009,E,,,,0,
33011,E,,,,0,
33013,E,,,,0,
33015,C2,metro_14460,,,0.001624,11
33017,C2,metro_14460,,,0.0006767,11
33019,E,,,,0,
34001,D,metro_37980,58.8,307,0,
34003,C1,metro_35620,,,0.007539,4
34005,C1,metro_37980,,,0.002102,8
34007,C1,metro_37980,,,0.002383,8
34009,D,metro_37980,96.2,313,0,
34011,D,metro_37980,32.9,311,0,
34013,C1,metro_35620,,,0.006812,4
34015,C1,metro_37980,,,0.001376,8
34017,C1,metro_35620,,,0.005708,4
34019,C1,metro_35620,,,0.001017,4
34021,D,metro_37980,27.8,266,0,
34023,C1,metro_35620,,,0.006806,4
34025,C1,metro_35620,,,0.005075,4
34027,C1,metro_35620,,,0.004015,4
34029,C1,metro_35620,,,0.005026,4
34031,C1,metro_35620,,,0.004134,4
34033,C1,metro_37980,,,0.0002952,8
34035,C1,metro_35620,,,0.002724,4
34037,C1,metro_35620,,,0.001137,4
34039,C1,metro_35620,,,0.004538,4
34041,E,,,,0,
35001,A,kirtland_afb,,,0,
35003,E,,,,0,
35005,E,,,,0,
35006,E,,,,0,
35007,E,,,,0,
35009,E,,,,0,
35011,E,,,,0,
35013,E,,,,0,
35015,E,,,,0,
35017,E,,,,0,
35019,E,,,,0,
35021,E,,,,0,
35023,E,,,,0,
35025,E,,,,0,
35027,E,,,,0,
35028,C1,lanl,,,0,
35029,E,,,,0,
35031,E,,,,0,
35033,D,lanl,94.4,261,0,
35035,E,,,,0,
35037,E,,,,0,
35039,E,,,,0,
35041,E,,,,0,
35043,E,,,,0,
35045,E,,,,0,
35047,D,lanl;sandia_nm;kirtland_afb,93,291,0,
35049,D,lanl,37.5,315,0,
35051,E,,,,0,
35053,E,,,,0,
35055,E,,,,0,
35057,D,kirtland_afb;sandia_nm,44.2,296,0,
35059,E,,,,0,
35061,E,,,,0,
36001,E,,,,0,
36003,E,,,,0,
36005,C1,metro_35620,,,0.02728,1
36007,E,,,,0,
36009,E,,,,0,
36011,E,,,,0,
36013,E,,,,0,
36015,E,,,,0,
36017,E,,,,0,
36019,E,,,,0,
36021,E,,,,0,
36023,E,,,,0,
36025,E,,,,0,
36027,D,metro_35620,94.2,226,0,
36029,C2,metro_15380,,,0,
36031,E,,,,0,
36033,E,,,,0,
36035,E,,,,0,
36037,E,,,,0,
36039,E,,,,0,
36041,E,,,,0,
36043,E,,,,0,
36045,E,,,,0,
36047,C1,metro_35620,,,0.05068,1
36049,E,,,,0,
36051,C2,metro_40380,,,0,
36053,E,,,,0,
36055,C2,metro_40380,,,0,
36057,E,,,,0,
36059,C1,metro_35620,,,0.02587,1
36061,C1,metro_35620,,,0.03139,1
36063,C2,metro_15380,,,0,
36065,E,,,,0,
36067,E,,,,0,
36069,C2,metro_40380,,,0,
36071,E,,,,0,
36073,C2,metro_40380,,,0,
36075,E,,,,0,
36077,E,,,,0,
36079,C1,metro_35620,,,0.001809,1
36081,C1,metro_35620,,,0.04455,1
36083,E,,,,0,
36085,C1,metro_35620,,,0.009185,1
36087,C1,metro_35620,,,0.006269,1
36089,E,,,,0,
36091,E,,,,0,
36093,E,,,,0,
36095,E,,,,0,
36097,E,,,,0,
36099,E,,,,0,
36101,E,,,,0,
36103,C1,metro_35620,,,0.02826,1
36105,E,,,,0,
36107,E,,,,0,
36109,E,,,,0,
36111,E,,,,0,
36113,E,,,,0,
36115,E,,,,0,
36117,C2,metro_40380,,,0,
36119,C1,metro_35620,,,0.01859,1
36121,E,,,,0,
36123,E,,,,0,
37001,E,,,,0,
37003,E,,,,0,
37005,E,,,,0,
37007,C2,metro_16740,,,0.00005482,34
37009,E,,,,0,
37011,E,,,,0,
37013,E,,,,0,
37015,E,,,,0,
37017,E,,,,0,
37019,E,,,,0,
37021,D,y12,136.8,289,0,
37023,E,,,,0,
37025,C2,metro_16740,,,0.0005616,34
37027,E,,,,0,
37029,C2,metro_47260,,,0.0000777,17
37031,E,,,,0,
37033,E,,,,0,
37035,E,,,,0,
37037,E,,,,0,
37039,E,,,,0,
37041,E,,,,0,
37043,D,metro_12060,131.3,226,0,
37045,E,,,,0,
37047,E,,,,0,
37049,E,,,,0,
37051,E,,,,0,
37053,C2,metro_47260,,,0.0002109,17
37055,E,,,,0,
37057,E,,,,0,
37059,E,,,,0,
37061,E,,,,0,
37063,E,,,,0,
37065,E,,,,0,
37067,E,,,,0,
37069,C2,metro_39580,,,0,
37071,C2,metro_16740,,,0.0005668,34
37073,C2,metro_47260,,,0.00007845,17
37075,D,y12,90.2,313,0,
37077,E,,,,0,
37079,E,,,,0,
37081,E,,,,0,
37083,E,,,,0,
37085,E,,,,0,
37087,D,y12,107.2,298,0,
37089,E,,,,0,
37091,E,,,,0,
37093,E,,,,0,
37095,E,,,,0,
37097,C2,metro_16740,,,0.0004641,34
37099,D,y12;metro_12060,100.9,315,0,
37101,C2,metro_39580,,,0,
37103,E,,,,0,
37105,E,,,,0,
37107,E,,,,0,
37109,C2,metro_16740,,,0.0002157,34
37111,E,,,,0,
37113,D,y12;metro_12060,106.1,310,0,
37115,D,y12,123,277,0,
37117,E,,,,0,
37119,C2,metro_16740,,,0.002773,34
37121,E,,,,0,
37123,E,,,,0,
37125,E,,,,0,
37127,E,,,,0,
37129,E,,,,0,
37131,E,,,,0,
37133,E,,,,0,
37135,E,,,,0,
37137,E,,,,0,
37139,E,,,,0,
37141,E,,,,0,
37143,E,,,,0,
37145,E,,,,0,
37147,E,,,,0,
37149,E,,,,0,
37151,E,,,,0,
37153,E,,,,0,
37155,E,,,,0,
37157,E,,,,0,
37159,C2,metro_16740,,,0.0003651,34
37161,E,,,,0,
37163,E,,,,0,
37165,E,,,,0,
37167,E,,,,0,
37169,E,,,,0,
37171,E,,,,0,
37173,D,y12,86.7,295,0,
37175,D,metro_12060;y12,136.8,236,0,
37177,E,,,,0,
37179,C2,metro_16740,,,0.0005915,34
37181,E,,,,0,
37183,C2,metro_39580,,,0,
37185,E,,,,0,
37187,E,,,,0,
37189,E,,,,0,
37191,E,,,,0,
37193,E,,,,0,
37195,E,,,,0,
37197,E,,,,0,
37199,E,,,,0,
38001,B,malmstrom_field,521.6,287,0,
38003,B,minot_field,188.3,294,0,
38005,B,minot_field;malmstrom_field,101,241,0,
38007,B,malmstrom_field,449,275,0,
38009,A,minot_field,,,0,
38011,B,malmstrom_field,460.6,287,0,
38013,A,minot_field,,,0,
38015,B,malmstrom_field,643.4,277,0,
38017,B,minot_field;warren_field,273.9,288,0,
38019,B,minot_field,173.9,251,0,
38021,B,minot_field;warren_field,293.1,307,0,
38023,B,minot_field;malmstrom_field,60.8,99,0,
38025,B,malmstrom_field,497.5,271,0,
38027,B,minot_field;malmstrom_field,96.4,262,0,
38029,B,malmstrom_field,694.4,282,0,
38031,B,minot_field;malmstrom_field,98.4,278,0,
38033,B,malmstrom_field,401.1,277,0,
38035,B,minot_field,243.2,263,0,
38037,B,malmstrom_field,579.7,282,0,
38039,B,minot_field,161.8,276,0,
38041,B,malmstrom_field,514.3,282,0,
38043,B,minot_field;malmstrom_field,147.2,305,0,
38045,B,minot_field,189.1,314,0,
38047,B,minot_field;malmstrom_field,191.1,313,0,
38049,A,minot_field,,,0,
38051,B,malmstrom_field,752,283,0,
38053,B,malmstrom_field,454,264,0,
38055,A,minot_field,,,0,
38057,B,minot_field;malmstrom_field,44.8,29,0,
38059,B,malmstrom_field,626.3,277,0,
38061,A,minot_field,,,0,
38063,B,minot_field,162.7,258,0,
38065,B,minot_field;malmstrom_field,59.9,352,0,
38067,B,minot_field,232.9,256,0,
38069,B,minot_field;malmstrom_field,49.1,258,0,
38071,B,minot_field;malmstrom_field,127.2,242,0,
38073,B,minot_field;warren_field,237.4,302,0,
38075,A,minot_field,,,0,
38077,B,minot_field;warren_field,307.8,300,0,
38079,B,minot_field;malmstrom_field,74.5,267,0,
38081,B,minot_field;warren_field,261.2,308,0,
38083,A,minot_field,,,0,
38085,B,malmstrom_field,658.9,283,0,
38087,B,malmstrom_field,451.4,284,0,
38089,B,malmstrom_field,489.8,277,0,
38091,B,minot_field,194.2,275,0,
38093,B,minot_field;malmstrom_field,141,302,0,
38095,B,minot_field;malmstrom_field,110.1,250,0,
38097,B,minot_field,233.6,274,0,
38099,B,minot_field,225.3,247,0,
38101,A,minot_afb;minot_field,,,0,
38103,B,minot_field;malmstrom_field,42.8,256,0,
38105,B,malmstrom_field,436.4,258,0,
39001,E,,,,0,
39003,E,,,,0,
39005,E,,,,0,
39007,C2,metro_17410,,,0.0002932,35
39009,E,,,,0,
39011,E,,,,0,
39013,E,,,,0,
39015,C2,metro_17140,,,0.0001217,38
39017,C2,metro_17140,,,0.001088,38
39019,E,,,,0,
39021,E,,,,0,
39023,E,,,,0,
39025,C2,metro_17140,,,0.0005816,38
39027,E,,,,0,
39029,E,,,,0,
39031,E,,,,0,
39033,E,,,,0,
39035,C2,metro_17410,,,0.0038,35
39037,E,,,,0,
39039,E,,,,0,
39041,C2,metro_18140,,,0.0006256,39
39043,E,,,,0,
39045,C2,metro_18140,,,0.0004663,39
39047,E,,,,0,
39049,C2,metro_18140,,,0.003882,39
39051,E,,,,0,
39053,E,,,,0,
39055,C2,metro_17410,,,0.0002868,35
39057,E,,,,0,
39059,E,,,,0,
39061,C2,metro_17140,,,0.002317,38
39063,E,,,,0,
39065,E,,,,0,
39067,E,,,,0,
39069,E,,,,0,
39071,E,,,,0,
39073,C2,metro_18140,,,0.00008228,39
39075,E,,,,0,
39077,E,,,,0,
39079,E,,,,0,
39081,E,,,,0,
39083,E,,,,0,
39085,C2,metro_17410,,,0.000699,35
39087,E,,,,0,
39089,C2,metro_18140,,,0.0005235,39
39091,E,,,,0,
39093,C2,metro_17410,,,0.0009407,35
39095,E,,,,0,
39097,C2,metro_18140,,,0.0001285,39
39099,E,,,,0,
39101,E,,,,0,
39103,C2,metro_17410,,,0.0005483,35
39105,E,,,,0,
39107,E,,,,0,
39109,E,,,,0,
39111,E,,,,0,
39113,E,,,,0,
39115,E,,,,0,
39117,C2,metro_18140,,,0.0001025,39
39119,E,,,,0,
39121,E,,,,0,
39123,E,,,,0,
39125,E,,,,0,
39127,C2,metro_18140,,,0.0001037,39
39129,C2,metro_18140,,,0.0001718,39
39131,E,,,,0,
39133,E,,,,0,
39135,E,,,,0,
39137,E,,,,0,
39139,E,,,,0,
39141,E,,,,0,
39143,E,,,,0,
39145,E,,,,0,
39147,E,,,,0,
39149,E,,,,0,
39151,E,,,,0,
39153,E,,,,0,
39155,E,,,,0,
39157,E,,,,0,
39159,C2,metro_18140,,,0.0001827,39
39161,E,,,,0,
39163,E,,,,0,
39165,C2,metro_17140,,,0.0006758,38
39167,E,,,,0,
39169,E,,,,0,
39171,E,,,,0,
39173,E,,,,0,
39175,E,,,,0,
40001,E,,,,0,
40003,B,warren_field,682.1,311,0,
40005,E,,,,0,
40007,E,,,,0,
40009,E,,,,0,
40011,B,warren_field,734.8,317,0,
40013,D,metro_19100,146.9,232,0,
40015,E,,,,0,
40017,C2,metro_36420,,,0,
40019,E,,,,0,
40021,E,,,,0,
40023,D,metro_19100,147.5,227,0,
40025,E,,,,0,
40027,A,tinker_afb,17.1,18,0,
40029,D,tinker_afb,139.9,314,0,
40031,E,,,,0,
40033,E,,,,0,
40035,E,,,,0,
40037,B,warren_field,798,314,0,
40039,E,,,,0,
40041,E,,,,0,
40043,E,,,,0,
40045,E,,,,0,
40047,B,warren_field,730.2,311,0,
40049,E,,,,0,
40051,C2,metro_36420,,,0,
40053,B,warren_field,637.5,315,0,
40055,E,,,,0,
40057,E,,,,0,
40059,B,warren_field,581.5,318,0,
40061,E,,,,0,
40063,D,tinker_afb,103.6,291,0,
40065,E,,,,0,
40067,E,,,,0,
40069,E,,,,0,
40071,B,warren_field,680.8,312,0,
40073,B,warren_field,765.1,314,0,
40075,E,,,,0,
40077,E,,,,0,
40079,E,,,,0,
40081,B,warren_field,782.1,318,0,
40083,C2,metro_36420,,,0,
40085,E,,,,0,
40087,C2,metro_36420,,,0,
40089,E,,,,0,
40091,E,,,,0,
40093,B,warren_field,701.7,314,0,
40095,E,,,,0,
40097,E,,,,0,
40099,E,,,,0,
40101,E,,,,0,
40103,B,warren_field,706.4,316,0,
40105,B,warren_field,781.3,307,0,
40107,D,tinker_afb,95.4,268,0,
40109,A,tinker_afb,,,0,
40111,C2,metro_46140,,,0,
40113,B,warren_field,765,311,0,
40115,E,,,,0,
40117,B,warren_field,755.1,313,0,
40119,B,warren_field,739.1,316,0,
40121,E,,,,0,
40123,E,,,,0,
40125,D,tinker_afb,41,285,0,
40127,E,,,,0,
40129,E,,,,0,
40131,C2,metro_46140,,,0,
40133,D,tinker_afb,73.5,291,0,
40135,E,,,,0,
40137,E,,,,0,
40139,E,,,,0,
40141,E,,,,0,
40143,C2,metro_46140,,,0,
40145,C2,metro_46140,,,0,
40147,B,warren_field,763,308,0,
40149,E,,,,0,
40151,B,warren_field,648.1,312,0,
40153,B,warren_field,632.6,318,0,
41001,E,,,,0,
41003,E,,,,0,
41005,C2,metro_38900,,,0.001592,28
41007,E,,,,0,
41009,C2,metro_38900,,,0.0001984,28
41011,E,,,,0,
41013,E,,,,0,
41015,E,,,,0,
41017,E,,,,0,
41019,E,,,,0,
41021,E,,,,0,
41023,E,,,,0,
41025,E,,,,0,
41027,E,,,,0,
41029,E,,,,0,
41031,E,,,,0,
41033,E,,,,0,
41035,E,,,,0,
41037,E,,,,0,
41039,E,,,,0,
41041,E,,,,0,
41043,E,,,,0,
41045,E,,,,0,
41047,E,,,,0,
41049,E,,,,0,
41051,C2,metro_38900,,,0.003077,28
41053,E,,,,0,
41055,E,,,,0,
41057,E,,,,0,
41059,E,,,,0,
41061,E,,,,0,
41063,E,,,,0,
41065,E,,,,0,
41067,C2,metro_38900,,,0.002268,28
41069,E,,,,0,
41071,C2,metro_38900,,,0.0003995,28
42001,A,raven_rock,,,0,
42003,C2,metro_38300,,,0.003646,31
42005,C2,metro_38300,,,0.0001912,31
42007,C2,metro_38300,,,0.0004907,31
42009,E,,,,0,
42011,D,raven_rock,146.3,242,0,
42013,E,,,,0,
42015,E,,,,0,
42017,C1,metro_37980,,,0.002942,8
42019,C2,metro_38300,,,0.0005648,31
42021,E,,,,0,
42023,E,,,,0,
42025,E,,,,0,
42027,E,,,,0,
42029,C1,metro_37980,,,0.002432,8
42031,E,,,,0,
42033,E,,,,0,
42035,E,,,,0,
42037,E,,,,0,
42039,E,,,,0,
42041,E,,,,0,
42043,E,,,,0,
42045,C1,metro_37980,,,0.002625,8
42047,E,,,,0,
42049,E,,,,0,
42051,C2,metro_38300,,,0.0003757,31
42053,E,,,,0,
42055,A,raven_rock,26.1,130,0,
42057,E,,,,0,
42059,E,,,,0,
42061,E,,,,0,
42063,E,,,,0,
42065,E,,,,0,
42067,E,,,,0,
42069,E,,,,0,
42071,D,raven_rock;metro_47900,103.3,249,0,
42073,C2,metro_38300,,,0.000251,31
42075,D,raven_rock,107.1,231,0,
42077,E,,,,0,
42079,E,,,,0,
42081,E,,,,0,
42083,E,,,,0,
42085,E,,,,0,
42087,E,,,,0,
42089,E,,,,0,
42091,C1,metro_37980,,,0.003898,8
42093,E,,,,0,
42095,E,,,,0,
42097,E,,,,0,
42099,E,,,,0,
42101,C1,metro_37980,,,0.007295,8
42103,E,,,,0.000461,4
42105,E,,,,0,
42107,E,,,,0,
42109,E,,,,0,
42111,E,,,,0,
42113,E,,,,0,
42115,E,,,,0,
42117,E,,,,0,
42119,E,,,,0,
42121,E,,,,0,
42123,E,,,,0,
42125,C2,metro_38300,,,0.0006106,31
42127,E,,,,0,
42129,C2,metro_38300,,,0.001034,31
42131,E,,,,0,
42133,D,raven_rock;metro_47900,61.4,248,0,
44001,C2,metro_39300,,,0,
44003,C2,metro_39300,,,0,
44005,C2,metro_39300,,,0,
44007,C2,metro_39300,,,0,
44009,C2,metro_39300,,,0,
45001,D,metro_12060,121.3,234,0,
45003,C1,savannah_river,,,0,
45005,C1,savannah_river,,,0,
45007,D,metro_12060,120.4,238,0,
45009,D,savannah_river,26.6,277,0,
45011,C1,savannah_river,,,0,
45013,E,,,,0,
45015,D,savannah_river,117.3,267,0,
45017,D,savannah_river,65.4,229,0,
45019,D,savannah_river,124.1,279,0,
45021,E,,,,0,
45023,C2,metro_16740,,,0.00008024,34
45025,E,,,,0,
45027,D,savannah_river,115.1,248,0,
45029,D,savannah_river,60.9,279,0,
45031,E,,,,0,
45033,E,,,,0,
45035,D,savannah_river,100.6,270,0,
45037,D,metro_12060,145.2,265,0,
45039,E,,,,0,
45041,E,,,,0,
45043,E,,,,0,
45045,E,,,,0,
45047,D,metro_12060,140.6,242,0,
45049,D,savannah_river,70.4,315,0,
45051,E,,,,0,
45053,E,,,,0,
45055,D,savannah_river,131.1,233,0,
45057,C2,metro_16740,,,0.0002383,34
45059,E,,,,0,
45061,D,savannah_river,141.2,226,0,
45063,D,savannah_river,69.9,227,0,
45065,D,metro_12060,114.1,255,0,
45067,E,,,,0,
45069,E,,,,0,
45071,E,,,,0,
45073,D,metro_12060,92.5,258,0,
45075,D,savannah_river,55.4,249,0,
45077,D,metro_12060,122.8,256,0,
45079,D,savannah_river,93.7,231,0,
45081,E,,,,0,
45083,E,,,,0,
45085,D,savannah_river,114,232,0,
45087,E,,,,0,
45089,E,,,,0,
45091,C2,metro_16740,,,0.0007002,34
46003,B,warren_field,459.5,235,0,
46005,B,warren_field,524.5,230,0,
46007,B,warren_field;malmstrom_field,244.2,240,0,
46009,B,warren_field,467.5,247,0,
46011,B,minot_field;warren_field,516,318,0,
46013,B,minot_field;warren_field,425.4,317,0,
46015,B,warren_field,422.3,229,0,
46017,B,warren_field,452.4,233,0,
46019,B,malmstrom_field,508.9,306,0,
46021,B,malmstrom_field,716,286,0,
46023,B,warren_field,428.9,241,0,
46025,B,minot_field;warren_field,518,318,0,
46027,B,warren_field,532.2,253,0,
46029,B,minot_field;warren_field,448.8,314,0,
46031,B,malmstrom_field,657.1,287,0,
46033,B,malmstrom_field,584.2,304,0,
46035,B,warren_field,492.9,238,0,
46037,B,minot_field;warren_field,392,312,0,
46039,B,minot_field;warren_field,489,313,0,
46041,B,malmstrom_field,667.5,293,0,
46043,B,warren_field,451.2,239,0,
46045,B,warren_field;malmstrom_field,560.6,230,0,
46047,B,malmstrom_field,607.1,307,0,
46049,B,warren_field,536.8,234,0,
46051,B,minot_field;warren_field,386,314,0,
46053,B,warren_field,377.4,236,0,
46055,B,malmstrom_field,686.7,303,0,
46057,B,minot_field;warren_field,469.1,317,0,
46059,B,warren_field,508.1,231,0,
46061,B,warren_field,508.4,240,0,
46063,B,malmstrom_field,473.2,294,0,
46065,B,warren_field;malmstrom_field,415.3,234,0,
46067,B,warren_field,493.3,243,0,
46069,B,warren_field,479.6,237,0,
46071,B,warren_field;malmstrom_field,279.4,233,0,
46073,B,warren_field,485.9,230,0,
46075,B,warren_field;malmstrom_field,358.9,237,0,
46077,B,warren_field,576.6,234,0,
46079,B,warren_field,574.7,239,0,
46081,B,malmstrom_field,520.9,308,0,
46083,B,warren_field,571.4,246,0,
46085,B,warren_field,423.3,232,0,
46087,B,warren_field,538.4,242,0,
46089,B,malmstrom_field,781.1,286,0,
46091,B,minot_field;warren_field,289.1,315,0,
46093,A,ellsworth_afb,,,0,
46095,B,warren_field;malmstrom_field,327.1,228,0,
46097,B,warren_field,544.2,237,0,
46099,B,warren_field,577.7,245,0,
46101,B,warren_field;minot_field,605.6,241,0,
46102,B,warren_field;malmstrom_field,195.7,232,0,
46103,A,ellsworth_afb,13.9,42,0,
46105,B,malmstrom_field,554.5,290,0,
46107,B,warren_field;malmstrom_field,485.2,228,0,
46109,B,minot_field;warren_field,338.1,312,0,
46111,B,warren_field,504.8,234,0,
46115,B,warren_field,570.2,231,0,
46117,B,warren_field;malmstrom_field,405.6,233,0,
46119,B,warren_field;malmstrom_field,447.8,231,0,
46121,B,warren_field;malmstrom_field,307.6,233,0,
46123,B,warren_field,352.4,229,0,
46125,B,warren_field,538.1,246,0,
46127,B,warren_field,555.2,255,0,
46129,B,malmstrom_field,709.7,289,0,
46135,B,warren_field,500,250,0,
46137,B,malmstrom_field,646.2,296,0,
47001,C1,y12,,,0,
47003,E,,,,0,
47005,E,,,,0,
47007,E,,,,0,
47009,D,y12,28.1,272,0,
47011,E,,,,0,
47013,E,,,,0,
47015,C2,metro_34980,,,0.00004663,36
47017,E,,,,0,
47019,E,,,,0,
47021,C2,metro_34980,,,0.0001321,36
47023,E,,,,0,
47025,D,y12,66.2,227,0,
47027,E,,,,0,
47029,D,y12,73.6,272,0,
47031,E,,,,0,
47033,E,,,,0,
47035,E,,,,0,
47037,C2,metro_34980,,,0.002303,36
47039,E,,,,0,
47041,E,,,,0,
47043,C2,metro_34980,,,0.0001747,36
47045,E,,,,0,
47047,C2,metro_32820,,,0,
47049,E,,,,0,
47051,E,,,,0,
47053,E,,,,0,
47055,E,,,,0,
47057,D,y12,55.9,234,0,
47059,D,y12,106.6,258,0,
47061,E,,,,0,
47063,D,y12,68,247,0,
47065,E,,,,0,
47067,D,y12,91.3,229,0,
47069,E,,,,0,
47071,E,,,,0,
47073,D,y12,114.2,242,0,
47075,E,,,,0,
47077,E,,,,0,
47079,E,,,,0,
47081,C2,metro_34980,,,0.00008004,36
47083,E,,,,0,
47085,E,,,,0,
47087,E,,,,0,
47089,D,y12,49.5,258,0,
47091,E,,,,0,
47093,C1,y12,23.6,274,0,
47095,E,,,,0,
47097,E,,,,0,
47099,E,,,,0,
47101,E,,,,0,
47103,E,,,,0,
47105,C1,y12,25.2,6,0,
47107,E,,,,0,
47109,E,,,,0,
47111,C2,metro_34980,,,0.00008114,36
47113,E,,,,0,
47115,E,,,,0,
47117,E,,,,0,
47119,C2,metro_34980,,,0.0003247,36
47121,E,,,,0,
47123,E,,,,0,
47125,E,,,,0,
47127,E,,,,0,
47129,E,,,,0,
47131,E,,,,0,
47133,E,,,,0,
47135,E,,,,0,
47137,E,,,,0,
47139,E,,,,0,
47141,E,,,,0,
47143,E,,,,0,
47145,C1,y12,26.9,64,0,
47147,C2,metro_34980,,,0.0002343,36
47149,C2,metro_34980,,,0.001098,36
47151,E,,,,0,
47153,E,,,,0,
47155,D,y12,38.7,288,0,
47157,C2,metro_32820,,,0,
47159,C2,metro_34980,,,0.00006401,36
47161,E,,,,0,
47163,E,,,,0,
47165,C2,metro_34980,,,0.0006315,36
47167,C2,metro_32820,,,0,
47169,C2,metro_34980,,,0.00003737,36
47171,D,y12,144.9,263,0,
47173,D,y12,37.3,241,0,
47175,E,,,,0,
47177,E,,,,0,
47179,D,y12,145.3,255,0,
47181,E,,,,0,
47183,E,,,,0,
47185,E,,,,0,
47187,C2,metro_34980,,,0.0007966,36
47189,C2,metro_34980,,,0.0004754,36
48001,D,metro_19100,130,304,0,
48003,E,,,,0,
48005,E,,,,0,
48007,E,,,,0,
48009,E,,,,0,
48011,A,pantex,29.6,328,0,
48013,C2,metro_41700,,,0.0002058,24
48015,C1,metro_26420,,,0.0001679,7
48017,E,,,,0,
48019,C2,metro_41700,,,0.00008783,24
48021,C2,metro_12420,,,0.0002432,40
48023,E,,,,0,
48025,E,,,,0,
48027,E,,,,0,
48029,C2,metro_41700,,,0.008463,24
48031,E,,,,0,
48033,E,,,,0,
48035,E,,,,0,
48037,E,,,,0,
48039,C1,metro_26420,,,0.002078,7
48041,E,,,,0,
48043,E,,,,0,
48045,E,,,,0,
48047,E,,,,0,
48049,E,,,,0,
48051,E,,,,0,
48053,E,,,,0,
48055,C2,metro_12420,,,0.0001149,40
48057,E,,,,0,
48059,E,,,,0,
48061,E,,,,0,
48063,D,metro_19100,104.9,276,0,
48065,A,pantex,,,0,
48067,E,,,,0,
48069,E,,,,0,
48071,C1,metro_26420,,,0.0002602,7
48073,D,metro_19100,136.5,308,0,
48075,E,,,,0,
48077,E,,,,0,
48079,E,,,,0,
48081,E,,,,0,
48083,E,,,,0,
48085,C1,metro_19100,,,0.003693,10
48087,D,pantex,132.4,293,0,
48089,E,,,,0,
48091,C2,metro_41700,,,0.0006801,24
48093,E,,,,0,
48095,E,,,,0,
48097,E,,,,0,
48099,E,,,,0,
48101,E,,,,0,
48103,E,,,,0,
48105,E,,,,0,
48107,E,,,,0,
48109,E,,,,0,
48111,E,,,,0,
48113,C1,metro_19100,,,0.009048,10
48115,E,,,,0,
48117,E,,,,0,
48119,D,metro_19100,49.4,229,0,
48121,C1,metro_19100,,,0.003145,10
48123,E,,,,0,
48125,E,,,,0,
48127,E,,,,0,
48129,D,pantex,76.3,303,0,
48131,E,,,,0,
48133,E,,,,0,
48135,E,,,,0,
48137,E,,,,0,
48139,C1,metro_19100,,,0.0006667,10
48141,E,,,,0,
48143,E,,,,0,
48145,E,,,,0,
48147,D,metro_19100,91.6,238,0,
48149,E,,,,0,
48151,E,,,,0,
48153,E,,,,0,
48155,E,,,,0,
48157,C1,metro_26420,,,0.004602,7
48159,D,metro_19100,82.1,267,0,
48161,D,metro_19100,133.4,308,0,
48163,E,,,,0,
48165,E,,,,0,
48167,C1,metro_26420,,,0.001961,7
48169,E,,,,0,
48171,E,,,,0,
48173,E,,,,0,
48175,E,,,,0,
48177,E,,,,0,
48179,D,pantex,61.6,248,0,
48181,D,metro_19100,107.5,240,0,
48183,D,metro_19100,138.8,298,0,
48185,E,,,,0,
48187,C2,metro_41700,,,0.0007274,24
48189,E,,,,0,
48191,D,pantex,114.6,310,0,
48193,E,,,,0,
48195,E,,,,0,
48197,E,,,,0,
48199,D,metro_26420,66.1,257,0,
48201,C1,metro_26420,,,0.02644,7
48203,E,,,,0,
48205,E,,,,0,
48207,E,,,,0,
48209,C2,metro_12420,,,0.000603,40
48211,D,pantex,126.5,240,0,
48213,D,metro_19100,90.6,284,0,
48215,E,,,,0,
48217,E,,,,0,
48219,E,,,,0,
48221,E,,,,0,
48223,D,metro_19100,48.2,265,0,
48225,E,,,,0,
48227,E,,,,0,
48229,E,,,,0,
48231,C1,metro_19100,,,0.0003468,10
48233,E,,,,0,
48235,E,,,,0,
48237,E,,,,0,
48239,E,,,,0,
48241,D,metro_26420,109.7,235,0,
48243,E,,,,0,
48245,C2,port_7;refinery_48245,,,0,
48247,E,,,,0,
48249,E,,,,0,
48251,C1,metro_19100,,,0.0006237,10
48253,E,,,,0,
48255,E,,,,0,
48257,C1,metro_19100,,,0.0005043,10
48259,C2,metro_41700,,,0.0001865,24
48261,E,,,,0,
48263,E,,,,0,
48265,E,,,,0,
48267,E,,,,0,
48269,E,,,,0,
48271,E,,,,0,
48273,E,,,,0,
48275,E,,,,0,
48277,D,metro_19100,124.3,240,0,
48279,E,,,,0,
48281,E,,,,0,
48283,E,,,,0,
48285,E,,,,0,
48287,E,,,,0,
48289,E,,,,0,
48291,C1,metro_26420,,,0.0005119,7
48293,E,,,,0,
48295,E,,,,0,
48297,E,,,,0,
48299,E,,,,0,
48301,E,,,,0,
48303,E,,,,0,
48305,E,,,,0,
48307,E,,,,0,
48309,E,,,,0,
48311,E,,,,0,
48313,E,,,,0,
48315,E,,,,0,
48317,E,,,,0,
48319,E,,,,0,
48321,E,,,,0,
48323,E,,,,0,
48325,C2,metro_41700,,,0.0002091,24
48327,E,,,,0,
48329,E,,,,0,
48331,E,,,,0,
48333,E,,,,0,
48335,E,,,,0,
48337,E,,,,0,
48339,C1,metro_26420,,,0.003469,7
48341,E,,,,0,
48343,D,metro_19100,128.7,271,0,
48345,E,,,,0,
48347,E,,,,0,
48349,D,metro_19100,88.3,297,0,
48351,D,metro_26420,126.6,243,0,
48353,E,,,,0,
48355,C2,port_3;refinery_48355,,,0,
48357,E,,,,0,
48359,E,,,,0,
48361,D,metro_26420,93.8,248,0,
48363,E,,,,0,
48365,E,,,,0,
48367,C1,metro_19100,,,0.0005136,10
48369,E,,,,0,
48371,E,,,,0,
48373,D,metro_26420,127.6,230,0,
48375,A,pantex,26.9,67,0,
48377,E,,,,0,
48379,D,metro_19100,36.2,307,0,
48381,E,,,,0,
48383,E,,,,0,
48385,E,,,,0,
48387,D,metro_19100,110.9,240,0,
48389,E,,,,0,
48391,E,,,,0,
48393,D,pantex,90.5,241,0,
48395,E,,,,0,
48397,C1,metro_19100,,,0.0003741,10
48399,E,,,,0,
48401,E,,,,0,
48403,E,,,,0,
48405,E,,,,0,
48407,C1,metro_26420,,,0.0001531,7
48409,C2,port_3,,,0,
48411,E,,,,0,
48413,E,,,,0,
48415,E,,,,0,
48417,E,,,,0,
48419,E,,,,0,
48421,E,,,,0,
48423,D,metro_19100,106.3,291,0,
48425,E,,,,0,
48427,E,,,,0,
48429,E,,,,0,
48431,E,,,,0,
48433,E,,,,0,
48435,E,,,,0,
48437,E,,,,0,
48439,C1,metro_19100,,,0.007313,10
48441,C2,dyess_afb,,,0,
48443,E,,,,0,
48445,E,,,,0,
48447,E,,,,0,
48449,D,metro_19100,106.5,265,0,
48451,E,,,,0,
48453,C2,metro_12420,,,0.00322,40
48455,E,,,,0,
48457,D,metro_26420,76.3,254,0,
48459,D,metro_19100,118.4,291,0,
48461,E,,,,0,
48463,E,,,,0,
48465,E,,,,0,
48467,D,metro_19100,49.8,282,0,
48469,E,,,,0,
48471,E,,,,0,
48473,C1,metro_26420,,,0.0003176,7
48475,E,,,,0,
48477,E,,,,0,
48479,E,,,,0,
48481,E,,,,0,
48483,D,pantex,118.3,268,0,
48485,E,,,,0,
48487,E,,,,0,
48489,E,,,,0,
48491,C2,metro_12420,,,0.001523,40
48493,C2,metro_41700,,,0.0002094,24
48495,E,,,,0,
48497,C1,metro_19100,,,0.0002379,10
48499,D,metro_19100,74,298,0,
48501,E,,,,0,
48503,E,,,,0,
48505,E,,,,0,
48507,E,,,,0,
49001,E,,,,0,
49003,E,,,,0,
49005,E,,,,0,
49007,E,,,,0,
49009,E,,,,0,
49011,C2,hill_afb,,,0,
49013,E,,,,0,
49015,E,,,,0,
49017,E,,,,0,
49019,E,,,,0,
49021,E,,,,0,
49023,E,,,,0,
49025,E,,,,0,
49027,E,,,,0,
49029,E,,,,0,
49031,E,,,,0,
49033,E,,,,0,
49035,C2,metro_41620,,,0,
49037,E,,,,0,
49039,E,,,,0,
49041,E,,,,0,
49043,E,,,,0,
49045,C2,metro_41620,,,0,
49047,E,,,,0,
49049,E,,,,0,
49051,E,,,,0,
49053,E,,,,0,
49055,E,,,,0,
49057,E,,,,0,
50001,E,,,,0,
50003,E,,,,0,
50005,E,,,,0,
50007,E,,,,0,
50009,E,,,,0,
50011,E,,,,0,
50013,E,,,,0,
50015,E,,,,0,
50017,E,,,,0,
50019,E,,,,0,
50021,E,,,,0,
50023,E,,,,0,
50025,E,,,,0,
50027,E,,,,0,
51001,D,metro_47900,145.3,308,0,
51003,E,,,,0,
51005,E,,,,0,
51007,C2,metro_40060,,,0.00005357,41
51009,E,,,,0,
51011,E,,,,0,
51013,A,pentagon,,,0.002096,3
51015,E,,,,0,
51017,E,,,,0,
51019,E,,,,0,
51021,E,,,,0,
51023,E,,,,0,
51025,E,,,,0,
51027,E,,,,0,
51029,E,,,,0,
51031,E,,,,0,
51033,E,,,,0,
51035,E,,,,0,
51036,C2,metro_40060,,,0.00002736,41
51037,E,,,,0,
51041,C2,metro_40060,,,0.001471,41
51043,A,mount_weather,11.2,131,0.0001298,3
51045,E,,,,0,
51047,C1,metro_47900,,,0.0004614,3
51049,E,,,,0,
51051,E,,,,0,
51053,C2,metro_40060,,,0.0001128,41
51057,D,metro_47900,66.9,311,0,
51059,A,pentagon,17.9,81,0.01008,3
51061,C1,metro_47900,,,0.0006407,3
51063,E,,,,0,
51065,E,,,,0,
51067,E,,,,0,
51069,A,mount_weather,28.3,114,0,
51071,E,,,,0,
51073,C2,metro_47260,,,0.0002906,17
51075,C2,metro_40060,,,0.00009991,41
51077,E,,,,0,
51079,E,,,,0,
51081,E,,,,0,
51083,E,,,,0,
51085,C2,metro_40060,,,0.0004444,41
51087,C2,metro_40060,,,0.001351,41
51089,E,,,,0,
51091,E,,,,0,
51093,C2,metro_47260,,,0.0002897,17
51095,C2,metro_47260,,,0.0005872,17
51097,C2,metro_40060,,,0.00002667,41
51099,D,metro_47900,27.9,272,0,
51101,C2,metro_40060,,,0.00007195,41
51103,D,metro_47900,113.2,306,0,
51105,D,y12,119.3,234,0,
51107,A,mount_weather,,,0.003677,3
51109,E,,,,0,
51111,E,,,,0,
51113,E,,,,0,
51115,C2,metro_47260,,,0.00006406,17
51117,E,,,,0,
51119,D,metro_47900,115.8,312,0,
51121,E,,,,0,
51125,E,,,,0,
51127,C2,metro_40060,,,0.00009267,41
51131,E,,,,0,
51133,D,metro_47900,104.6,296,0,
51135,E,,,,0,
51137,E,,,,0,
51139,E,,,,0,
51141,E,,,,0,
51143,E,,,,0,
51145,C2,metro_40060,,,0.0001224,41
51147,E,,,,0,
51149,C2,metro_40060,,,0.0001734,41
51153,C1,metro_47900;national_capital_region,,,0.004228,3
51155,E,,,,0,
51157,C1,metro_47900,,,0.00006435,3
51159,D,metro_47900,77.7,300,0,
51161,E,,,,0,
51163,E,,,,0,
51165,E,,,,0,
51167,E,,,,0,
51169,D,y12,147.9,238,0,
51171,E,,,,0,
51173,E,,,,0,
51175,E,,,,0,
51177,C1,metro_47900,,,0.001228,3
51179,C1,metro_47900,,,0.001375,3
51181,C2,metro_47260,,,0.00004926,17
51183,C2,metro_40060,,,0.00004375,41
51185,E,,,,0,
51187,A,mount_weather,29.2,59,0.0003576,3
51191,E,,,,0,
51193,D,metro_47900,57.1,286,0,
51195,E,,,,0,
51197,E,,,,0,
51199,C2,metro_47260,,,0.0005257,17
51510,A,pentagon,6.4,28,0.001401,3
51520,E,,,,0,
51530,E,,,,0,
51540,E,,,,0,
51550,C2,metro_47260,,,0.001872,17
51570,C2,metro_40060,,,0.00007336,41
51580,E,,,,0,
51590,E,,,,0,
51595,E,,,,0,
51600,A,pentagon,21.5,84,0.0002121,3
51610,A,pentagon,10.4,98,0.0001288,3
51620,E,,,,0,
51630,C1,metro_47900,,,0.0002457,3
51640,E,,,,0,
51650,C2,metro_47260,,,0.001029,17
51660,E,,,,0,
51670,C2,metro_40060,,,0.00009284,41
51678,E,,,,0,
51680,E,,,,0,
51683,C1,metro_47900;national_capital_region,,,0.0003756,3
51685,C1,metro_47900;national_capital_region,,,0.0001512,3
51690,E,,,,0,
51700,C2,metro_47260;port_9,,,0.001398,17
51710,C2,metro_47260;port_9,,,0.001786,17
51720,E,,,,0,
51730,C2,metro_40060,,,0.0001351,41
51735,C2,metro_47260,,,0.00009354,17
51740,C2,metro_47260;port_9,,,0.0007348,17
51750,E,,,,0,
51760,C2,metro_40060,,,0.0009142,41
51770,E,,,,0,
51775,E,,,,0,
51790,E,,,,0,
51800,C2,metro_47260,,,0.000707,17
51810,C2,metro_47260,,,0.003445,17
51820,E,,,,0,
51830,C2,metro_47260,,,0.0001158,17
51840,A,mount_weather,27.3,117,0,
53001,E,,,,0,
53003,E,,,,0,
53005,E,,,,0,
53007,E,,,,0,
53009,E,,,,0,
53011,C2,metro_38900,,,0.001901,28
53013,E,,,,0,
53015,E,,,,0,
53017,E,,,,0,
53019,E,,,,0,
53021,E,,,,0,
53023,E,,,,0,
53025,E,,,,0,
53027,E,,,,0,
53029,E,,,,0,
53031,E,,,,0,
53033,C2,metro_42660,,,0.01084,15
53035,A,kitsap_bangor,,,0,
53037,E,,,,0,
53039,E,,,,0,
53041,E,,,,0,
53043,E,,,,0,
53045,E,,,,0,
53047,E,,,,0,
53049,E,,,,0,
53051,E,,,,0,
53053,C2,metro_42660,,,0.004399,15
53055,E,,,,0,
53057,E,,,,0,
53059,C2,metro_38900,,,0.00004539,28
53061,C2,metro_42660,,,0.003955,15
53063,E,,,,0,
53065,E,,,,0,
53067,E,,,,0,
53069,E,,,,0,
53071,E,,,,0,
53073,C2,refinery_53073,,,0,
53075,E,,,,0,
53077,E,,,,0,
54001,E,,,,0,
54003,E,,,,0,
54005,E,,,,0,
54007,E,,,,0,
54009,E,,,,0,
54011,E,,,,0,
54013,E,,,,0,
54015,E,,,,0,
54017,E,,,,0,
54019,E,,,,0,
54021,E,,,,0,
54023,E,,,,0,
54025,E,,,,0,
54027,E,,,,0,
54029,E,,,,0,
54031,E,,,,0,
54033,E,,,,0,
54035,E,,,,0,
54037,A,mount_weather,28.1,187,0.0005044,3
54039,E,,,,0,
54041,E,,,,0,
54043,E,,,,0,
54045,E,,,,0,
54047,E,,,,0,
54049,E,,,,0,
54051,E,,,,0,
54053,E,,,,0,
54055,E,,,,0,
54057,E,,,,0,
54059,E,,,,0,
54061,E,,,,0,
54063,E,,,,0,
54065,E,,,,0,
54067,E,,,,0,
54069,E,,,,0,
54071,E,,,,0,
54073,E,,,,0,
54075,E,,,,0,
54077,E,,,,0,
54079,E,,,,0,
54081,E,,,,0,
54083,E,,,,0,
54085,E,,,,0,
54087,E,,,,0,
54089,E,,,,0,
54091,E,,,,0,
54093,E,,,,0,
54095,E,,,,0,
54097,E,,,,0,
54099,E,,,,0,
54101,E,,,,0,
54103,E,,,,0,
54105,E,,,,0,
54107,E,,,,0,
54109,E,,,,0,
55001,E,,,,0,
55003,B,minot_field,733.4,283,0,
55005,B,minot_field,693.5,293,0,
55007,B,minot_field,706.7,282,0,
55009,E,,,,0,
55011,B,minot_field,752.5,301,0,
55013,B,minot_field,634.4,291,0,
55015,E,,,,0,
55017,B,minot_field,749.1,296,0,
55019,E,,,,0,
55021,E,,,,0,
55023,E,,,,0,
55025,E,,,,0,
55027,E,,,,0,
55029,E,,,,0,
55031,B,minot_field,637.9,283,0,
55033,B,minot_field,712.9,298,0,
55035,B,minot_field,749.9,298,0,
55037,E,,,,0,
55039,E,,,,0,
55041,E,,,,0,
55043,E,,,,0,
55045,E,,,,0,
55047,E,,,,0,
55049,E,,,,0,
55051,B,minot_field,781.2,284,0,
55053,E,,,,0,
55055,E,,,,0,
55057,E,,,,0,
55059,D,metro_16980,48.6,226,0.0009319,5
55061,E,,,,0,
55063,E,,,,0,
55065,E,,,,0,
55067,E,,,,0,
55069,E,,,,0,
55071,E,,,,0,
55073,E,,,,0,
55075,E,,,,0,
55077,E,,,,0,
55078,E,,,,0,
55079,C2,metro_33340,,,0.002742,44
55081,E,,,,0,
55083,E,,,,0,
55085,E,,,,0,
55087,E,,,,0,
55089,C2,metro_33340,,,0.0002664,44
55091,B,minot_field,723.7,300,0,
55093,B,minot_field,675.3,300,0.0001634,16
55095,B,minot_field,647.4,295,0,
55097,E,,,,0,
55099,B,minot_field,785.1,289,0,
55101,E,,,,0,
55103,E,,,,0,
55105,E,,,,0,
55107,B,minot_field,742.5,292,0,
55109,B,minot_field,659.7,298,0.0003617,16
55111,E,,,,0,
55113,B,minot_field,708,288,0,
55115,E,,,,0,
55117,E,,,,0,
55119,E,,,,0,
55121,B,minot_field,783.6,301,0,
55123,E,,,,0,
55125,E,,,,0,
55127,E,,,,0,
55129,B,minot_field,675.4,290,0,
55131,C2,metro_33340,,,0.000399,44
55133,C2,metro_33340,,,0.001187,44
55135,E,,,,0,
55137,E,,,,0,
55139,E,,,,0,
55141,E,,,,0,
56001,E,,,,0,
56003,B,malmstrom_field,422.7,312,0,
56005,B,malmstrom_field,421.9,308,0,
56007,E,,,,0,
56009,B,malmstrom_field,600.2,317,0,
56011,B,malmstrom_field,468.3,301,0,
56013,E,,,,0,
56015,A,warren_field,,,0,
56017,E,,,,0,
56019,B,malmstrom_field,348.2,316,0,
56021,A,fe_warren_afb;warren_field,,,0,
56023,E,,,,0,
56025,B,malmstrom_field,672.5,317,0,
56027,B,malmstrom_field,592.1,316,0,
56029,E,,,,0,
56031,B,warren_field;malmstrom_field,47.6,92,0,
56033,B,malmstrom_field,294.1,311,0,
56035,E,,,,0,
56037,E,,,,0,
56039,E,,,,0,
56041,E,,,,0,
56043,B,malmstrom_field,490.8,316,0,
56045,B,malmstrom_field,521.5,305,0,
60010,E,,,,0,
60020,E,,,,0,
60050,E,,,,0,
66010,C2,andersen_afb,,,0,
69100,E,,,,0,
69110,E,,,,0,
69120,E,,,,0,
72001,E,,,,0,
72003,E,,,,0,
72005,E,,,,0,
72007,C2,metro_41980,,,0,
72009,C2,metro_41980,,,0,
72011,E,,,,0,
72013,E,,,,0,
72015,E,,,,0,
72017,C2,metro_41980,,,0,
72019,C2,metro_41980,,,0,
72021,C2,metro_41980,,,0,
72023,E,,,,0,
72025,C2,metro_41980,,,0,
72027,E,,,,0,
72029,C2,metro_41980,,,0,
72031,C2,metro_41980,,,0,
72033,C2,metro_41980,,,0,
72035,C2,metro_41980,,,0,
72037,C2,metro_41980,,,0,
72039,C2,metro_41980,,,0,
72041,C2,metro_41980,,,0,
72043,E,,,,0,
72045,C2,metro_41980,,,0,
72047,C2,metro_41980,,,0,
72049,E,,,,0,
72051,C2,metro_41980,,,0,
72053,C2,metro_41980,,,0,
72054,C2,metro_41980,,,0,
72055,E,,,,0,
72057,E,,,,0,
72059,E,,,,0,
72061,C2,metro_41980,,,0,
72063,C2,metro_41980,,,0,
72065,E,,,,0,
72067,E,,,,0,
72069,C2,metro_41980,,,0,
72071,E,,,,0,
72073,E,,,,0,
72075,E,,,,0,
72077,C2,metro_41980,,,0,
72079,E,,,,0,
72081,E,,,,0,
72083,E,,,,0,
72085,C2,metro_41980,,,0,
72087,C2,metro_41980,,,0,
72089,C2,metro_41980,,,0,
72091,C2,metro_41980,,,0,
72093,E,,,,0,
72095,C2,metro_41980,,,0,
72097,E,,,,0,
72099,E,,,,0,
72101,C2,metro_41980,,,0,
72103,C2,metro_41980,,,0,
72105,C2,metro_41980,,,0,
72107,C2,metro_41980,,,0,
72109,E,,,,0,
72111,E,,,,0,
72113,E,,,,0,
72115,E,,,,0,
72117,E,,,,0,
72119,C2,metro_41980,,,0,
72121,E,,,,0,
72123,E,,,,0,
72125,E,,,,0,
72127,C2,metro_41980,,,0,
72129,C2,metro_41980,,,0,
72131,E,,,,0,
72133,E,,,,0,
72135,C2,metro_41980,,,0,
72137,C2,metro_41980,,,0,
72139,C2,metro_41980,,,0,
72141,E,,,,0,
72143,C2,metro_41980,,,0,
72145,C2,metro_41980,,,0,
72147,E,,,,0,
72149,E,,,,0,
72151,C2,metro_41980,,,0,
72153,E,,,,0,
78010,E,,,,0,
78020,E,,,,0,
78030,E,,,,0,
