fips,sdwis_violation_pop_share,cws_pop_share
01001,0,1
01003,0.0417,1
01005,0.0184,1
01007,0.168,1
01009,0.277,1
01011,0,1
01013,0.105,1
01015,0.205,1
01017,0,1
01019,0,0.92
01021,0,1
01023,0.704,1
01025,0.336,1
01027,0.13,0.838
01029,0,1
01031,0.0795,1
01033,0.223,1
01035,0.0356,1
01037,0.387,1
01039,0,1
01041,0,1
01043,0,1
01045,0.0183,1
01047,0,1
01049,0,1
01051,0.114,1
01053,0.0208,1
01055,0.0552,1
01057,0.0757,1
01059,0,1
01061,0,0.891
01063,0,1
01065,0,1
01067,0,1
01069,0.0282,1
01071,0.387,1
01073,0.0484,1
01075,0,1
01077,0.039,1
01079,0,0.811
01081,0.0513,1
01083,0.313,1
01085,0,1
01087,0,1
01089,0,1
01091,0.0179,1
01093,0.22,1
01095,0.0216,1
01097,0.672,1
01099,0.312,1
01101,0,1
01103,0,1
01105,0,1
01107,0,1
01109,0.0759,1
01111,0,1
01113,0.23,1
01115,0.0187,1
01117,0.243,0.954
01119,0,1
01121,0.00664,1
01123,0.06,1
01125,0.67,1
01127,0.21,1
01129,0.0918,1
01131,0.617,1
01133,0.0609,1
02013,0.928,0.75
02016,0.0833,1
02020,0.014,0.997
02050,0.783,0.796
02060,0.52,0.151
02063,0.0312,1
02066,0.0312,1
02068,0.409,0.454
02070,0.747,1
02090,0.134,1
02100,1,1
02110,0.00645,1
02122,0.235,0.442
02130,0.158,0.777
02150,0.293,1
02158,1,0.9
02164,0.895,1
02170,0.145,0.419
02180,0.456,1
02185,0.568,0.81
02188,0.936,0.986
02220,0.00995,1
02240,0.153,0.332
02282,0,1
02290,0.589,1
04001,0.252,0.278
04003,0.528,0.952
04005,0.312,1
04007,0.415,1
04009,0.989,0.71
04011,0.763,0.799
04012,0.206,0.872
04013,0.051,0.991
04015,0.289,1
04017,0.314,0.896
04019,0.0293,1
04021,0.298,1
04023,0.538,0.999
04025,0.438,0.836
04027,0.767,1
05001,0.021,1
05003,0.253,1
05005,0.0761,0.874
05007,0.0839,1
05009,0.0721,0.921
05011,0,1
05013,0,1
05015,0.351,0.745
05017,0.528,1
05019,0,0.998
05021,0,1
05023,0.0786,1
05025,0.137,1
05027,0.132,0.997
05029,0.903,1
05031,0.0216,0.698
05033,0.0786,0.951
05035,0.3,0.975
05037,0.0258,0.746
05039,0.0478,1
05041,0.601,1
05043,0.112,0.86
05045,0.168,1
05047,0.0569,0.973
05049,0.0559,0.801
05051,0,1
05053,0,0.999
05055,0,1
05057,0.282,0.874
05059,0,1
05061,0.478,1
05063,0.0982,1
05065,0,0.972
05067,0.266,0.892
05069,0,1
05071,0.119,0.941
05073,0.0454,0.961
05075,0.182,0.905
05077,0.449,1
05079,0,1
05081,0.405,0.95
05083,0.621,1
05085,0.338,0.689
05087,0,0.258
05089,0.0369,0.79
05091,0.018,1
05093,0.196,0.969
05095,0.503,1
05097,1,0.514
05099,0.855,0.758
05101,0.417,1
05103,0.191,1
05105,0.0774,0.38
05107,0.522,0.997
05109,0.427,0.874
05111,0.0191,1
05113,0.0794,0.85
05115,0.485,1
05117,0.247,0.483
05119,0,1
05121,0,0.627
05123,0.0535,0.895
05125,0,0.937
05127,0,0.445
05129,0.33,1
05131,0.0641,1
05133,0.0191,0.696
05135,0.0664,0.609
05137,0.0714,1
05139,0.64,1
05141,0.245,1
05143,0.0447,0.874
05145,0.0823,1
05147,0.275,0.935
05149,0.653,0.845
06001,0.000258,1
06003,0.0792,1
06005,0.392,0.935
06007,0.0551,0.936
06009,0.309,1
06011,0.0292,0.803
06013,0.00292,0.481
06015,0.0311,0.914
06017,0.000573,1
06019,0.0888,0.977
06021,0.0168,0.657
06023,0.0451,0.896
06025,0.411,0.958
06027,0.364,0.874
06029,0.154,1
06031,0.696,0.984
06033,0.269,0.976
06035,0.008,0.574
06037,0.0112,1
06039,0.111,0.883
06041,0.00114,1
06043,0.0632,0.384
06045,0.189,0.669
06047,0.415,0.855
06049,0.855,0.568
06051,0.364,1
06053,0.0174,1
06055,0.114,0.932
06057,0.0423,0.925
06059,0.0000792,1
06061,0.00635,1
06063,0.437,1
06065,0.0334,1
06067,0.147,1
06069,0.504,0.956
06071,0.0331,1
06073,0.0408,1
06075,0,0.98
06077,0.27,0.953
06079,0.0888,0.96
06081,0.002,1
06083,0.0025,1
06085,0.53,1
06087,0.114,0.935
06089,0.139,0.926
06091,0.427,1
06093,0.787,0.652
06095,0.326,1
06097,0.0137,0.903
06099,0.254,0.884
06101,0.00337,0.834
06103,0.142,0.551
06105,0.617,0.604
06107,0.393,0.905
06109,0.181,1
06111,0.0249,1
06113,0.228,1
06115,0.00516,0.939
08001,0.0916,1
08003,0.00655,0.793
08005,0.0668,1
08007,0.0668,0.998
08009,0.885,0.717
08011,0.902,0.543
08013,0.0977,1
08014,0.976,1
08015,0.145,0.793
08017,0,0.724
08019,0.108,1
08021,0.147,0.601
08023,0.0739,0.689
08025,0,0.497
08027,0,0.434
08029,0.37,0.843
08031,0.000112,1
08033,0.66,0.554
08035,0.00174,1
08037,0.0286,1
08039,0.0761,0.476
08041,0.0401,1
08043,0.148,1
08045,0.347,0.823
08047,0,1
08049,0.239,1
08051,0.0409,1
08053,0.898,0.83
08055,0.808,0.84
08057,0,0.504
08059,0.00869,0.953
08061,0.236,0.594
08063,0.15,1
08065,0.00529,1
08067,0.063,0.981
08069,0.0727,1
08071,0.0567,0.982
08073,0.134,1
08075,0.0434,0.792
08077,0.00131,1
08079,0,1
08081,0.0346,0.762
08083,0.0341,1
08085,0.02,1
08087,0.0152,0.993
08089,0.274,1
08091,0.636,0.796
08093,0.506,0.202
08095,0.0118,0.784
08097,0.165,1
08099,0.3,0.974
08101,0.219,0.966
08103,0.00555,0.774
08105,0.0487,0.637
08107,0.575,1
08109,0.147,0.942
08111,0,1
08113,0.394,1
08115,0.867,0.714
08117,0.466,1
08119,0.677,0.734
08121,1,0.62
08123,0.164,1
08125,0.0348,0.679
09110,0.0537,0.863
09120,0.0889,0.306
09130,0.0359,0.498
09140,0.0143,0.696
09150,0.0892,0.46
09160,0.0346,0.473
09170,0.00061,0.823
09180,0.056,0.633
09190,0.0866,1
10001,0.0061,0.816
10003,0,0.928
10005,0.0268,1
11001,0.054,0.97
12001,0.000898,0.801
12003,0,0.367
12005,0.19,1
12007,0.00199,0.533
12009,0.207,1
12011,0.205,0.984
12013,0,0.316
12015,0.0027,1
12017,0.00684,0.776
12019,0.00053,0.822
12021,0.00354,1
12023,0.0477,0.338
12027,0.294,0.671
12029,0.0206,0.29
12031,0.000141,0.937
12033,0,1
12035,0.000644,1
12037,0.513,1
12039,0.00379,0.864
12041,0,0.195
12043,0.603,0.557
12045,0.26,1
12047,0,0.572
12049,0.00905,0.62
12051,0.00984,0.862
12053,0.00287,0.874
12055,0.0417,0.95
12057,0.00127,1
12059,0.126,0.25
12061,0,1
12063,0.0745,0.496
12065,0,0.609
12067,0,0.299
12069,0.0898,1
12071,0.639,0.946
12073,0.000656,0.803
12075,0.0966,0.268
12077,0.447,1
12079,0.873,0.519
12081,0.0341,1
12083,0.0206,0.697
12085,0.0552,0.998
12086,0.0000228,1
12087,1,0.364
12089,0.00399,0.682
12091,0.0787,1
12093,0.0772,0.591
12095,0.0534,1
12097,0.00546,0.844
12099,0.542,1
12101,0.00471,0.71
12103,0.05,1
12105,0.271,0.895
12107,0.579,0.358
12109,0.0055,0.8
12111,0.0378,0.997
12113,0.000113,1
12115,0,1
12117,0.0706,1
12119,0.00803,1
12121,0.297,0.306
12123,0.645,0.521
12125,0,0.303
12127,0.0287,0.992
12129,0.784,0.901
12131,0.00936,1
12133,0.274,0.361
13001,0,0.367
13003,0.412,0.507
13005,0,0.374
13007,0,0.292
13009,0.998,1
13011,0.358,0.624
13013,0.117,1
13015,0,0.997
13017,0,0.899
13019,0,0.441
13021,0,0.83
13023,0,0.767
13025,0,0.152
13027,0,0.559
13029,0,0.841
13031,0.0012,0.992
13033,0,0.353
13035,0,1
13037,0.23,0.952
13039,0.436,1
13043,0,0.497
13045,0.00235,0.902
13047,0.0435,1
13049,0,0.542
13051,0.117,1
13053,0,0.31
13055,0,0.955
13057,0,1
13059,0.982,0.992
13061,0,0.94
13063,0,1
13065,0,0.58
13067,0,1
13069,0.0258,0.562
13071,0,0.555
13073,0.868,0.924
13075,0,0.572
13077,0.621,1
13079,0,0.51
13081,0,0.857
13083,0,1
13085,0,1
13087,0.041,0.624
13089,0,1
13091,0,0.572
13093,0,0.829
13095,0,1
13097,0,0.882
13099,0,0.577
13101,1,0.278
13103,0,0.772
13105,0,0.482
13107,0.07,0.686
13109,0,0.593
13111,0,0.675
13113,0.00639,0.884
13115,0,0.996
13117,0,0.887
13119,0.29,0.829
13121,0.0561,1
13123,0,0.558
13125,0.977,0.58
13127,0.00339,1
13129,0,0.94
13131,0,0.456
13133,0.0174,1
13135,0,1
13137,0.122,0.857
13139,0,0.738
13141,0.368,0.907
13143,0.483,0.846
13145,0,0.947
13147,0.00331,0.644
13149,0.891,0.804
13151,0,0.955
13153,0,1
13155,0,0.384
13157,0.383,1
13159,0.463,0.6
13161,0.905,0.433
13163,0.00809,0.758
13165,0,0.771
13167,0,0.464
13169,0,0.826
13171,0.172,0.709
13173,0.579,0.476
13175,0,0.576
13177,0.75,0.821
13179,0,1
13181,0.994,1
13183,0.00838,0.52
13185,0.705,0.808
13187,0,0.418
13189,1,0.985
13191,0,1
13193,0.131,0.849
13195,0.0822,0.413
13197,0.195,0.977
13199,0.418,0.628
13201,0,0.334
13205,0.278,0.662
13207,0,1
13209,0.0279,0.623
13211,0.682,0.47
13213,0,0.712
13215,0,1
13217,0.0238,0.853
13219,0,0.828
13221,0.172,0.398
13223,0,0.73
13225,0,0.933
13227,0,0.939
13229,0.0122,0.349
13231,0,0.47
13233,0,0.908
13235,0,0.878
13237,0.059,1
13239,0,1
13241,0.048,0.87
13243,0,0.644
13245,0.00106,1
13247,0,0.966
13249,0,1
13251,0.033,0.509
13253,0,0.478
13255,0,0.971
13257,0.909,1
13259,0,1
13261,0,0.6
13263,0.628,1
13265,1,0.4
13267,0,0.5
13269,0.213,0.783
13271,0.0267,0.827
13273,0,0.689
13275,0.0104,0.89
13277,0,0.849
13279,0.0189,0.754
13281,0,1
13283,0,0.487
13285,0.0824,0.752
13287,0,0.709
13289,0,0.376
13291,0.169,1
13293,0,0.753
13295,0,0.946
13297,0.07,0.809
13299,0,0.91
13301,0.895,0.678
13303,0,0.688
13305,0,0.481
13307,0,0.433
13309,0,0.678
13311,0,0.599
13313,0,0.967
13315,0,0.662
13317,0.875,0.78
13319,0,0.772
13321,0,0.49
15001,0.00174,0.717
15003,0.0000268,1
15007,0,1
15009,0,1
16001,0.02,1
16003,0.0108,0.552
16005,0.751,0.902
16007,0.133,0.855
16009,0.192,0.678
16011,0.596,0.491
16013,0.147,0.87
16015,0.313,0.561
16017,0.48,0.613
16019,0.2,0.96
16021,0.116,0.916
16023,0.777,0.54
16025,1,0.416
16027,0.0084,0.88
16029,0.191,0.685
16031,0.946,0.528
16033,1,0.653
16035,0.875,0.678
16037,0,0.379
16039,0.587,0.909
16041,0.736,0.742
16043,0.151,0.543
16045,0.00868,0.362
16047,0.00653,0.53
16049,0.186,0.467
16051,0.645,0.303
16053,0.0323,0.623
16055,0.0245,0.965
16057,0.0668,1
16059,0.93,0.445
16061,0.178,0.843
16063,0.169,0.52
16065,0.00103,0.828
16067,0.0139,0.5
16069,0.0145,0.879
16071,0,0.482
16073,0.0529,0.474
16075,0.427,0.688
16077,0.0287,0.671
16079,0.0136,1
16081,0.0127,0.586
16083,0.0606,0.794
16085,0.683,0.636
16087,0,0.583
17001,0.0235,0.995
17003,0,1
17005,0.127,1
17007,0,0.767
17009,0,0.918
17011,0.175,0.778
17013,0.0219,1
17015,0.0541,0.71
17017,0.0753,0.854
17019,0.00373,0.999
17021,0.159,0.839
17023,0.204,1
17025,0,0.762
17027,0.171,0.928
17029,0.299,1
17031,0.0451,0.99
17033,0.0798,1
17035,0.346,0.454
17037,0.0157,0.941
17039,0.016,0.706
17041,0.2,0.934
17043,0.00186,0.91
17045,0.104,0.724
17047,0,1
17049,0.148,0.694
17051,0.833,0.834
17053,0.0501,0.758
17055,0.19,1
17057,0.0339,0.959
17059,0,0.956
17061,0.287,1
17063,0.155,0.817
17065,0.358,0.989
17067,0.143,0.674
17069,0,1
17071,0,1
17073,0.093,0.785
17075,0.132,0.776
17077,0.755,1
17079,0,1
17081,0,0.965
17083,0,1
17085,0.487,0.684
17087,0.471,0.601
17089,0.0479,1
17091,0.882,0.852
17093,0.00131,0.578
17095,0.0433,0.921
17097,0.0463,0.883
17099,0.497,0.843
17101,0.352,0.842
17103,0.0295,0.823
17105,0.291,0.797
17107,0.748,0.851
17109,0.48,1
17111,0.266,0.802
17113,0.0716,0.962
17115,0.115,0.993
17117,0.335,1
17119,0.0467,1
17121,0,1
17123,0.19,0.78
17125,0.0689,0.607
17127,0.51,0.975
17129,0.062,0.989
17131,0.0755,0.625
17133,0.151,0.774
17135,0.439,0.912
17137,0.157,1
17139,0,0.867
17141,0.117,0.629
17143,0.0477,0.928
17145,0.709,0.906
17147,0.183,0.692
17149,0.0176,1
17151,1,1
17153,0.0626,0.623
17155,0.251,0.71
17157,0.372,0.974
17159,0.129,0.697
17161,0.088,1
17163,0.00771,0.99
17165,0.75,1
17167,0.02,0.93
17169,0.151,1
17171,0.185,0.896
17173,0.194,0.569
17175,0.422,0.633
17177,0.011,0.714
17179,0.0666,0.924
17181,0.718,0.778
17183,0.0311,0.748
17185,0.71,0.871
17187,0.735,0.719
17189,0,1
17191,0.644,0.998
17193,0.0126,1
17195,0.229,0.665
17197,0.327,0.844
17199,0.272,1
17201,0.0598,0.845
17203,0.0412,0.663
18001,0.0155,0.469
18003,0.878,0.801
18005,0.00231,0.92
18007,0.041,0.7
18009,0,0.588
18011,0.65,0.368
18013,0,1
18015,0.0262,0.299
18017,0.00578,0.581
18019,0.112,1
18021,0.19,0.642
18023,0.0377,0.631
18025,0.464,0.673
18027,0.539,0.761
18029,0.133,0.925
18031,0.927,0.772
18033,0.025,0.579
18035,0.00163,0.779
18037,0.121,1
18039,0.0132,0.473
18041,0.00204,0.669
18043,0,0.319
18045,0.407,0.558
18047,0.132,0.557
18049,0,0.401
18051,0.225,0.859
18053,0.156,0.668
18055,0.0311,1
18057,0.454,0.635
18059,0,0.458
18061,0.425,1
18063,0.00615,0.498
18065,0,0.615
18067,0.00392,0.768
18069,0.861,0.642
18071,0.0392,0.858
18073,0.102,0.37
18075,0,0.515
18077,0,1
18079,0.375,0.936
18081,0,0.886
18083,0.082,0.861
18085,0.0574,0.334
18087,0.164,0.163
18089,0.0322,1
18091,0.328,0.634
18093,0.136,1
18095,0.773,0.715
18097,0.0521,0.962
18099,0.273,0.492
18101,0,1
18103,0.0202,0.482
18105,0.711,0.905
18107,0.0366,0.573
18109,0,0.815
18111,0.0571,0.398
18113,0.116,0.446
18115,0.666,1
18117,0,0.459
18119,0.0608,0.655
18121,0.761,0.551
18123,0.0698,0.914
18125,0.571,1
18127,0.0324,0.268
18129,0.138,0.403
18131,0.243,0.318
18133,0.0323,0.701
18135,0.103,0.573
18137,0.347,1
18139,0.0337,0.554
18141,0.000137,0.67
18143,0,1
18145,0.00455,0.478
18147,0.138,0.923
18149,0.587,0.27
18151,0.0357,0.506
18153,0.0606,0.914
18155,0,1
18157,0.0143,0.867
18159,0.195,0.421
18161,0,0.38
18163,0,1
18165,0.176,0.867
18167,0.0036,0.808
18169,0.015,0.678
18171,0.0145,0.303
18173,0.0537,0.969
18175,0.72,0.83
18177,0.0561,0.755
18179,0.00321,0.497
18181,0.186,0.469
18183,0.127,0.415
19001,0,1
19003,0,1
19005,0,0.552
19007,0,1
19009,0,0.572
19011,0.15,0.726
19013,0,1
19015,0.56,1
19017,0,0.825
19019,0,0.596
19021,0,1
19023,0.0139,0.727
19025,0.0911,0.801
19027,0.00603,0.951
19029,0.0699,0.786
19031,0.00535,0.647
19033,0,0.881
19035,0,1
19037,0.0589,0.574
19039,0.415,1
19041,0,0.951
19043,0,0.567
19045,0,0.838
19047,0,0.94
19049,0.0171,0.856
19051,0,0.778
19053,0.346,1
19055,0,0.447
19057,0.0236,1
19059,0.692,0.787
19061,0,0.845
19063,0,0.813
19065,0,0.664
19067,0,0.677
19069,0,0.664
19071,0,0.618
19073,0,0.731
19075,0,0.766
19077,0.0283,0.649
19079,0,0.819
19081,0.036,0.655
19083,0,0.852
19085,0,0.563
19087,0,0.904
19089,0,0.602
19091,0.0562,0.711
19093,0,0.701
19095,0.00375,0.736
19097,0,0.582
19099,0,0.79
19101,0,1
19103,0.00454,1
19105,0,0.591
19107,0,0.783
19109,0,0.671
19111,0,1
19113,0.000958,0.943
19115,0,0.542
19117,0,1
19119,0,1
19121,0,1
19123,0,1
19125,0,0.905
19127,0,0.939
19129,0.0366,0.523
19131,0,0.546
19133,0,0.663
19135,0,0.996
19137,0,1
19139,0,0.812
19141,0,0.789
19143,0,1
19145,0,0.99
19147,0.0166,1
19149,0,0.674
19151,0.0937,0.734
19153,0.0401,1
19155,0,0.885
19157,0.654,0.823
19159,0,0.794
19161,0.159,0.845
19163,0.00556,0.951
19165,0,0.704
19167,0,1
19169,0.0118,1
19171,0,1
19173,0,0.882
19175,0,0.929
19177,0,0.886
19179,0,0.984
19181,0,1
19183,0,0.846
19185,0,0.965
19187,0.0115,0.932
19189,0,0.776
19191,0,0.589
19193,0.00327,0.925
19195,0,0.609
19197,0,0.796
20001,0.0177,0.798
20003,0,0.929
20005,0,1
20007,0.266,0.857
20009,0.0169,0.854
20011,0.0704,1
20013,0.0363,0.739
20015,0.0632,0.72
20017,0.0399,0.674
20019,0.904,0.84
20021,0.219,0.945
20023,0,0.661
20025,0,0.792
20027,0,0.794
20029,0,0.816
20031,0,1
20033,0.121,0.845
20035,0,0.972
20037,0.0977,0.999
20039,0,0.682
20041,0.185,0.825
20043,0.155,0.887
20045,0,1
20047,0.87,0.715
20049,0.531,0.948
20051,0.00376,0.901
20053,0.444,1
20055,0.00172,1
20057,0.943,0.845
20059,0.546,0.93
20061,0.332,1
20063,0.0478,0.639
20065,0.0818,0.705
20067,0,0.873
20069,0.0699,0.636
20071,0.115,0.695
20073,0.22,1
20075,0.0407,0.78
20077,0.0707,0.823
20079,0.0106,0.939
20081,0.432,0.645
20083,0,0.591
20085,0,0.911
20087,0.0826,1
20089,0.23,0.871
20091,0.00693,1
20093,0.242,0.719
20095,0.0992,0.584
20097,0,0.633
20099,0.71,0.972
20101,0,0.77
20103,0,1
20105,0.116,0.564
20107,0.418,1
20109,0.917,0.801
20111,0.783,0.954
20113,0,0.813
20115,0.162,0.811
20117,0.14,0.793
20119,0.334,0.756
20121,0.147,0.85
20123,0.866,1
20125,0.373,0.971
20127,0,0.905
20129,0,0.84
20131,0.00603,0.937
20133,0.0191,1
20135,0,0.745
20137,0.818,0.629
20139,0.0242,1
20141,0.053,0.788
20143,0.0376,0.918
20145,0.0168,0.933
20147,0.0137,0.76
20149,0.0805,0.914
20151,0.961,0.775
20153,0,0.596
20155,0.845,0.795
20157,0.688,1
20159,0.461,0.866
20161,0.000798,0.87
20163,0.583,0.821
20165,0.128,0.791
20167,0.65,1
20169,0.00434,0.934
20171,0,0.728
20173,0,0.95
20175,0,0.916
20177,0.052,0.864
20179,0,0.575
20181,0,0.777
20183,0.0977,0.76
20185,0.818,0.636
20187,0,0.706
20189,0,0.773
20191,0.0641,1
20193,0,0.757
20195,0,1
20197,0.347,0.72
20199,0,0.684
20201,0.0744,0.954
20203,0,0.669
20205,0.0996,1
20207,0.465,1
20209,0,0.95
21001,1,1
21003,0,1
21005,0.363,0.971
21007,0,0.697
21009,0,0.9
21011,0.741,1
21013,0.0095,1
21015,0,0.736
21017,0.912,0.766
21019,0.196,1
21021,0,1
21023,0,1
21025,0.476,0.725
21027,0,1
21029,0,0.324
21031,0.156,1
21033,0,1
21035,0.0313,0.83
21039,0,0.519
21041,0.00893,1
21043,0.399,1
21045,0.844,0.926
21047,0,1
21049,0,1
21051,0.32,0.82
21053,1,0.977
21055,1,0.338
21057,0.735,1
21059,0,1
21061,0.794,1
21063,0,0.48
21065,0.627,1
21067,0,1
21069,0,0.949
21071,0.367,1
21073,0,1
21075,1,1
21077,0,0.903
21079,0,1
21081,0.0772,1
21083,0,0.785
21085,0,1
21087,0,1
21089,0.173,1
21091,0,0.712
21093,0.049,1
21095,0.348,1
21097,0.697,1
21099,0,1
21101,0,1
21103,0,1
21105,0,0.429
21107,0.609,1
21109,0.089,1
21111,0,1
21113,0.257,1
21115,0,1
21117,0,1
21119,0,0.65
21121,0.336,0.821
21123,0,0.922
21125,0.124,1
21127,0,0.507
21129,0,1
21131,0,0.924
21133,0.524,0.576
21135,0,0.753
21137,0.251,0.891
21139,0.718,1
21141,0.166,1
21143,0.522,1
21145,0,0.96
21147,0,1
21149,0.113,0.933
21151,0.39,0.986
21153,0.253,1
21155,0.319,1
21157,0,1
21159,1,0.798
21161,0,1
21163,0.836,1
21165,0.995,0.894
21167,0.425,1
21169,0,0.828
21171,0.89,1
21173,0.773,1
21175,0.76,0.721
21177,0.648,1
21179,0.138,1
21181,0,1
21183,0.729,1
21185,0,0.717
21189,1,1
21191,0,1
21193,0,1
21195,0.795,0.946
21197,0,1
21199,0,1
21201,0,0.353
21203,0,1
21205,0.547,1
21207,0.56,0.935
21209,0,0.781
21211,0,1
21213,0,1
21215,0,1
21217,0,0.958
21219,0.151,1
21221,0,1
21223,0,0.945
21225,1,1
21227,0,1
21229,0,1
21231,0,1
21233,0.491,1
21235,0.468,1
21237,0,1
21239,0.664,1
22001,0.398,1
22003,0.758,1
22005,0.334,0.253
22007,0,1
22009,0.448,1
22011,0.346,1
22013,0.801,1
22015,0.198,1
22017,0.947,1
22019,0.106,0.939
22021,0.611,1
22023,0.775,1
22025,0.532,1
22027,0.585,1
22029,0.797,1
22031,0.74,1
22033,0.0215,1
22035,1,1
22037,0.128,1
22039,0.734,1
22041,0.938,1
22043,0.593,1
22045,0.201,1
22047,0.355,1
22049,0.733,1
22051,0.337,1
22053,0.302,1
22055,0.116,1
22057,0,0.991
22059,0.802,1
22061,0.424,1
22063,0.169,1
22065,0.896,1
22067,0.886,1
22069,0.169,1
22071,1,1
22073,0.766,1
22075,0.349,1
22077,0.726,1
22079,0.206,1
22081,0.85,1
22083,0.345,1
22085,0.99,1
22087,0,1
22089,0,1
22091,0.129,0.953
22093,0.678,1
22095,0,1
22097,0.553,1
22099,0.918,1
22101,0.913,1
22103,0.333,0.918
22105,0.746,0.972
22107,0.847,1
22109,0,1
22111,0.897,1
22113,0.485,1
22115,0.447,1
22117,0.628,0.725
22119,0.811,1
22121,0.221,1
22123,1,1
22125,0.582,1
22127,1,1
23001,0.0564,0.501
23003,0.142,0.452
23005,0.0146,0.584
23007,0.186,0.495
23009,0.274,0.356
23011,0.00296,0.451
23013,0.0515,0.625
23015,0.161,0.402
23017,0.0399,0.34
23019,0.013,0.488
23021,0.436,0.495
23023,0,0.328
23025,0.21,0.415
23027,0.0151,0.273
23029,0.242,0.394
23031,0.325,0.665
24001,0.118,0.965
24003,0.00307,0.865
24005,0.206,0.00288
24009,0.106,0.389
24011,0.112,0.388
24013,0.0505,0.562
24015,0.734,0.508
24017,0.00399,0.72
24019,0.145,0.622
24021,0.0457,0.666
24023,0.0596,0.479
24025,0.0845,0.647
24027,0.00169,0.863
24029,0.527,0.594
24031,0,1
24033,0.959,0.0273
24035,0.228,0.368
24037,0.0399,0.802
24039,0.349,0.454
24041,0.123,0.607
24043,0.0113,0.718
24045,0.0397,0.458
24047,0.568,1
24510,0.998,1
25001,0.0099,1
25003,0.0135,0.886
25005,0.123,1
25007,0,1
25009,0.0724,1
25011,0.00109,0.711
25013,0.0499,0.921
25015,0.284,0.855
25017,0.191,0.989
25019,0,1
25021,0.0769,1
25023,0.137,1
25025,0.2,1
25027,0.0767,0.851
26001,0,0.0639
26003,0.115,0.468
26005,0.332,0.296
26007,0,0.557
26009,0.13,0.412
26011,0,0.581
26013,0.964,0.571
26015,0.0644,0.262
26017,0.359,0.951
26019,0.208,0.219
26021,0.179,0.674
26023,0.0137,0.448
26025,0.813,0.57
26027,0.245,0.265
26029,0,0.53
26031,0,0.269
26033,0.0152,0.582
26035,0,0.167
26037,0.132,0.191
26039,0,0.154
26041,0.0051,0.507
26043,0,0.737
26045,0.00739,0.495
26047,0.0323,0.551
26049,0.426,0.67
26051,0.635,0.186
26053,0.093,0.766
26055,0,0.437
26057,0.00229,0.523
26059,0.544,0.334
26061,0.0397,0.811
26063,0.0258,0.516
26065,0.0541,0.926
26067,0.0977,0.421
26069,0.00576,0.586
26071,0,0.972
26073,0.622,0.58
26075,0.374,0.572
26077,0.00241,0.957
26079,0,0.115
26081,0.0212,0.862
26083,0.242,0.404
26085,0,0.0974
26087,0.633,0.231
26089,0.0379,0.227
26091,0.098,0.527
26093,0.0662,0.364
26095,0,0.666
26097,0.841,0.339
26099,0.0443,0.935
26101,0,0.347
26103,0.514,0.703
26105,0,0.409
26107,0.924,0.292
26109,0.00355,0.432
26111,0.177,0.752
26113,0,0.101
26115,0,0.835
26117,0.00176,0.307
26119,0,0.128
26121,0.0356,0.644
26123,0.101,0.222
26125,0.101,0.819
26127,0,0.196
26129,0.0673,0.129
26131,0,0.648
26133,0.0165,0.222
26135,0,0.107
26137,0,0.175
26139,0.084,0.7
26141,0,0.385
26143,0.0689,0.0916
26145,0.0658,0.872
26147,0.0645,0.712
26149,0.00564,0.53
26151,0.0424,0.486
26153,0,0.44
26155,0.634,0.418
26157,0,0.291
26159,0.453,0.378
26161,0.0288,0.708
26163,0.146,0.992
26165,0.133,0.405
27001,0.075,0.222
27003,0.00934,0.805
27005,0.00443,0.386
27007,0.00405,0.375
27009,0,0.472
27011,0,0.69
27013,0.014,0.797
27015,0,0.797
27017,0,0.532
27019,0.00526,0.926
27021,0,0.15
27023,0,0.613
27025,0.00296,0.507
27027,0.0125,0.888
27029,0,0.238
27031,0,0.251
27033,0,1
27035,0.00592,0.453
27037,0.224,0.87
27039,0,0.666
27041,0.00191,0.496
27043,0.00795,0.705
27045,0,0.628
27047,0.107,0.746
27049,0.00685,0.675
27051,0.0145,0.566
27053,0,0.987
27055,0,0.595
27057,0.0073,0.257
27059,0,0.48
27061,0,0.477
27063,0.0185,0.608
27065,0,0.266
27067,0.00812,0.665
27069,0,1
27071,0,0.588
27073,0,0.519
27075,0,0.52
27077,0,0.267
27079,0.0292,0.785
27081,0,1
27083,0,0.825
27085,0.0177,0.741
27087,0,0.313
27089,0.00827,0.845
27091,0.0199,0.746
27093,0.0435,0.504
27095,0,0.427
27097,0.0192,0.428
27099,0.0162,0.805
27101,0,0.54
27103,0.0174,0.841
27105,0.0385,0.814
27107,0.0579,0.608
27109,0,0.887
27111,0.00728,0.441
27113,0.94,0.666
27115,0.0121,0.382
27117,0,0.742
27119,0.0108,0.661
27121,0,0.432
27123,0.682,1
27125,0,0.512
27127,0,0.673
27129,0,0.654
27131,0.00195,0.84
27133,0,0.978
27135,0.0352,0.465
27137,0.0473,0.758
27139,0.245,0.82
27141,0,0.472
27143,0.165,0.584
27145,0.00346,0.89
27147,0.00166,0.823
27149,0,0.714
27151,0,0.622
27153,0,0.397
27155,0.0313,0.648
27157,0,0.649
27159,0,0.493
27161,0.0167,0.682
27163,0,0.916
27165,0.295,0.725
27167,0,0.644
27169,0.691,0.81
27171,0.0088,0.805
27173,0.00903,0.709
28001,0.0363,1
28003,0,1
28005,0.0268,0.882
28007,0.0318,1
28009,0.147,0.75
28011,0.72,1
28013,0.153,1
28015,0,1
28017,0.0765,1
28019,0.167,1
28021,0.17,1
28023,0,0.961
28025,0.00777,1
28027,0.886,1
28029,0.446,0.914
28031,0.298,0.782
28033,0.187,1
28035,0.0296,1
28037,0.672,0.996
28039,0,0.626
28041,0.0459,0.806
28043,0.0918,1
28045,0.397,1
28047,0.049,0.891
28049,0.869,1
28051,0.335,1
28053,0.526,1
28055,1,1
28057,0.467,0.98
28059,0.195,0.927
28061,0.0627,1
28063,0.799,1
28065,0.134,1
28067,0.00909,1
28069,0.0194,1
28071,0.0835,1
28073,0.13,1
28075,0.0219,1
28077,0.0338,0.984
28079,0.0769,0.963
28081,0.0238,1
28083,0.0782,1
28085,0.373,0.961
28087,0.0406,1
28089,0.247,1
28091,0.352,0.944
28093,0.2,0.685
28095,0.07,1
28097,0.61,1
28099,0,0.844
28101,0.25,1
28103,0.827,1
28105,0.0609,1
28107,0.204,0.984
28109,0.053,0.962
28111,0.164,0.844
28113,0.613,0.875
28115,0.666,1
28117,0.434,1
28119,0.643,1
28121,0.414,1
28123,0.0956,1
28125,1,1
28127,0,1
28129,0.227,0.911
28131,0.434,0.81
28133,0.855,1
28135,0.47,1
28137,0.718,0.525
28139,0.103,1
28141,0,1
28143,0.454,1
28145,0.0808,0.973
28147,0,1
28149,0.0423,1
28151,0.81,1
28153,0.575,1
28155,0,1
28157,0,1
28159,0,1
28161,0.136,1
28163,0.476,0.928
29001,0.693,1
29003,0.0113,1
29005,0,0.809
29007,0.0378,1
29009,0.0011,0.659
29011,0,0.602
29013,0.533,0.964
29015,0.0689,0.431
29017,0,0.184
29019,0,1
29021,0,0.819
29023,0.5,0.847
29025,0.367,0.835
29027,0,0.867
29029,0.0342,0.841
29031,0.56,0.873
29033,0.0367,0.98
29035,0,0.561
29037,0.0249,1
29039,0.628,0.621
29041,0.117,0.579
29043,0,0.66
29045,0,1
29047,0.000387,0.95
29049,0.158,1
29051,0,0.943
29053,0,0.76
29055,0,0.442
29057,0.013,0.461
29059,0,0.237
29061,0.0335,1
29063,0.0545,1
29065,0,0.435
29067,0,0.262
29069,0.411,1
29071,0.248,0.568
29073,0.0643,0.515
29075,0.477,1
29077,0.00339,0.851
29079,0,1
29081,0.675,1
29083,0.0364,1
29085,0.167,0.457
29087,0.447,1
29089,0.387,0.818
29091,0.549,0.591
29093,0.535,0.533
29095,0,1
29097,0.0117,1
29099,0.0453,0.806
29101,0,1
29103,0,1
29105,0,0.872
29107,0.116,0.944
29109,0.0117,0.475
29111,0.125,0.7
29113,0.172,0.735
29115,0.097,1
29117,0.119,1
29119,0.156,0.509
29121,0,1
29123,0,0.508
29125,0,0.238
29127,0.668,0.898
29129,0.124,0.728
29131,0.635,0.364
29133,0.323,1
29135,0.469,0.624
29137,0.452,0.64
29139,0.114,0.851
29141,0.247,0.374
29143,0.162,0.901
29145,0.00776,0.33
29147,0.615,0.949
29149,0.0271,0.513
29151,0.0444,0.673
29153,0.564,0.167
29155,0.163,0.865
29157,0.0583,0.724
29159,0.0274,0.624
29161,0.0421,0.653
29163,0.23,0.913
29165,0.0131,0.968
29167,0.0405,0.482
29169,0.0919,1
29171,0.354,1
29173,0.546,1
29175,0,1
29177,0.362,0.693
29179,0.572,0.227
29181,0.44,0.792
29183,0,1
29185,0.291,0.392
29186,0.425,0.698
29187,0.451,0.765
29189,0,0.823
29195,0.22,0.988
29197,0,1
29199,0.352,1
29201,0.0483,0.891
29203,0,0.384
29205,0.0278,1
29207,0.112,0.793
29209,0.0742,0.711
29211,0.325,1
29213,0.00543,1
29215,0.0316,0.651
29217,0.493,1
29219,0.136,0.618
29221,0.0426,0.231
29223,0.293,0.618
29225,0.34,0.454
29227,0,1
29229,0,0.438
29510,0,1
30001,0.0364,0.596
30003,0,0.353
30005,0.91,0.34
30007,0,0.318
30009,0.104,0.457
30011,0,0.286
30013,0.0176,0.967
30015,0.147,0.567
30017,0.935,0.869
30019,0,0.667
30021,0.0229,0.831
30023,0,0.841
30025,0,0.717
30027,0.0792,0.645
30029,0.00845,0.735
30031,0.00623,0.846
30033,0,0.311
30035,0,0.4
30037,0.73,0.455
30039,1,0.413
30041,0.812,0.75
30043,0.719,0.449
30045,0,0.373
30047,0.159,0.457
30049,0.762,0.667
30051,0.211,0.935
30053,0.463,0.569
30055,0,0.586
30057,0.157,1
30059,0,0.603
30061,0.218,0.502
30063,0.0244,0.732
30065,0,0.472
30067,0.0241,0.605
30069,0,0.377
30071,0.0498,0.573
30073,0.164,0.781
30075,0,0.267
30077,0,0.722
30081,0.0798,0.257
30083,0.0135,0.547
30085,0,0.42
30087,0.601,0.682
30089,0,0.461
30091,0,0.743
30093,0,0.999
30095,0,0.369
30097,0,0.479
30099,0.0876,0.627
30101,0.0158,1
30103,1,0.347
30105,0.0663,0.72
30107,0,1
30109,1,0.587
30111,0.0526,0.919
31001,0.898,0.893
31003,0.189,0.588
31007,0,0.224
31009,0,0.239
31011,0,0.595
31013,0,0.821
31015,0,0.806
31017,0,0.702
31019,0.00117,0.823
31021,0,1
31023,0.0367,0.575
31025,0.105,0.908
31027,0.474,0.876
31029,0,0.675
31031,0.0489,0.591
31033,0,0.833
31035,0.0933,0.752
31037,0.0687,0.78
31039,0.76,0.867
31041,0.0972,0.628
31043,0,0.894
31045,0.0224,0.917
31047,0.187,0.795
31049,0.76,0.638
31051,0.13,0.622
31053,0.00776,0.867
31055,0,1
31057,0.16,0.612
31059,0.0573,0.768
31061,0,0.748
31063,0.0186,0.598
31065,0,0.829
31067,0,0.805
31069,0,0.432
31071,0,0.596
31073,0,0.478
31075,0,0.275
31077,0.196,0.669
31079,0.951,0.876
31081,0.0612,0.668
31083,0.116,0.566
31085,0,0.257
31087,0.326,0.627
31089,0,0.633
31091,0,0.392
31093,0,0.502
31095,0.0092,0.901
31097,0.095,0.826
31099,0,0.651
31101,0.0849,0.684
31103,0,0.264
31105,0.0876,0.865
31107,0,0.668
31109,0.0198,0.98
31111,0,0.816
31113,0,0.426
31119,0.0375,0.894
31121,0,0.598
31123,0,0.618
31125,0.942,0.694
31127,0,0.921
31129,0,0.762
31131,0.00394,0.911
31133,0,1
31135,0.0584,0.611
31137,0.791,0.783
31139,0.314,0.558
31141,0.075,0.779
31143,0.374,0.593
31145,0.0066,0.821
31147,0.12,1
31149,0.897,0.618
31151,0.0558,0.846
31153,0.00721,0.262
31155,0.307,0.659
31157,0,0.813
31159,0.193,0.7
31161,0,0.572
31163,0,0.514
31165,0,0.221
31167,0.401,0.674
31169,0.019,0.714
31171,0,0.299
31175,0,0.639
31177,0.466,0.823
31179,0,0.709
31181,0,0.72
31183,0,0.233
31185,0.0627,0.8
32001,0.0286,0.555
32003,0.0143,1
32005,0.0779,0.93
32007,0.027,0.879
32009,0,0.673
32011,0,0.55
32013,0.0264,0.65
32015,0.919,0.759
32017,0,0.823
32019,0.605,0.831
32021,0.119,0.841
32023,0.0991,0.527
32027,0.00869,0.871
32029,0,0.665
32031,0.0238,0.994
32033,0,0.885
33001,0.164,0.583
33003,0.234,0.764
33005,0.00945,0.632
33007,0.113,0.762
33009,0.277,0.761
33011,0.021,0.711
33013,0.0478,0.582
33015,0.119,0.634
33017,0.297,0.704
33019,0.367,0.57
34001,0.463,1
34003,0.0771,0.832
34005,0.227,1
34007,0.118,0.796
34009,0.0762,1
34011,0.917,0.63
34013,0.704,0.856
34015,0.139,0.838
34017,0.0536,1
34019,0.0568,0.354
34021,0.809,0.783
34023,0.281,0.816
34025,0.132,0.724
34027,0.218,0.874
34029,0.0962,1
34031,0.732,0.956
34033,0.0426,0.661
34035,0.733,0.277
34037,0.411,0.559
34039,0,1
34041,0.00942,0.742
35001,0.0739,0.947
35003,0.626,0.554
35005,0.867,0.972
35006,0.95,0.609
35007,0.99,1
35009,0.0339,1
35011,0.202,1
35013,0.295,1
35015,0.196,0.99
35017,0.115,0.924
35019,0.361,0.998
35021,0.657,1
35023,0.961,0.905
35025,0.313,0.878
35027,0.129,1
35028,0,1
35029,0.136,0.766
35031,0.885,0.365
35033,0.81,0.933
35035,0.119,0.98
35037,0.0412,1
35039,0.898,0.66
35041,0.227,0.971
35043,0.894,0.875
35045,0.61,0.849
35047,0.973,0.76
35049,0.824,0.828
35051,0.636,0.93
35053,0.231,1
35055,0.454,0.579
35057,0.868,0.608
35059,0.0749,0.863
35061,0.435,0.656
36001,0.323,0.96
36003,0.18,0.645
36005,1,0.94
36007,0.00349,0.833
36009,0.0791,0.594
36011,0.00771,0.681
36013,0.117,0.853
36015,0.184,0.969
36017,0.0236,0.449
36019,0.0467,0.7
36021,0.0359,0.41
36023,0.0041,0.745
36025,0.0808,0.475
36027,0.106,0.676
36029,0.000443,0.991
36031,0.121,0.913
36033,0.187,0.619
36035,0.0102,0.618
36037,0.0172,0.782
36039,0.407,0.594
36041,0.275,0.93
36043,0.436,0.626
36045,0.356,0.984
36047,1,0.94
36049,0.379,0.433
36051,0.0668,0.854
36053,0.0247,0.404
36055,0.955,0.979
36057,0.73,0.697
36059,0.305,0.97
36061,1,0.94
36063,0,1
36065,0.00915,0.84
36067,0.33,1
36069,0.158,0.799
36071,0.106,0.845
36073,0.404,1
36075,0.0035,0.652
36077,0.095,0.508
36079,0.0811,0.381
36081,1,0.94
36083,0.75,0.708
36085,1,0.94
36087,0.00562,0.889
36089,0,0.583
36091,0.0328,0.736
36093,0.0919,0.907
36095,0.438,0.398
36097,0.0311,0.361
36099,0.015,0.735
36101,0.208,0.55
36103,0.0256,0.897
36105,0.188,0.658
36107,0,0.511
36109,0.00246,0.925
36111,0.132,0.535
36113,0.0134,0.77
36115,0.09,0.508
36117,0.00286,0.936
36119,0.11,1
36121,0.398,0.543
36123,0.1,0.57
37001,0.492,0.733
37003,0,1
37005,0,0.323
37007,0.0592,1
37009,0.65,0.197
37011,0.381,0.659
37013,0.309,1
37015,0.0266,1
37017,0.287,1
37019,0.189,1
37021,0.94,0.724
37023,0.137,0.838
37025,0.16,0.678
37027,0.434,0.914
37029,0,0.939
37031,0.372,1
37033,0.798,0.11
37035,0.00923,0.848
37037,0.709,0.628
37039,0.555,0.345
37041,1,1
37043,0.765,0.232
37045,0.198,1
37047,0.356,0.622
37049,0.375,1
37051,0.0527,1
37053,0.666,1
37055,0,1
37057,0,1
37059,0.998,0.886
37061,0.216,0.851
37063,0.000904,1
37065,0.886,0.627
37067,0,1
37069,0.69,0.615
37071,0.184,0.84
37073,0,1
37075,0,0.587
37077,0.0158,0.467
37079,0.0816,0.891
37081,0.257,0.871
37083,0.00403,0.909
37085,0.108,1
37087,0.825,0.79
37089,0.0114,0.73
37091,0.216,0.936
37093,0.64,1
37095,0,1
37097,0.498,0.73
37099,0.345,0.599
37101,0.138,0.995
37103,0.0793,1
37105,0.957,0.88
37107,0,1
37109,0.737,0.777
37111,0.846,0.338
37113,0.82,0.579
37115,0,0.337
37117,0.904,0.722
37119,0.0000543,1
37121,0.108,0.449
37123,0.904,1
37125,0.31,0.994
37127,0.106,0.819
37129,0.0262,1
37131,0.74,1
37133,0.738,1
37135,0.0844,0.765
37137,0.945,1
37139,0,1
37141,0.905,0.932
37143,1,1
37145,0,0.339
37147,0.283,1
37149,0.729,0.568
37151,0.576,0.393
37153,0.527,1
37155,0.326,0.953
37157,0.61,0.602
37159,0.861,0.827
37161,0.0846,0.776
37163,0.00966,0.618
37165,0.0388,0.727
37167,0.135,0.786
37169,0.00396,0.595
37171,0.198,0.329
37173,0.0485,0.368
37175,0.113,0.57
37177,0.781,1
37179,0.195,0.929
37181,0.845,0.462
37183,0.206,1
37185,0.0725,0.954
37187,0.95,0.997
37189,0.315,0.76
37191,0.491,1
37193,0.713,0.695
37195,0.0312,0.852
37197,0.408,0.298
37199,0,0.292
38001,0,0.634
38003,0,1
38005,0.0923,0.191
38007,0,0.119
38009,0.0292,0.763
38011,0,0.641
38013,0.0602,0.498
38015,0,0.939
38017,0.00171,0.958
38019,0,1
38021,0.301,0.963
38023,0.0224,0.712
38025,0,0.361
38027,0,0.68
38029,0,1
38031,0,0.77
38033,0,0.634
38035,0,0.955
38037,0,0.503
38039,0,1
38041,0,0.595
38043,0,0.349
38045,0,0.537
38047,0,0.587
38049,0.209,0.429
38051,0,0.738
38053,0.00273,0.799
38055,0.0364,0.94
38057,0,1
38059,0,0.893
38061,0,0.147
38063,0,1
38065,0,0.314
38067,0,1
38069,0,1
38071,0,1
38073,0,0.849
38075,0,0.616
38077,0,0.935
38079,0.218,0.291
38081,0.0504,0.567
38083,0.205,0.378
38087,0,0.195
38089,0,1
38091,0,0.444
38093,0.00746,1
38095,0,0.618
38097,0,0.956
38099,0,0.881
38101,0,0.939
38103,0.0071,1
38105,0.00683,0.916
39001,0.168,1
39003,0.777,0.827
39005,0.103,0.491
39007,0.0094,0.82
39009,0.133,1
39011,0.332,0.66
39013,0.547,0.926
39015,0.0574,1
39017,0,0.965
39019,0.624,0.261
39021,0.611,0.484
39023,0.0165,0.68
39025,0.0275,0.893
39027,0.122,0.501
39029,0.187,0.582
39031,0.00308,0.399
39033,0.831,0.659
39035,0,1
39037,0.143,0.482
39039,0.826,0.665
39041,0,0.915
39043,0,1
39045,0.0206,0.59
39047,0.0548,0.854
39049,0.00969,1
39051,0.743,0.588
39053,0,0.992
39055,0.0539,0.239
39057,0.0557,1
39059,0.484,0.754
39061,0.00529,0.998
39063,0.0354,0.788
39065,0.624,0.594
39067,0.489,0.722
39069,0.115,0.543
39071,0,0.982
39073,0.108,0.324
39075,0.258,0.254
39077,0.18,1
39079,0.293,1
39081,0.401,0.864
39083,0,0.499
39085,0,0.984
39087,0.315,1
39089,0.0731,0.632
39091,0.72,0.487
39093,0.0334,1
39095,0.841,0.993
39097,0.484,0.726
39099,0.000511,0.907
39101,0,0.739
39103,0.0217,0.594
39105,0.435,1
39107,0.0045,0.539
39109,0.00594,0.862
39111,0.519,0.998
39113,0.0201,0.948
39115,0.112,0.372
39117,0,0.217
39119,0.0977,0.807
39121,0.199,0.809
39123,0.205,1
39125,0.562,0.41
39127,0.428,0.769
39129,0.183,0.707
39131,0,0.918
39133,0.107,0.62
39135,0.163,0.518
39137,0.514,0.437
39139,0.569,0.725
39141,0.144,0.903
39143,0.00333,0.511
39145,0,1
39147,0.0521,0.712
39149,0.708,0.604
39151,0.0891,0.768
39153,0.854,0.813
39155,0.0534,0.752
39157,0.0702,0.668
39159,0.0768,0.46
39161,0.825,0.471
39163,0.111,0.255
39165,0.0446,0.85
39167,0.144,1
39169,0.075,0.503
39171,0.213,0.586
39173,0.181,0.829
39175,0,0.55
40001,0.626,0.678
40003,0.34,0.78
40005,1,0.779
40007,0.266,0.535
40009,0.131,0.918
40011,0.72,0.865
40013,0.939,0.861
40015,0.924,0.804
40017,0.663,0.459
40019,0.939,0.995
40021,0.808,0.718
40023,0.964,0.796
40025,0.825,0.787
40027,0.81,0.699
40029,0.945,0.762
40031,0.0929,1
40033,1,1
40035,0.777,1
40037,0.91,0.918
40039,0.43,0.842
40041,0.735,0.617
40043,0.48,0.586
40045,0.653,0.666
40047,0.832,0.991
40049,0.667,0.919
40051,0.909,0.608
40053,0.861,0.981
40055,0.799,1
40057,0.629,1
40059,0,0.763
40061,1,0.593
40063,0.613,0.939
40065,0.954,1
40067,0.907,1
40069,0.669,0.954
40071,0.323,1
40073,0.903,0.668
40075,0.463,0.911
40077,1,0.897
40079,0.862,0.971
40081,0.693,0.489
40083,0.867,0.532
40085,0,0.52
40087,0.289,0.586
40089,0.747,0.94
40091,1,1
40093,0.912,0.623
40095,1,1
40097,0.585,1
40099,0.381,1
40101,0.93,1
40103,0.74,0.944
40105,0.845,1
40107,1,0.853
40109,0.0714,1
40111,1,1
40113,0.683,0.731
40115,0.381,0.794
40117,0.726,0.854
40119,0.891,1
40121,1,1
40123,0.742,0.969
40125,0.885,0.673
40127,0.936,1
40129,1,0.733
40131,0.68,0.792
40133,0.541,0.693
40135,0.859,1
40137,0.933,0.894
40139,0.696,0.86
40141,1,1
40143,0.0718,0.997
40145,0.929,0.745
40147,0.97,0.872
40149,0.86,0.817
40151,0.915,0.864
40153,0.971,0.926
41001,0.0168,0.732
41003,0.0202,0.731
41005,0.176,0.864
41007,0.025,0.97
41009,0.278,0.719
41011,0.0208,0.746
41013,0.0392,0.607
41015,0.458,0.714
41017,0.00681,0.957
41019,0.204,0.763
41021,0,0.706
41023,0.183,0.594
41025,0.599,0.61
41027,0.0649,0.955
41029,0.00869,0.815
41031,0,0.814
41033,0.0136,0.484
41035,0.0502,0.705
41037,0.674,0.453
41039,0.0267,0.786
41041,0.0237,1
41043,0.0486,0.811
41045,0.0193,0.639
41047,0.0418,0.978
41049,0.0604,0.819
41051,0.799,1
41053,0.0529,0.595
41055,0.364,0.677
41057,0.184,1
41059,0.00666,0.78
41061,0,0.77
41063,0,0.655
41065,0.305,0.832
41067,0.00415,0.975
41069,0,0.517
41071,0.0509,0.815
42001,0.0228,0.464
42003,0.158,1
42005,0.113,0.69
42007,0.302,0.986
42009,0.279,0.396
42011,0.502,0.711
42013,0.63,0.812
42015,0.178,0.494
42017,0.16,0.852
42019,0.317,0.711
42021,0.461,1
42023,0,0.785
42025,0.172,0.685
42027,0.101,1
42029,0.103,0.482
42031,0.207,0.613
42033,0.0745,0.693
42035,0.459,0.793
42037,0.0416,0.809
42039,0.0278,0.48
42041,0.0646,0.897
42043,0.0163,0.921
42045,0.00168,0.258
42047,0.268,0.992
42049,0.0553,1
42051,0.632,1
42053,0,0.772
42055,0.0459,0.722
42057,0,0.163
42059,0.0915,1
42061,0.235,0.719
42063,0.0958,0.589
42065,0.13,0.611
42067,0.0485,0.41
42069,0.0137,0.742
42071,0.559,0.617
42073,0.0262,0.804
42075,0.682,0.592
42077,0.0715,0.692
42079,0.0537,0.834
42081,0.0577,0.693
42083,0.564,0.839
42085,0.0806,0.774
42087,0.0155,0.669
42089,0.26,0.555
42091,0.697,1
42093,0.952,0.29
42095,0.033,1
42097,0.133,0.944
42099,0.279,0.25
42101,0,0.999
42103,0.338,0.72
42105,0.378,0.579
42107,0.205,0.83
42109,0.0356,0.484
42111,0.0147,0.74
42113,0.42,0.214
42115,0.125,0.328
42117,0.204,0.614
42119,0.0745,0.134
42121,0.285,0.74
42123,0.105,0.614
42125,0.955,0.209
42127,0.183,0.474
42129,0.118,0.718
42131,0.0943,0.607
42133,0.596,0.771
44001,0,0.974
44003,0,1
44005,0.227,1
44007,0.00696,0.914
44009,0.271,1
45001,0.598,0.56
45003,0.366,0.86
45005,0,1
45007,0.185,1
45009,0.436,0.604
45011,0,0.512
45013,0.759,1
45015,0.000971,0.714
45017,0,0.402
45019,0.000712,1
45021,0.203,0.982
45023,0,0.486
45025,0.143,1
45027,0,0.509
45029,0.00565,0.473
45031,0,1
45033,0,1
45035,0.000628,1
45037,0,1
45039,0.122,1
45041,0,0.73
45043,0.166,1
45045,0.0062,0.999
45047,0.000582,0.843
45049,0,0.599
45051,0.0405,1
45053,0,0.102
45055,0,1
45057,0,1
45059,0.00059,1
45061,0,0.253
45063,0.0678,0.605
45065,1,1
45067,0,1
45069,0,0.799
45071,0.0992,0.66
45073,0.00833,1
45075,0,0.77
45077,0.0812,0.962
45079,0.903,0.944
45081,0.827,0.508
45083,0.47,1
45085,0.00285,0.842
45087,0.297,1
45089,0.569,0.584
45091,0.255,0.734
46003,0,0.711
46005,0.0156,0.809
46007,0,0.444
46009,0.339,0.953
46011,0,1
46013,0.596,1
46015,0.154,0.739
46017,0,0.0805
46019,0.0194,0.782
46021,0.399,0.757
46023,0,1
46025,0.109,0.61
46027,0.0192,0.959
46029,0.00798,1
46031,0.0646,0.186
46033,0.0853,0.431
46035,0,1
46037,0.0529,1
46039,0.0932,0.601
46041,0.782,0.979
46043,0,0.978
46045,0.0492,0.977
46047,0.123,0.929
46049,0,0.855
46051,0.0192,0.648
46053,0,0.74
46055,0.137,0.471
46057,0.503,0.618
46059,0.00762,1
46061,0.29,0.647
46063,0,0.264
46065,0,1
46067,0.241,0.877
46069,0,1
46071,0,0.194
46073,0.721,0.746
46075,0,1
46077,0,1
46079,0,0.996
46081,0.0302,0.883
46083,0.0284,0.508
46085,0,1
46087,0,1
46089,0.223,0.805
46091,0,0.906
46093,0.0674,0.81
46095,0.588,0.482
46097,0.095,0.408
46099,0.00577,1
46101,0.55,0.68
46102,0,0.102
46103,0.128,1
46105,0,0.683
46107,0,0.914
46109,0.127,0.515
46111,0,0.517
46115,0.0843,0.837
46117,0,1
46119,0,0.957
46121,0,0.198
46123,0.0741,0.776
46125,0.0864,1
46127,0,1
46129,0,1
46135,0.00723,0.95
46137,0.788,0.276
47001,0,1
47003,0.384,1
47005,0,0.753
47007,0.498,0.734
47009,0.34,1
47011,0,1
47013,0,1
47015,0,0.789
47017,0,0.704
47019,0.155,1
47021,0,1
47023,0,0.515
47025,0.0116,0.918
47027,0.419,1
47029,0,0.971
47031,0,1
47033,0,1
47035,0.0763,1
47037,0,1
47039,0,1
47041,0.363,1
47043,0,1
47045,0,0.99
47047,0,0.637
47049,0.702,1
47051,0,1
47053,0,0.84
47055,0.524,1
47057,0,0.53
47059,0.0675,1
47061,0.518,1
47063,0,1
47065,0,1
47067,0,0.457
47069,0,0.637
47071,0.243,1
47073,0.056,0.845
47075,0,0.849
47077,0,1
47079,0,0.758
47081,0,1
47083,0,1
47085,0,0.835
47087,0.355,0.95
47089,0,1
47091,0,0.616
47093,0,1
47095,0.439,0.669
47097,0,1
47099,0,1
47101,0,1
47103,0,1
47105,0,1
47107,0,1
47109,0,1
47111,0,1
47113,0,0.924
47115,0,0.976
47117,0,1
47119,0,1
47121,0,0.506
47123,0.00501,1
47125,0.135,1
47127,0,1
47129,0,0.574
47131,0,1
47133,0,1
47135,0,1
47137,1,1
47139,0,0.381
47141,0,1
47143,0.584,1
47145,0.346,1
47147,0.149,0.847
47149,0.262,1
47151,0,1
47153,0,0.872
47155,0,0.759
47157,0,0.885
47159,0.623,1
47161,0.551,0.88
47163,0.0786,1
47165,0,1
47167,0.0521,1
47169,1,0.91
47171,0,0.935
47173,0.419,0.956
47175,1,0.98
47177,0.433,1
47179,0.239,1
47181,0.323,0.785
47183,0,0.623
47185,0,1
47187,0.307,1
47189,0.117,1
48001,0.654,1
48003,1,0.771
48005,0.259,1
48007,0.739,0.791
48009,0.114,1
48011,0.897,0.786
48013,0.311,0.922
48015,0.347,0.675
48017,0.00578,0.752
48019,0.104,0.745
48021,0.11,1
48023,0,1
48025,0.96,0.685
48027,0.0421,1
48029,0.0219,1
48031,0.638,0.706
48033,1,0.439
48035,0.16,1
48037,0.118,1
48039,0.0772,0.99
48041,0.00391,1
48043,0.108,0.905
48045,1,0.804
48047,1,0.666
48049,0.0716,1
48051,0.416,0.907
48053,0.479,0.821
48055,0.343,1
48057,0.876,1
48059,0.934,1
48061,0.0431,1
48063,0.696,1
48065,0.227,0.715
48067,0.597,0.815
48069,0.248,0.793
48071,0.334,1
48073,0.558,1
48075,0.932,1
48077,0.472,0.86
48079,0.817,0.805
48081,0.578,0.758
48083,0.604,1
48085,0.0347,1
48087,0.938,0.899
48089,0.0604,0.656
48091,0.236,1
48093,1,0.807
48095,0.662,1
48097,0.162,1
48099,0.103,0.917
48101,1,0.852
48103,1,0.855
48105,0,1
48107,0.813,0.944
48109,0.983,0.959
48111,0.0515,1
48113,0.0175,1
48115,0.0543,0.83
48117,1,0.878
48119,0.294,1
48121,0.00384,0.893
48123,0.0188,0.9
48125,0,0.77
48127,0.181,1
48129,0.795,0.888
48131,0.984,1
48133,0.951,1
48135,0.00549,0.866
48137,0.144,1
48139,0.0593,1
48141,0.00779,1
48143,0.165,0.749
48145,0.793,1
48147,0.0498,1
48149,0.7,0.794
48151,1,1
48153,0.0123,0.755
48155,1,1
48157,0.0372,1
48159,0,1
48161,0.406,1
48163,0.321,0.797
48165,1,0.468
48167,0.176,1
48169,1,0.984
48171,0.123,0.563
48173,0,0.408
48175,0.613,0.396
48177,0.0194,1
48179,0.0687,0.949
48181,0.0778,1
48183,0.191,1
48185,0.583,0.792
48187,0.333,1
48189,0.0838,0.905
48191,0.841,1
48193,0.677,0.521
48195,0.0227,0.833
48197,0.883,1
48199,0.099,1
48201,0.528,1
48203,0.512,1
48205,0.586,0.119
48207,0.755,0.991
48209,0.386,1
48211,0,0.68
48213,0.295,1
48215,0.438,1
48217,0.347,1
48219,0.92,0.758
48221,0.298,1
48223,0.441,1
48225,0.577,1
48227,1,0.892
48229,0.33,1
48231,0.163,1
48233,0.11,1
48235,0.161,0.616
48237,0.166,0.623
48239,0.241,0.826
48241,0.303,0.946
48243,0.132,0.721
48245,0.424,0.99
48247,1,1
48249,0.142,0.647
48251,0.023,1
48253,0.156,0.883
48255,1,1
48257,0.174,1
48259,0.813,0.847
48261,0.867,0.742
48263,1,0.996
48265,0.518,0.966
48267,0.967,0.654
48269,1,1
48271,0,1
48273,0.127,1
48275,0.369,1
48277,0.11,1
48279,0.217,0.845
48281,0.382,1
48283,0.816,1
48285,0,0.281
48287,0.426,1
48289,0.791,1
48291,0.0307,1
48293,0.897,1
48295,0.279,0.835
48297,0.0126,0.736
48299,0.398,1
48301,1,1
48303,0.0203,0.976
48305,0.317,0.835
48307,1,0.831
48309,0.0465,1
48311,1,1
48313,0.254,0.941
48315,0.813,1
48317,1,0.518
48319,1,0.565
48321,0.814,1
48323,0.03,0.978
48325,0.183,1
48327,1,0.752
48329,0.985,0.985
48331,0.31,1
48333,0.869,0.475
48335,0.536,0.934
48337,0.211,0.638
48339,0.0948,1
48341,0.102,0.914
48343,0.34,0.816
48345,0.257,0.802
48347,0.136,1
48349,0.106,1
48351,0.506,0.817
48353,0.25,1
48355,0.0973,1
48357,0.0185,0.864
48359,0.0744,0.997
48361,0.597,0.869
48363,0.913,1
48365,0.771,1
48367,0.383,0.792
48369,0.599,0.817
48371,0.744,0.931
48373,0.33,1
48375,0.000382,1
48377,0.763,1
48379,0.993,1
48381,0.15,0.139
48383,0,0.881
48385,0.329,1
48387,0.429,1
48389,0.0321,1
48391,0.271,0.756
48393,0,0.598
48395,0,0.908
48397,0.253,1
48399,1,1
48401,0.7,1
48403,0.689,1
48405,0.753,0.867
48407,0.367,1
48409,0.901,0.988
48411,0.362,1
48413,0,0.643
48415,0.0537,0.749
48417,0.656,1
48419,0.429,1
48421,0.135,0.841
48423,0.47,1
48425,0.464,0.882
48427,0.957,1
48429,0.529,1
48431,0,0.648
48433,1,0.768
48435,1,0.823
48437,0.196,0.884
48439,0.0133,1
48441,0.0862,1
48443,1,1
48445,0.0839,0.799
48447,1,0.506
48449,0,1
48451,0.988,1
48453,0.832,1
48455,0.728,1
48457,0.425,1
48459,0.271,0.972
48461,1,0.567
48463,0.184,1
48465,0.0181,0.929
48467,0.187,0.932
48469,0.0737,0.81
48471,0.164,0.914
48473,0.306,0.977
48475,0.0673,0.96
48477,0.107,0.725
48479,1,1
48481,0.0211,0.642
48483,0.94,0.835
48485,0.0798,1
48487,0.937,0.992
48489,0.164,0.82
48491,0.295,1
48493,0.217,1
48495,1,0.97
48497,0.47,0.621
48499,0.0686,1
48501,0.198,0.894
48503,0.611,1
48505,0.889,1
48507,0.107,1
49001,0,0.822
49003,0.0264,1
49005,0.0114,0.97
49007,0.0738,0.971
49009,0,1
49011,0.194,1
49013,0.432,1
49015,0.00578,1
49017,0.129,1
49019,0.028,1
49021,0.81,1
49023,0,1
49025,0.0605,1
49027,0.192,0.803
49029,0.122,0.881
49031,0.164,0.979
49033,0.341,0.854
49035,0.0395,1
49037,0.518,0.536
49039,0.103,0.997
49041,0.022,0.948
49043,0.0186,0.959
49045,0,0.986
49047,0,0.916
49049,0.054,1
49051,0.023,1
49053,0.0164,1
49055,0.067,1
49057,0.0272,1
50001,0,0.584
50003,0.00936,0.824
50005,0.0371,0.491
50007,0.000835,0.854
50009,0,0.605
50011,0.48,0.456
50013,0.042,0.981
50015,0.0144,0.55
50017,0.029,0.34
50019,0.253,0.735
50021,0.0252,0.76
50023,0.152,0.818
50025,0.187,0.792
50027,0.0497,0.785
51001,0.166,0.365
51003,0,0.83
51005,0.298,0.859
51007,0,0.234
51009,0.00407,0.549
51011,0,0.122
51013,0,0.907
51015,0,0.556
51017,0,1
51019,0.00481,0.523
51021,0,0.361
51023,0.00556,0.38
51025,0.898,0.431
51027,0.991,0.981
51029,0.971,0.353
51031,0.0116,0.555
51033,0.0671,0.595
51035,0,0.477
51036,0.507,0.121
51037,0.228,0.305
51041,0,1
51043,0.738,0.429
51045,1,0.254
51047,0.00216,0.529
51049,0,0.213
51051,0.841,1
51053,0.00461,0.303
51057,0,0.321
51059,0,1
51061,0.00442,0.496
51063,0.937,0.159
51065,0,0.628
51067,0.0107,0.299
51069,0,0.58
51071,0.127,0.588
51073,0.0188,0.289
51075,0,0.495
51077,0.00756,0.216
51079,0.973,0.54
51081,0,0.635
51083,0,0.317
51085,0,0.611
51087,0,0.987
51089,0,0.596
51091,0,0.186
51093,0.0145,0.606
51095,0,0.755
51097,0,0.0515
51099,0.0242,0.925
51101,0,0.423
51103,0.0206,0.649
51105,0.0951,0.845
51107,0.00124,1
51109,0.487,0.328
51111,0.576,0.277
51113,0.469,0.148
51115,0.442,0.0506
51117,0,0.524
51119,0.101,0.372
51121,0.00124,0.726
51125,0.0788,0.762
51127,0,0.814
51131,0,0.541
51133,0.0049,0.483
51135,0.948,0.594
51137,0.638,0.575
51139,0.348,0.507
51141,0,0.125
51143,0.268,0.253
51145,0,0.169
51147,0,0.434
51149,0,0.935
51153,0.0465,0.848
51155,0.365,0.784
51157,1,0.027
51159,0,0.416
51161,0,0.014
51163,0,0.35
51165,0.04,0.547
51167,0,0.717
51169,0.0836,0.737
51171,0.532,0.569
51173,0,0.845
51175,0.17,0.479
51177,0.0273,0.705
51179,0,0.792
51181,0,0.221
51183,0,0.681
51185,0,0.811
51187,0.00932,0.448
51191,0,0.892
51193,0,0.758
51195,0.358,1
51197,0.538,0.579
51199,0,0.111
53001,0.0139,0.766
53003,0,1
53005,0.0107,1
53007,0.0021,1
53009,0.0128,1
53011,0.00491,1
53013,0,0.892
53015,0.000598,1
53017,0,0.856
53019,0.274,0.507
53021,0.0159,1
53023,0.0244,0.646
53025,0.0803,0.912
53027,0.0667,1
53029,0.068,1
53031,0.0154,1
53033,0.00342,1
53035,0.0108,1
53037,0.000785,0.806
53039,0.244,0.736
53041,0.0281,0.803
53043,0,0.824
53045,0.00378,0.863
53047,0.053,0.741
53049,0.084,1
53051,0,0.694
53053,0.00153,1
53055,0.275,0.866
53057,0.01,1
53059,0.0156,0.918
53061,0.000451,1
53063,0.00374,1
53065,0.015,0.621
53067,0.00615,1
53069,0,0.819
53071,0.015,1
53073,0.0865,1
53075,0,1
53077,0.0862,0.967
54001,0.235,0.976
54003,0.00409,0.771
54007,0.289,0.901
54009,0.896,1
54011,0,1
54013,1,0.629
54015,0.233,0.658
54017,0.0247,0.249
54019,0.254,0.929
54021,0,0.74
54023,0.179,1
54025,0.805,0.857
54027,0.448,0.286
54029,0.728,0.473
54031,0.1,0.551
54033,0.29,0.952
54035,0.225,0.808
54037,0.815,0.536
54039,0.0619,1
54041,0,0.939
54043,1,0.588
54045,0.868,1
54047,0.953,0.767
54049,0.178,1
54051,0.512,0.945
54053,0.606,0.96
54055,0.277,0.527
54057,0.769,0.751
54059,0.996,0.653
54061,0.0973,0.775
54063,0.885,0.531
54065,0.856,0.284
54067,0.517,1
54069,0.704,1
54071,0,0.505
54073,0,0.794
54075,0.859,0.69
54077,0.213,0.858
54079,0,0.618
54081,0.27,0.967
54083,0.257,0.899
54085,1,0.554
54087,0.324,0.592
54089,0.0616,1
54091,0.222,0.998
54093,0.732,0.821
54095,0.45,0.847
54097,0,0.919
54099,0.702,0.85
54101,1,0.44
54103,0.298,0.911
54105,0,0.442
54107,0.561,1
54109,0.997,0.651
55001,0.00999,0.364
55003,0.844,0.613
55005,0.0388,0.454
55007,0.668,0.267
55009,0.206,0.889
55011,0.647,0.363
55013,0.0828,0.209
55015,0.391,0.412
55017,0.331,0.473
55019,0.249,0.29
55021,0.422,0.656
55023,0.147,0.565
55025,0.762,0.875
55027,0.302,0.585
55029,0,0.373
55031,0.995,0.599
55033,0.0929,0.467
55035,0.149,0.811
55037,0.0234,0.281
55039,0.896,0.63
55041,0.809,0.43
55043,0.184,0.667
55045,0.175,0.63
55047,0.235,0.485
55049,0.458,0.571
55051,0.362,0.581
55053,0.521,0.434
55055,0.293,0.726
55057,0.643,0.458
55059,0.102,0.699
55061,0.321,0.431
55063,0.121,0.763
55065,0.544,0.474
55067,0.97,0.433
55069,0.973,0.471
55071,0.263,0.704
55073,0.214,0.671
55075,0.0674,0.455
55077,0.877,0.0974
55079,0.034,1
55081,0.315,0.718
55083,0.848,0.263
55085,0.956,0.316
55087,0.151,0.916
55089,0.0579,0.707
55091,0.297,0.375
55093,0.885,0.634
55095,0.411,0.352
55097,0.0252,0.63
55099,0.277,0.39
55101,0.22,0.771
55103,0.804,0.409
55105,0.0559,0.767
55107,0.212,0.344
55109,0.49,0.482
55111,0.151,0.617
55113,0.174,0.215
55115,0.0826,0.5
55117,0.00746,0.756
55119,0.256,0.325
55121,0.221,0.548
55123,0.517,0.417
55125,0.618,0.139
55127,0.291,0.663
55129,0.284,0.295
55131,0.384,0.642
55133,0.519,0.611
55135,0.421,0.49
55137,0.0666,0.257
55139,0.195,0.821
55141,0.00212,0.618
56001,0.0108,0.941
56003,0.0503,0.791
56005,0.0154,1
56007,0.851,0.944
56009,0.238,0.754
56011,0.311,0.477
56013,0.926,0.581
56015,0.0296,0.718
56017,0.0268,0.892
56019,0.909,0.576
56021,0.0217,0.853
56023,0.626,0.814
56025,0.0603,0.961
56027,0.0262,0.706
56029,0.0121,0.936
56031,0.696,0.647
56033,0.0263,0.842
56035,0.238,0.44
56037,0.0382,1
56039,0.294,1
56041,0.113,0.905
56043,0,0.809
56045,0.0558,0.903
60010,0.974,1
60020,0.376,0.844
60050,0,0.0185
66010,0.183,1
72001,0.284,0.754
72003,0.993,0.949
72005,1,0.876
72007,1,0.726
72009,0.0261,0.977
72011,1,1
72013,0.544,1
72015,1,0.708
72017,0,0.833
72019,1,0.753
72021,1,1
72023,1,0.432
72025,0.455,0.692
72027,0.522,0.252
72029,1,0.0249
72031,0.97,0.00533
72035,0.966,1
72037,1,0.0366
72039,0.0223,0.808
72041,0.0314,0.89
72043,0.282,0.117
72045,1,0.899
72047,0.154,0.722
72051,0,1
72053,0.00174,1
72054,0,0.89
72055,0,1
72057,0.929,0.77
72059,0.0329,0.558
72061,0.0199,0.073
72063,0,0.628
72065,1,0.905
72067,0,0.679
72069,0,0.525
72071,0.0947,1
72073,0.422,0.906
72075,0.15,0.496
72077,1,1
72079,0,1
72081,0.588,1
72083,1,0.21
72085,0.996,1
72087,0,0.04
72089,0.913,0.556
72091,0.000643,1
72093,0.174,1
72095,0.0517,0.937
72097,0.887,1
72099,0.892,0.983
72101,0.991,0.766
72103,0.804,1
72105,0.518,0.386
72107,0.884,1
72109,0.0698,1
72111,0.973,1
72113,0.874,0.962
72115,0,1
72117,1,0.856
72119,1,1
72121,0.87,1
72123,0,1
72125,0.206,0.21
72127,1,1
72129,0.813,0.945
72131,0.156,0.851
72133,0,1
72135,1,1
72139,1,0.00187
72141,0.296,0.916
72143,0,0.04
72145,0,0.925
72147,1,1
72149,0.736,1
72151,0.278,0.898
72153,0.0734,1
78010,0.981,1
78020,1,0.00644
78030,0.992,0.939
